{"subjects":[
{"uri": "tanach-rashi", "titles":[{"title":"﻿פירוש רשי על התורה"}]},
{"uri": "tanach-ramban", "titles":[{"title":"פירוש רמבן על התורה"}]},
{"uri": "tanach-ibnezra", "titles":[{"title":"פירוש רבי אברהם אבן עזרא על התורה"}]},
{"uri": "tanach-onkelos", "titles":[{"title":"פירוש אונקלוס על התורה"}]},
{"uri": "tanach-rasag", "titles":[{"title":"פירוש רבינו סעדיה גאון על התורה"}]},
{"uri": "mishnetorah", "titles":[{"title":"﻿משנה תורה להרמבם"}]},
{"uri": "morenevochim", "titles":[{"title":"מורה הנבוכים להרמבם"}]},
{"uri": "mishnetorah-raabad", "titles":[{"title":"﻿השגות הראבד"}]}
]
}