{"subjects":[{"uri":"jbr:tanach-32-1-1","jbo:text":"איכה ישבה בדד העיר רבתי עם היתה כאלמנה רבתי בגוים שרתי במדינות היתה למס","jbo:textNikud":"אֵיכָה יָשְׁבָה בָדָד הָעִיר רַבָּתִי עָם הָיְתָה כְּאַלְמָנָה רַבָּתִי בַגּוֹיִם שָׂרָתִי בַּמְּדִינוֹת הָיְתָה לָמַס","rdfs:label":"איכה א א","jbo:sefer":"jbr:tanach-32","titles":[{"title":"איכה א א"},{"title":"איכה פרק א פסוק א"}]},{"uri":"jbr:tanach-32-1-2","jbo:text":"בכו תבכה בלילה ודמעתה על לחיה אין לה מנחם מכל אהביה כל רעיה בגדו בה היו לה לאיבים","jbo:textNikud":"בָּכוֹ תִבְכֶּה בַּלַּיְלָה וְדִמְעָתָהּ עַל לֶחֱיָהּ אֵין לָהּ מְנַחֵם מִכָּל אֹהֲבֶיהָ כָּל רֵעֶיהָ בָּגְדוּ בָהּ הָיוּ לָהּ לְאֹיְבִים","rdfs:label":"איכה א ב","jbo:sefer":"jbr:tanach-32","titles":[{"title":"איכה א ב"},{"title":"איכה פרק א פסוק ב"}]},{"uri":"jbr:tanach-32-1-3","jbo:text":"גלתה יהודה מעני ומרב עבדה היא ישבה בגוים לא מצאה מנוח כל רדפיה השיגוה בין המצרים","jbo:textNikud":"גָּלְתָה יְהוּדָה מֵעֹנִי וּמֵרֹב עֲבֹדָה הִיא יָשְׁבָה בַגּוֹיִם לֹא מָצְאָה מָנוֹחַ כָּל רֹדְפֶיהָ הִשִּׂיגוּהָ בֵּין הַמְּצָרִים","rdfs:label":"איכה א ג","jbo:sefer":"jbr:tanach-32","titles":[{"title":"איכה א ג"},{"title":"איכה פרק א פסוק ג"}]},{"uri":"jbr:tanach-32-1-4","jbo:text":"דרכי ציון אבלות מבלי באי מועד כל שעריה שוממין כהניה נאנחים בתולתיה נוגות והיא מר לה","jbo:textNikud":"דַּרְכֵי צִיּוֹן אֲבֵלוֹת מִבְּלִי בָּאֵי מוֹעֵד כָּל שְׁעָרֶיהָ שׁוֹמֵמִין כֹּהֲנֶיהָ נֶאֱנָחִים בְּתוּלֹתֶיהָ נּוּגוֹת וְהִיא מַר לָהּ","rdfs:label":"איכה א ד","jbo:sefer":"jbr:tanach-32","titles":[{"title":"איכה א ד"},{"title":"איכה פרק א פסוק ד"}]},{"uri":"jbr:tanach-32-1-5","jbo:text":"היו צריה לראש איביה שלו כי יהוה הוגה על רב פשעיה עולליה הלכו שבי לפני צר","jbo:textNikud":"הָיוּ צָרֶיהָ לְרֹאשׁ אֹיְבֶיהָ שָׁלוּ כִּי יְהוָה הוֹגָהּ עַל רֹב פְּשָׁעֶיהָ עוֹלָלֶיהָ הָלְכוּ שְׁבִי לִפְנֵי צָר","rdfs:label":"איכה א ה","jbo:sefer":"jbr:tanach-32","titles":[{"title":"איכה א ה"},{"title":"איכה פרק א פסוק ה"}]},{"uri":"jbr:tanach-32-1-6","jbo:text":"ויצא (מן) (בת) מבת ציון כל הדרה היו שריה כאילים לא מצאו מרעה וילכו בלא כח לפני רודף","jbo:textNikud":"וַיֵּצֵא (מן) (בת) מִבַּת צִיּוֹן כָּל הֲדָרָהּ הָיוּ שָׂרֶיהָ כְּאַיָּלִים לֹא מָצְאוּ מִרְעֶה וַיֵּלְכוּ בְלֹא כֹחַ לִפְנֵי רוֹדֵף","rdfs:label":"איכה א ו","jbo:sefer":"jbr:tanach-32","titles":[{"title":"איכה א ו"},{"title":"איכה פרק א פסוק ו"}]},{"uri":"jbr:tanach-32-1-7","jbo:text":"זכרה ירושלם ימי עניה ומרודיה כל מחמדיה אשר היו מימי קדם בנפל עמה ביד צר ואין עוזר לה ראוה צרים שחקו על משבתה","jbo:textNikud":"זָכְרָה יְרוּשָׁלִַם יְמֵי עָנְיָהּ וּמְרוּדֶיהָ כֹּל מַחֲמֻדֶיהָ אֲשֶׁר הָיוּ מִימֵי קֶדֶם בִּנְפֹל עַמָּהּ בְּיַד צָר וְאֵין עוֹזֵר לָהּ רָאוּהָ צָרִים שָׂחֲקוּ עַל מִשְׁבַּתֶּהָ","rdfs:label":"איכה א ז","jbo:sefer":"jbr:tanach-32","titles":[{"title":"איכה א ז"},{"title":"איכה פרק א פסוק ז"}]},{"uri":"jbr:tanach-32-1-8","jbo:text":"חטא חטאה ירושלם על כן לנידה היתה כל מכבדיה הזילוה כי ראו ערותה גם היא נאנחה ותשב אחור","jbo:textNikud":"חֵטְא חָטְאָה יְרוּשָׁלִַם עַל כֵּן לְנִידָה הָיָתָה כָּל מְכַבְּדֶיהָ הִזִּילוּהָ כִּי רָאוּ עֶרְוָתָהּ גַּם הִיא נֶאֶנְחָה וַתָּשָׁב אָחוֹר","rdfs:label":"איכה א ח","jbo:sefer":"jbr:tanach-32","titles":[{"title":"איכה א ח"},{"title":"איכה פרק א פסוק ח"}]},{"uri":"jbr:tanach-32-1-9","jbo:text":"טמאתה בשוליה לא זכרה אחריתה ותרד פלאים אין מנחם לה ראה יהוה את עניי כי הגדיל אויב","jbo:textNikud":"טֻמְאָתָהּ בְּשׁוּלֶיהָ לֹא זָכְרָה אַחֲרִיתָהּ וַתֵּרֶד פְּלָאִים אֵין מְנַחֵם לָהּ רְאֵה יְהוָה אֶת עָנְיִי כִּי הִגְדִּיל אוֹיֵב","rdfs:label":"איכה א ט","jbo:sefer":"jbr:tanach-32","titles":[{"title":"איכה א ט"},{"title":"איכה פרק א פסוק ט"}]},{"uri":"jbr:tanach-32-1-10","jbo:text":"ידו פרש צר על כל מחמדיה כי ראתה גוים באו מקדשה אשר צויתה לא יבאו בקהל לך","jbo:textNikud":"יָדוֹ פָּרַשׂ צָר עַל כָּל מַחֲמַדֶּיהָ כִּי רָאֲתָה גוֹיִם בָּאוּ מִקְדָּשָׁהּ אֲשֶׁר צִוִּיתָה לֹא יָבֹאוּ בַקָּהָל לָךְ","rdfs:label":"איכה א י","jbo:sefer":"jbr:tanach-32","titles":[{"title":"איכה א י"},{"title":"איכה פרק א פסוק י"}]},{"uri":"jbr:tanach-32-1-11","jbo:text":"כל עמה נאנחים מבקשים לחם נתנו (מחמודיהם) מחמדיהם באכל להשיב נפש ראה יהוה והביטה כי הייתי זוללה","jbo:textNikud":"כָּל עַמָּהּ נֶאֱנָחִים מְבַקְשִׁים לֶחֶם נָתְנוּ (מחמודיהם) מַחֲמַדֵּיהֶם בְּאֹכֶל לְהָשִׁיב נָפֶשׁ רְאֵה יְהוָה וְהַבִּיטָה כִּי הָיִיתִי זוֹלֵלָה","rdfs:label":"איכה א יא","jbo:sefer":"jbr:tanach-32","titles":[{"title":"איכה א יא"},{"title":"איכה פרק א פסוק יא"}]},{"uri":"jbr:tanach-32-1-12","jbo:text":"לוא אליכם כל עברי דרך הביטו וראו אם יש מכאוב כמכאבי אשר עולל לי אשר הוגה יהוה ביום חרון אפו","jbo:textNikud":"לוֹא אֲלֵיכֶם כָּל עֹבְרֵי דֶרֶךְ הַבִּיטוּ וּרְאוּ אִם יֵשׁ מַכְאוֹב כְּמַכְאֹבִי אֲשֶׁר עוֹלַל לִי אֲשֶׁר הוֹגָה יְהוָה בְּיוֹם חֲרוֹן אַפּוֹ","rdfs:label":"איכה א יב","jbo:sefer":"jbr:tanach-32","titles":[{"title":"איכה א יב"},{"title":"איכה פרק א פסוק יב"}]},{"uri":"jbr:tanach-32-1-13","jbo:text":"ממרום שלח אש בעצמתי וירדנה פרש רשת לרגלי השיבני אחור נתנני שממה כל היום דוה","jbo:textNikud":"מִמָּרוֹם שָׁלַח אֵשׁ בְּעַצְמֹתַי וַיִּרְדֶּנָּה פָּרַשׂ רֶשֶׁת לְרַגְלַי הֱשִׁיבַנִי אָחוֹר נְתָנַנִי שֹׁמֵמָה כָּל הַיּוֹם דָּוָה","rdfs:label":"איכה א יג","jbo:sefer":"jbr:tanach-32","titles":[{"title":"איכה א יג"},{"title":"איכה פרק א פסוק יג"}]},{"uri":"jbr:tanach-32-1-14","jbo:text":"נשקד על פשעי בידו ישתרגו עלו על צוארי הכשיל כחי נתנני אדני בידי לא אוכל קום","jbo:textNikud":"נִשְׂקַד עֹל פְּשָׁעַי בְּיָדוֹ יִשְׂתָּרְגוּ עָלוּ עַל צַוָּארִי הִכְשִׁיל כֹּחִי נְתָנַנִי אֲדֹנָי בִּידֵי לֹא אוּכַל קוּם","rdfs:label":"איכה א יד","jbo:sefer":"jbr:tanach-32","titles":[{"title":"איכה א יד"},{"title":"איכה פרק א פסוק יד"}]},{"uri":"jbr:tanach-32-1-15","jbo:text":"סלה כל אבירי אדני בקרבי קרא עלי מועד לשבר בחורי גת דרך אדני לבתולת בת יהודה","jbo:textNikud":"סִלָּה כָל אַבִּירַי אֲדֹנָי בְּקִרְבִּי קָרָא עָלַי מוֹעֵד לִשְׁבֹּר בַּחוּרָי גַּת דָּרַךְ אֲדֹנָי לִבְתוּלַת בַּת יְהוּדָה","rdfs:label":"איכה א טו","jbo:sefer":"jbr:tanach-32","titles":[{"title":"איכה א טו"},{"title":"איכה פרק א פסוק טו"}]},{"uri":"jbr:tanach-32-1-16","jbo:text":"על אלה אני בוכיה עיני עיני ירדה מים כי רחק ממני מנחם משיב נפשי היו בני שוממים כי גבר אויב","jbo:textNikud":"עַל אֵלֶּה אֲנִי בוֹכִיָּה עֵינִי עֵינִי יֹרְדָה מַּיִם כִּי רָחַק מִמֶּנִּי מְנַחֵם מֵשִׁיב נַפְשִׁי הָיוּ בָנַי שׁוֹמֵמִים כִּי גָבַר אוֹיֵב","rdfs:label":"איכה א טז","jbo:sefer":"jbr:tanach-32","titles":[{"title":"איכה א טז"},{"title":"איכה פרק א פסוק טז"}]},{"uri":"jbr:tanach-32-1-17","jbo:text":"פרשה ציון בידיה אין מנחם לה צוה יהוה ליעקב סביביו צריו היתה ירושלם לנדה ביניהם","jbo:textNikud":"פֵּרְשָׂה צִיּוֹן בְּיָדֶיהָ אֵין מְנַחֵם לָהּ צִוָּה יְהוָה לְיַעֲקֹב סְבִיבָיו צָרָיו הָיְתָה יְרוּשָׁלִַם לְנִדָּה בֵּינֵיהֶם","rdfs:label":"איכה א יז","jbo:sefer":"jbr:tanach-32","titles":[{"title":"איכה א יז"},{"title":"איכה פרק א פסוק יז"}]},{"uri":"jbr:tanach-32-1-18","jbo:text":"צדיק הוא יהוה כי פיהו מריתי שמעו נא כל (עמים) העמים וראו מכאבי בתולתי ובחורי הלכו בשבי","jbo:textNikud":"צַדִּיק הוּא יְהוָה כִּי פִיהוּ מָרִיתִי שִׁמְעוּ נָא כָל (עמים) הָעַמִּים וּרְאוּ מַכְאֹבִי בְּתוּלֹתַי וּבַחוּרַי הָלְכוּ בַשֶּׁבִי","rdfs:label":"איכה א יח","jbo:sefer":"jbr:tanach-32","titles":[{"title":"איכה א יח"},{"title":"איכה פרק א פסוק יח"}]},{"uri":"jbr:tanach-32-1-19","jbo:text":"קראתי למאהבי המה רמוני כהני וזקני בעיר גועו כי בקשו אכל למו וישיבו את נפשם","jbo:textNikud":"קָרָאתִי לַמְאַהֲבַי הֵמָּה רִמּוּנִי כֹּהֲנַי וּזְקֵנַי בָּעִיר גָּוָעוּ כִּי בִקְשׁוּ אֹכֶל לָמוֹ וְיָשִׁיבוּ אֶת נַפְשָׁם","rdfs:label":"איכה א יט","jbo:sefer":"jbr:tanach-32","titles":[{"title":"איכה א יט"},{"title":"איכה פרק א פסוק יט"}]},{"uri":"jbr:tanach-32-1-20","jbo:text":"ראה יהוה כי צר לי מעי חמרמרו נהפך לבי בקרבי כי מרו מריתי מחוץ שכלה חרב בבית כמות","jbo:textNikud":"רְאֵה יְהוָה כִּי צַר לִי מֵעַי חֳמַרְמָרוּ נֶהְפַּךְ לִבִּי בְּקִרְבִּי כִּי מָרוֹ מָרִיתִי מִחוּץ שִׁכְּלָה חֶרֶב בַּבַּיִת כַּמָּוֶת","rdfs:label":"איכה א כ","jbo:sefer":"jbr:tanach-32","titles":[{"title":"איכה א כ"},{"title":"איכה פרק א פסוק כ"}]},{"uri":"jbr:tanach-32-1-21","jbo:text":"שמעו כי נאנחה אני אין מנחם לי כל איבי שמעו רעתי ששו כי אתה עשית הבאת יום קראת ויהיו כמוני","jbo:textNikud":"שָׁמְעוּ כִּי נֶאֱנָחָה אָנִי אֵין מְנַחֵם לִי כָּל אֹיְבַי שָׁמְעוּ רָעָתִי שָׂשׂוּ כִּי אַתָּה עָשִׂיתָ הֵבֵאתָ יוֹם קָרָאתָ וְיִהְיוּ כָמוֹנִי","rdfs:label":"איכה א כא","jbo:sefer":"jbr:tanach-32","titles":[{"title":"איכה א כא"},{"title":"איכה פרק א פסוק כא"}]},{"uri":"jbr:tanach-32-1-22","jbo:text":"תבא כל רעתם לפניך ועולל למו כאשר עוללת לי על כל פשעי כי רבות אנחתי ולבי דוי","jbo:textNikud":"תָּבֹא כָל רָעָתָם לְפָנֶיךָ וְעוֹלֵל לָמוֹ כַּאֲשֶׁר עוֹלַלְתָּ לִי עַל כָּל פְּשָׁעָי כִּי רַבּוֹת אַנְחֹתַי וְלִבִּי דַוָּי","rdfs:label":"איכה א כב","jbo:sefer":"jbr:tanach-32","titles":[{"title":"איכה א כב"},{"title":"איכה פרק א פסוק כב"}]},{"uri":"jbr:tanach-32-2-1","jbo:text":"איכה יעיב באפו אדני את בת ציון השליך משמים ארץ תפארת ישראל ולא זכר הדם רגליו ביום אפו","jbo:textNikud":"אֵיכָה יָעִיב בְּאַפּוֹ אֲדֹנָי אֶת בַּת צִיּוֹן הִשְׁלִיךְ מִשָּׁמַיִם אֶרֶץ תִּפְאֶרֶת יִשְׂרָאֵל וְלֹא זָכַר הֲדֹם רַגְלָיו בְּיוֹם אַפּוֹ","rdfs:label":"איכה ב א","jbo:sefer":"jbr:tanach-32","titles":[{"title":"איכה ב א"},{"title":"איכה פרק ב פסוק א"}]},{"uri":"jbr:tanach-32-2-2","jbo:text":"בלע אדני (לא) ולא חמל את כל נאות יעקב הרס בעברתו מבצרי בת יהודה הגיע לארץ חלל ממלכה ושריה","jbo:textNikud":"בִּלַּע אֲדֹנָי (לא) וְלֹא חָמַל אֵת כָּל נְאוֹת יַעֲקֹב הָרַס בְּעֶבְרָתוֹ מִבְצְרֵי בַת יְהוּדָה הִגִּיעַ לָאָרֶץ חִלֵּל מַמְלָכָה וְשָׂרֶיהָ","rdfs:label":"איכה ב ב","jbo:sefer":"jbr:tanach-32","titles":[{"title":"איכה ב ב"},{"title":"איכה פרק ב פסוק ב"}]},{"uri":"jbr:tanach-32-2-3","jbo:text":"גדע בחרי אף כל קרן ישראל השיב אחור ימינו מפני אויב ויבער ביעקב כאש להבה אכלה סביב","jbo:textNikud":"גָּדַע בָּחֳרִי אַף כֹּל קֶרֶן יִשְׂרָאֵל הֵשִׁיב אָחוֹר יְמִינוֹ מִפְּנֵי אוֹיֵב וַיִּבְעַר בְּיַעֲקֹב כְּאֵשׁ לֶהָבָה אָכְלָה סָבִיב","rdfs:label":"איכה ב ג","jbo:sefer":"jbr:tanach-32","titles":[{"title":"איכה ב ג"},{"title":"איכה פרק ב פסוק ג"}]},{"uri":"jbr:tanach-32-2-4","jbo:text":"דרך קשתו כאויב נצב ימינו כצר ויהרג כל מחמדי עין באהל בת ציון שפך כאש חמתו","jbo:textNikud":"דָּרַךְ קַשְׁתּוֹ כְּאוֹיֵב נִצָּב יְמִינוֹ כְּצָר וַיַּהֲרֹג כֹּל מַחֲמַדֵּי עָיִן בְּאֹהֶל בַּת צִיּוֹן שָׁפַךְ כָּאֵשׁ חֲמָתוֹ","rdfs:label":"איכה ב ד","jbo:sefer":"jbr:tanach-32","titles":[{"title":"איכה ב ד"},{"title":"איכה פרק ב פסוק ד"}]},{"uri":"jbr:tanach-32-2-5","jbo:text":"היה אדני כאויב בלע ישראל בלע כל ארמנותיה שחת מבצריו וירב בבת יהודה תאניה ואניה","jbo:textNikud":"הָיָה אֲדֹנָי כְּאוֹיֵב בִּלַּע יִשְׂרָאֵל בִּלַּע כָּל אַרְמְנוֹתֶיהָ שִׁחֵת מִבְצָרָיו וַיֶּרֶב בְּבַת יְהוּדָה תַּאֲנִיָּה וַאֲנִיָּה","rdfs:label":"איכה ב ה","jbo:sefer":"jbr:tanach-32","titles":[{"title":"איכה ב ה"},{"title":"איכה פרק ב פסוק ה"}]},{"uri":"jbr:tanach-32-2-6","jbo:text":"ויחמס כגן שכו שחת מועדו שכח יהוה בציון מועד ושבת וינאץ בזעם אפו מלך וכהן","jbo:textNikud":"וַיַּחְמֹס כַּגַּן שֻׂכּוֹ שִׁחֵת מוֹעֲדוֹ שִׁכַּח יְהוָה בְּצִיּוֹן מוֹעֵד וְשַׁבָּת וַיִּנְאַץ בְּזַעַם אַפּוֹ מֶלֶךְ וְכֹהֵן","rdfs:label":"איכה ב ו","jbo:sefer":"jbr:tanach-32","titles":[{"title":"איכה ב ו"},{"title":"איכה פרק ב פסוק ו"}]},{"uri":"jbr:tanach-32-2-7","jbo:text":"זנח אדני מזבחו נאר מקדשו הסגיר ביד אויב חומת ארמנותיה קול נתנו בבית יהוה כיום מועד","jbo:textNikud":"זָנַח אֲדֹנָי מִזְבְּחוֹ נִאֵר מִקְדָּשׁוֹ הִסְגִּיר בְּיַד אוֹיֵב חוֹמֹת אַרְמְנוֹתֶיהָ קוֹל נָתְנוּ בְּבֵית יְהוָה כְּיוֹם מוֹעֵד","rdfs:label":"איכה ב ז","jbo:sefer":"jbr:tanach-32","titles":[{"title":"איכה ב ז"},{"title":"איכה פרק ב פסוק ז"}]},{"uri":"jbr:tanach-32-2-8","jbo:text":"חשב יהוה להשחית חומת בת ציון נטה קו לא השיב ידו מבלע ויאבל חל וחומה יחדו אמללו","jbo:textNikud":"חָשַׁב יְהוָה לְהַשְׁחִית חוֹמַת בַּת צִיּוֹן נָטָה קָו לֹא הֵשִׁיב יָדוֹ מִבַּלֵּעַ וַיַּאֲבֶל חֵל וְחוֹמָה יַחְדָּו אֻמְלָלוּ","rdfs:label":"איכה ב ח","jbo:sefer":"jbr:tanach-32","titles":[{"title":"איכה ב ח"},{"title":"איכה פרק ב פסוק ח"}]},{"uri":"jbr:tanach-32-2-9","jbo:text":"טבעו בארץ שעריה אבד ושבר בריחיה מלכה ושריה בגוים אין תורה גם נביאיה לא מצאו חזון מיהוה","jbo:textNikud":"טָבְעוּ בָאָרֶץ שְׁעָרֶיהָ אִבַּד וְשִׁבַּר בְּרִיחֶיהָ מַלְכָּהּ וְשָׂרֶיהָ בַגּוֹיִם אֵין תּוֹרָה גַּם נְבִיאֶיהָ לֹא מָצְאוּ חָזוֹן מֵיְהוָה","rdfs:label":"איכה ב ט","jbo:sefer":"jbr:tanach-32","titles":[{"title":"איכה ב ט"},{"title":"איכה פרק ב פסוק ט"}]},{"uri":"jbr:tanach-32-2-10","jbo:text":"ישבו לארץ ידמו זקני בת ציון העלו עפר על ראשם חגרו שקים הורידו לארץ ראשן בתולת ירושלם","jbo:textNikud":"יֵשְׁבוּ לָאָרֶץ יִדְּמוּ זִקְנֵי בַת צִיּוֹן הֶעֱלוּ עָפָר עַל רֹאשָׁם חָגְרוּ שַׂקִּים הוֹרִידוּ לָאָרֶץ רֹאשָׁן בְּתוּלֹת יְרוּשָׁלִָם","rdfs:label":"איכה ב י","jbo:sefer":"jbr:tanach-32","titles":[{"title":"איכה ב י"},{"title":"איכה פרק ב פסוק י"}]},{"uri":"jbr:tanach-32-2-11","jbo:text":"כלו בדמעות עיני חמרמרו מעי נשפך לארץ כבדי על שבר בת עמי בעטף עולל ויונק ברחבות קריה","jbo:textNikud":"כָּלוּ בַדְּמָעוֹת עֵינַי חֳמַרְמְרוּ מֵעַי נִשְׁפַּךְ לָאָרֶץ כְּבֵדִי עַל שֶׁבֶר בַּת עַמִּי בֵּעָטֵף עוֹלֵל וְיוֹנֵק בִּרְחֹבוֹת קִרְיָה","rdfs:label":"איכה ב יא","jbo:sefer":"jbr:tanach-32","titles":[{"title":"איכה ב יא"},{"title":"איכה פרק ב פסוק יא"}]},{"uri":"jbr:tanach-32-2-12","jbo:text":"לאמתם יאמרו איה דגן ויין בהתעטפם כחלל ברחבות עיר בהשתפך נפשם אל חיק אמתם","jbo:textNikud":"לְאִמֹּתָם יֹאמְרוּ אַיֵּה דָּגָן וָיָיִן בְּהִתְעַטְּפָם כֶּחָלָל בִּרְחֹבוֹת עִיר בְּהִשְׁתַּפֵּךְ נַפְשָׁם אֶל חֵיק אִמֹּתָם","rdfs:label":"איכה ב יב","jbo:sefer":"jbr:tanach-32","titles":[{"title":"איכה ב יב"},{"title":"איכה פרק ב פסוק יב"}]},{"uri":"jbr:tanach-32-2-13","jbo:text":"מה אעידך מה אדמה לך הבת ירושלם מה אשוה לך ואנחמך בתולת בת ציון כי גדול כים שברך מי ירפא לך","jbo:textNikud":"מָה אֲעִידֵךְ מָה אֲדַמֶּה לָּךְ הַבַּת יְרוּשָׁלִַם מָה אַשְׁוֶה לָּךְ וַאֲנַחֲמֵךְ בְּתוּלַת בַּת צִיּוֹן כִּי גָדוֹל כַּיָּם שִׁבְרֵךְ מִי יִרְפָּא לָךְ","rdfs:label":"איכה ב יג","jbo:sefer":"jbr:tanach-32","titles":[{"title":"איכה ב יג"},{"title":"איכה פרק ב פסוק יג"}]},{"uri":"jbr:tanach-32-2-14","jbo:text":"נביאיך חזו לך שוא ותפל ולא גלו על עונך להשיב (שביתך) שבותך ויחזו לך משאות שוא ומדוחים","jbo:textNikud":"נְבִיאַיִךְ חָזוּ לָךְ שָׁוְא וְתָפֵל וְלֹא גִלּוּ עַל עֲוֹנֵךְ לְהָשִׁיב (שביתך) שְׁבוּתֵךְ וַיֶּחֱזוּ לָךְ מַשְׂאוֹת שָׁוְא וּמַדּוּחִים","rdfs:label":"איכה ב יד","jbo:sefer":"jbr:tanach-32","titles":[{"title":"איכה ב יד"},{"title":"איכה פרק ב פסוק יד"}]},{"uri":"jbr:tanach-32-2-15","jbo:text":"ספקו עליך כפים כל עברי דרך שרקו וינעו ראשם על בת ירושלם הזאת העיר שיאמרו כלילת יפי משוש לכל הארץ","jbo:textNikud":"סָפְקוּ עָלַיִךְ כַּפַּיִם כָּל עֹבְרֵי דֶרֶךְ שָׁרְקוּ וַיָּנִעוּ רֹאשָׁם עַל בַּת יְרוּשָׁלִָם הֲזֹאת הָעִיר שֶׁיֹּאמְרוּ כְּלִילַת יֹפִי מָשׂוֹשׂ לְכָל הָאָרֶץ","rdfs:label":"איכה ב טו","jbo:sefer":"jbr:tanach-32","titles":[{"title":"איכה ב טו"},{"title":"איכה פרק ב פסוק טו"}]},{"uri":"jbr:tanach-32-2-16","jbo:text":"פצו עליך פיהם כל אויביך שרקו ויחרקו שן אמרו בלענו אך זה היום שקוינהו מצאנו ראינו","jbo:textNikud":"פָּצוּ עָלַיִךְ פִּיהֶם כָּל אוֹיְבַיִךְ שָׁרְקוּ וַיַּחַרְקוּ שֵׁן אָמְרוּ בִּלָּעְנוּ אַךְ זֶה הַיּוֹם שֶׁקִּוִּינֻהוּ מָצָאנוּ רָאִינוּ","rdfs:label":"איכה ב טז","jbo:sefer":"jbr:tanach-32","titles":[{"title":"איכה ב טז"},{"title":"איכה פרק ב פסוק טז"}]},{"uri":"jbr:tanach-32-2-17","jbo:text":"עשה יהוה אשר זמם בצע אמרתו אשר צוה מימי קדם הרס ולא חמל וישמח עליך אויב הרים קרן צריך","jbo:textNikud":"עָשָׂה יְהוָה אֲשֶׁר זָמָם בִּצַּע אֶמְרָתוֹ אֲשֶׁר צִוָּה מִימֵי קֶדֶם הָרַס וְלֹא חָמָל וַיְשַׂמַּח עָלַיִךְ אוֹיֵב הֵרִים קֶרֶן צָרָיִךְ","rdfs:label":"איכה ב יז","jbo:sefer":"jbr:tanach-32","titles":[{"title":"איכה ב יז"},{"title":"איכה פרק ב פסוק יז"}]},{"uri":"jbr:tanach-32-2-18","jbo:text":"צעק לבם אל אדני חומת בת ציון הורידי כנחל דמעה יומם ולילה אל תתני פוגת לך אל תדם בת עינך","jbo:textNikud":"צָעַק לִבָּם אֶל אֲדֹנָי חוֹמַת בַּת צִיּוֹן הוֹרִידִי כַנַּחַל דִּמְעָה יוֹמָם וָלַיְלָה אַל תִּתְּנִי פוּגַת לָךְ אַל תִּדֹּם בַּת עֵינֵךְ","rdfs:label":"איכה ב יח","jbo:sefer":"jbr:tanach-32","titles":[{"title":"איכה ב יח"},{"title":"איכה פרק ב פסוק יח"}]},{"uri":"jbr:tanach-32-2-19","jbo:text":"קומי רני (בליל) בלילה לראש אשמרות שפכי כמים לבך נכח פני אדני שאי אליו כפיך על נפש עולליך העטופים ברעב בראש כל חוצות","jbo:textNikud":"קוּמִי רֹנִּי (בליל) בַלַּיְלָה לְרֹאשׁ אַשְׁמֻרוֹת שִׁפְכִי כַמַּיִם לִבֵּךְ נֹכַח פְּנֵי אֲדֹנָי שְׂאִי אֵלָיו כַּפַּיִךְ עַל נֶפֶשׁ עוֹלָלַיִךְ הָעֲטוּפִים בְּרָעָב בְּרֹאשׁ כָּל חוּצוֹת","rdfs:label":"איכה ב יט","jbo:sefer":"jbr:tanach-32","titles":[{"title":"איכה ב יט"},{"title":"איכה פרק ב פסוק יט"}]},{"uri":"jbr:tanach-32-2-20","jbo:text":"ראה יהוה והביטה למי עוללת כה אם תאכלנה נשים פרים עללי טפחים אם יהרג במקדש אדני כהן ונביא","jbo:textNikud":"רְאֵה יְהוָה וְהַבִּיטָה לְמִי עוֹלַלְתָּ כֹּה אִם תֹּאכַלְנָה נָשִׁים פִּרְיָם עֹלֲלֵי טִפֻּחִים אִם יֵהָרֵג בְּמִקְדַּשׁ אֲדֹנָי כֹּהֵן וְנָבִיא","rdfs:label":"איכה ב כ","jbo:sefer":"jbr:tanach-32","titles":[{"title":"איכה ב כ"},{"title":"איכה פרק ב פסוק כ"}]},{"uri":"jbr:tanach-32-2-21","jbo:text":"שכבו לארץ חוצות נער וזקן בתולתי ובחורי נפלו בחרב הרגת ביום אפך טבחת לא חמלת","jbo:textNikud":"שָׁכְבוּ לָאָרֶץ חוּצוֹת נַעַר וְזָקֵן בְּתוּלֹתַי וּבַחוּרַי נָפְלוּ בֶחָרֶב הָרַגְתָּ בְּיוֹם אַפֶּךָ טָבַחְתָּ לֹא חָמָלְתָּ","rdfs:label":"איכה ב כא","jbo:sefer":"jbr:tanach-32","titles":[{"title":"איכה ב כא"},{"title":"איכה פרק ב פסוק כא"}]},{"uri":"jbr:tanach-32-2-22","jbo:text":"תקרא כיום מועד מגורי מסביב ולא היה ביום אף יהוה פליט ושריד אשר טפחתי ורביתי איבי כלם","jbo:textNikud":"תִּקְרָא כְיוֹם מוֹעֵד מְגוּרַי מִסָּבִיב וְלֹא הָיָה בְּיוֹם אַף יְהוָה פָּלִיט וְשָׂרִיד אֲשֶׁר טִפַּחְתִּי וְרִבִּיתִי אֹיְבִי כִלָּם","rdfs:label":"איכה ב כב","jbo:sefer":"jbr:tanach-32","titles":[{"title":"איכה ב כב"},{"title":"איכה פרק ב פסוק כב"}]},{"uri":"jbr:tanach-32-3-1","jbo:text":"אני הגבר ראה עני בשבט עברתו","jbo:textNikud":"אֲנִי הַגֶּבֶר רָאָה עֳנִי בְּשֵׁבֶט עֶבְרָתוֹ","rdfs:label":"איכה ג א","jbo:sefer":"jbr:tanach-32","titles":[{"title":"איכה ג א"},{"title":"איכה פרק ג פסוק א"}]},{"uri":"jbr:tanach-32-3-2","jbo:text":"אותי נהג וילך חשך ולא אור","jbo:textNikud":"אוֹתִי נָהַג וַיֹּלַךְ חֹשֶׁךְ וְלֹא אוֹר","rdfs:label":"איכה ג ב","jbo:sefer":"jbr:tanach-32","titles":[{"title":"איכה ג ב"},{"title":"איכה פרק ג פסוק ב"}]},{"uri":"jbr:tanach-32-3-3","jbo:text":"אך בי ישב יהפך ידו כל היום","jbo:textNikud":"אַךְ בִּי יָשֻׁב יַהֲפֹךְ יָדוֹ כָּל הַיּוֹם","rdfs:label":"איכה ג ג","jbo:sefer":"jbr:tanach-32","titles":[{"title":"איכה ג ג"},{"title":"איכה פרק ג פסוק ג"}]},{"uri":"jbr:tanach-32-3-4","jbo:text":"בלה בשרי ועורי שבר עצמותי","jbo:textNikud":"בִּלָּה בְשָׂרִי וְעוֹרִי שִׁבַּר עַצְמוֹתָי","rdfs:label":"איכה ג ד","jbo:sefer":"jbr:tanach-32","titles":[{"title":"איכה ג ד"},{"title":"איכה פרק ג פסוק ד"}]},{"uri":"jbr:tanach-32-3-5","jbo:text":"בנה עלי ויקף ראש ותלאה","jbo:textNikud":"בָּנָה עָלַי וַיַּקַּף רֹאשׁ וּתְלָאָה","rdfs:label":"איכה ג ה","jbo:sefer":"jbr:tanach-32","titles":[{"title":"איכה ג ה"},{"title":"איכה פרק ג פסוק ה"}]},{"uri":"jbr:tanach-32-3-6","jbo:text":"במחשכים הושיבני כמתי עולם","jbo:textNikud":"בְּמַחֲשַׁכִּים הוֹשִׁיבַנִי כְּמֵתֵי עוֹלָם","rdfs:label":"איכה ג ו","jbo:sefer":"jbr:tanach-32","titles":[{"title":"איכה ג ו"},{"title":"איכה פרק ג פסוק ו"}]},{"uri":"jbr:tanach-32-3-7","jbo:text":"גדר בעדי ולא אצא הכביד נחשתי","jbo:textNikud":"גָּדַר בַּעֲדִי וְלֹא אֵצֵא הִכְבִּיד נְחָשְׁתִּי","rdfs:label":"איכה ג ז","jbo:sefer":"jbr:tanach-32","titles":[{"title":"איכה ג ז"},{"title":"איכה פרק ג פסוק ז"}]},{"uri":"jbr:tanach-32-3-8","jbo:text":"גם כי אזעק ואשוע שתם תפלתי","jbo:textNikud":"גַּם כִּי אֶזְעַק וַאֲשַׁוֵּעַ שָׂתַם תְּפִלָּתִי","rdfs:label":"איכה ג ח","jbo:sefer":"jbr:tanach-32","titles":[{"title":"איכה ג ח"},{"title":"איכה פרק ג פסוק ח"}]},{"uri":"jbr:tanach-32-3-9","jbo:text":"גדר דרכי בגזית נתיבתי עוה","jbo:textNikud":"גָּדַר דְּרָכַי בְּגָזִית נְתִיבֹתַי עִוָּה","rdfs:label":"איכה ג ט","jbo:sefer":"jbr:tanach-32","titles":[{"title":"איכה ג ט"},{"title":"איכה פרק ג פסוק ט"}]},{"uri":"jbr:tanach-32-3-10","jbo:text":"דב ארב הוא לי (אריה) ארי במסתרים","jbo:textNikud":"דֹּב אֹרֵב הוּא לִי (אריה) אֲרִי בְּמִסְתָּרִים","rdfs:label":"איכה ג י","jbo:sefer":"jbr:tanach-32","titles":[{"title":"איכה ג י"},{"title":"איכה פרק ג פסוק י"}]},{"uri":"jbr:tanach-32-3-11","jbo:text":"דרכי סורר ויפשחני שמני שמם","jbo:textNikud":"דְּרָכַי סוֹרֵר וַיְפַשְּׁחֵנִי שָׂמַנִי שֹׁמֵם","rdfs:label":"איכה ג יא","jbo:sefer":"jbr:tanach-32","titles":[{"title":"איכה ג יא"},{"title":"איכה פרק ג פסוק יא"}]},{"uri":"jbr:tanach-32-3-12","jbo:text":"דרך קשתו ויציבני כמטרא לחץ","jbo:textNikud":"דָּרַךְ קַשְׁתּוֹ וַיַּצִּיבֵנִי כַּמַּטָּרָא לַחֵץ","rdfs:label":"איכה ג יב","jbo:sefer":"jbr:tanach-32","titles":[{"title":"איכה ג יב"},{"title":"איכה פרק ג פסוק יב"}]},{"uri":"jbr:tanach-32-3-13","jbo:text":"הביא בכליותי בני אשפתו","jbo:textNikud":"הֵבִיא בְּכִלְיוֹתָי בְּנֵי אַשְׁפָּתוֹ","rdfs:label":"איכה ג יג","jbo:sefer":"jbr:tanach-32","titles":[{"title":"איכה ג יג"},{"title":"איכה פרק ג פסוק יג"}]},{"uri":"jbr:tanach-32-3-14","jbo:text":"הייתי שחק לכל עמי נגינתם כל היום","jbo:textNikud":"הָיִיתִי שְּׂחֹק לְכָל עַמִּי נְגִינָתָם כָּל הַיּוֹם","rdfs:label":"איכה ג יד","jbo:sefer":"jbr:tanach-32","titles":[{"title":"איכה ג יד"},{"title":"איכה פרק ג פסוק יד"}]},{"uri":"jbr:tanach-32-3-15","jbo:text":"השביעני במרורים הרוני לענה","jbo:textNikud":"הִשְׂבִּיעַנִי בַמְּרוֹרִים הִרְוַנִי לַעֲנָה","rdfs:label":"איכה ג טו","jbo:sefer":"jbr:tanach-32","titles":[{"title":"איכה ג טו"},{"title":"איכה פרק ג פסוק טו"}]},{"uri":"jbr:tanach-32-3-16","jbo:text":"ויגרס בחצץ שני הכפישני באפר","jbo:textNikud":"וַיַּגְרֵס בֶּחָצָץ שִׁנָּי הִכְפִּישַׁנִי בָּאֵפֶר","rdfs:label":"איכה ג טז","jbo:sefer":"jbr:tanach-32","titles":[{"title":"איכה ג טז"},{"title":"איכה פרק ג פסוק טז"}]},{"uri":"jbr:tanach-32-3-17","jbo:text":"ותזנח משלום נפשי נשיתי טובה","jbo:textNikud":"וַתִּזְנַח מִשָּׁלוֹם נַפְשִׁי נָשִׁיתִי טוֹבָה","rdfs:label":"איכה ג יז","jbo:sefer":"jbr:tanach-32","titles":[{"title":"איכה ג יז"},{"title":"איכה פרק ג פסוק יז"}]},{"uri":"jbr:tanach-32-3-18","jbo:text":"ואמר אבד נצחי ותוחלתי מיהוה","jbo:textNikud":"וָאֹמַר אָבַד נִצְחִי וְתוֹחַלְתִּי מֵיְהוָה","rdfs:label":"איכה ג יח","jbo:sefer":"jbr:tanach-32","titles":[{"title":"איכה ג יח"},{"title":"איכה פרק ג פסוק יח"}]},{"uri":"jbr:tanach-32-3-19","jbo:text":"זכר עניי ומרודי לענה וראש","jbo:textNikud":"זְכָר עָנְיִי וּמְרוּדִי לַעֲנָה וָרֹאשׁ","rdfs:label":"איכה ג יט","jbo:sefer":"jbr:tanach-32","titles":[{"title":"איכה ג יט"},{"title":"איכה פרק ג פסוק יט"}]},{"uri":"jbr:tanach-32-3-20","jbo:text":"זכור תזכור (ותשיח) ותשוח עלי נפשי","jbo:textNikud":"זָכוֹר תִּזְכּוֹר (ותשיח) וְתָשׁוֹחַ עָלַי נַפְשִׁי","rdfs:label":"איכה ג כ","jbo:sefer":"jbr:tanach-32","titles":[{"title":"איכה ג כ"},{"title":"איכה פרק ג פסוק כ"}]},{"uri":"jbr:tanach-32-3-21","jbo:text":"זאת אשיב אל לבי על כן אוחיל","jbo:textNikud":"זֹאת אָשִׁיב אֶל לִבִּי עַל כֵּן אוֹחִיל","rdfs:label":"איכה ג כא","jbo:sefer":"jbr:tanach-32","titles":[{"title":"איכה ג כא"},{"title":"איכה פרק ג פסוק כא"}]},{"uri":"jbr:tanach-32-3-22","jbo:text":"חסדי יהוה כי לא תמנו כי לא כלו רחמיו","jbo:textNikud":"חַסְדֵי יְהוָה כִּי לֹא תָמְנוּ כִּי לֹא כָלוּ רַחֲמָיו","rdfs:label":"איכה ג כב","jbo:sefer":"jbr:tanach-32","titles":[{"title":"איכה ג כב"},{"title":"איכה פרק ג פסוק כב"}]},{"uri":"jbr:tanach-32-3-23","jbo:text":"חדשים לבקרים רבה אמונתך","jbo:textNikud":"חֲדָשִׁים לַבְּקָרִים רַבָּה אֱמוּנָתֶךָ","rdfs:label":"איכה ג כג","jbo:sefer":"jbr:tanach-32","titles":[{"title":"איכה ג כג"},{"title":"איכה פרק ג פסוק כג"}]},{"uri":"jbr:tanach-32-3-24","jbo:text":"חלקי יהוה אמרה נפשי על כן אוחיל לו","jbo:textNikud":"חֶלְקִי יְהוָה אָמְרָה נַפְשִׁי עַל כֵּן אוֹחִיל לוֹ","rdfs:label":"איכה ג כד","jbo:sefer":"jbr:tanach-32","titles":[{"title":"איכה ג כד"},{"title":"איכה פרק ג פסוק כד"}]},{"uri":"jbr:tanach-32-3-25","jbo:text":"טוב יהוה לקוו לנפש תדרשנו","jbo:textNikud":"טוֹב יְהוָה לְקוָוֹ לְנֶפֶשׁ תִּדְרְשֶׁנּוּ","rdfs:label":"איכה ג כה","jbo:sefer":"jbr:tanach-32","titles":[{"title":"איכה ג כה"},{"title":"איכה פרק ג פסוק כה"}]},{"uri":"jbr:tanach-32-3-26","jbo:text":"טוב ויחיל ודומם לתשועת יהוה","jbo:textNikud":"טוֹב וְיָחִיל וְדוּמָם לִתְשׁוּעַת יְהוָה","rdfs:label":"איכה ג כו","jbo:sefer":"jbr:tanach-32","titles":[{"title":"איכה ג כו"},{"title":"איכה פרק ג פסוק כו"}]},{"uri":"jbr:tanach-32-3-27","jbo:text":"טוב לגבר כי ישא על בנעוריו","jbo:textNikud":"טוֹב לַגֶּבֶר כִּי יִשָּׂא עֹל בִּנְעוּרָיו","rdfs:label":"איכה ג כז","jbo:sefer":"jbr:tanach-32","titles":[{"title":"איכה ג כז"},{"title":"איכה פרק ג פסוק כז"}]},{"uri":"jbr:tanach-32-3-28","jbo:text":"ישב בדד וידם כי נטל עליו","jbo:textNikud":"יֵשֵׁב בָּדָד וְיִדֹּם כִּי נָטַל עָלָיו","rdfs:label":"איכה ג כח","jbo:sefer":"jbr:tanach-32","titles":[{"title":"איכה ג כח"},{"title":"איכה פרק ג פסוק כח"}]},{"uri":"jbr:tanach-32-3-29","jbo:text":"יתן בעפר פיהו אולי יש תקוה","jbo:textNikud":"יִתֵּן בֶּעָפָר פִּיהוּ אוּלַי יֵשׁ תִּקְוָה","rdfs:label":"איכה ג כט","jbo:sefer":"jbr:tanach-32","titles":[{"title":"איכה ג כט"},{"title":"איכה פרק ג פסוק כט"}]},{"uri":"jbr:tanach-32-3-30","jbo:text":"יתן למכהו לחי ישבע בחרפה","jbo:textNikud":"יִתֵּן לְמַכֵּהוּ לֶחִי יִשְׂבַּע בְּחֶרְפָּה","rdfs:label":"איכה ג ל","jbo:sefer":"jbr:tanach-32","titles":[{"title":"איכה ג ל"},{"title":"איכה פרק ג פסוק ל"}]},{"uri":"jbr:tanach-32-3-31","jbo:text":"כי לא יזנח לעולם אדני","jbo:textNikud":"כִּי לֹא יִזְנַח לְעוֹלָם אֲדֹנָי","rdfs:label":"איכה ג לא","jbo:sefer":"jbr:tanach-32","titles":[{"title":"איכה ג לא"},{"title":"איכה פרק ג פסוק לא"}]},{"uri":"jbr:tanach-32-3-32","jbo:text":"כי אם הוגה ורחם כרב (חסדו) חסדיו","jbo:textNikud":"כִּי אִם הוֹגָה וְרִחַם כְּרֹב (חסדו) חֲסָדָיו","rdfs:label":"איכה ג לב","jbo:sefer":"jbr:tanach-32","titles":[{"title":"איכה ג לב"},{"title":"איכה פרק ג פסוק לב"}]},{"uri":"jbr:tanach-32-3-33","jbo:text":"כי לא ענה מלבו ויגה בני איש","jbo:textNikud":"כִּי לֹא עִנָּה מִלִּבּוֹ וַיַּגֶּה בְּנֵי אִישׁ","rdfs:label":"איכה ג לג","jbo:sefer":"jbr:tanach-32","titles":[{"title":"איכה ג לג"},{"title":"איכה פרק ג פסוק לג"}]},{"uri":"jbr:tanach-32-3-34","jbo:text":"לדכא תחת רגליו כל אסירי ארץ","jbo:textNikud":"לְדַכֵּא תַּחַת רַגְלָיו כֹּל אֲסִירֵי אָרֶץ","rdfs:label":"איכה ג לד","jbo:sefer":"jbr:tanach-32","titles":[{"title":"איכה ג לד"},{"title":"איכה פרק ג פסוק לד"}]},{"uri":"jbr:tanach-32-3-35","jbo:text":"להטות משפט גבר נגד פני עליון","jbo:textNikud":"לְהַטּוֹת מִשְׁפַּט גָּבֶר נֶגֶד פְּנֵי עֶלְיוֹן","rdfs:label":"איכה ג לה","jbo:sefer":"jbr:tanach-32","titles":[{"title":"איכה ג לה"},{"title":"איכה פרק ג פסוק לה"}]},{"uri":"jbr:tanach-32-3-36","jbo:text":"לעות אדם בריבו אדני לא ראה","jbo:textNikud":"לְעַוֵּת אָדָם בְּרִיבוֹ אֲדֹנָי לֹא רָאָה","rdfs:label":"איכה ג לו","jbo:sefer":"jbr:tanach-32","titles":[{"title":"איכה ג לו"},{"title":"איכה פרק ג פסוק לו"}]},{"uri":"jbr:tanach-32-3-37","jbo:text":"מי זה אמר ותהי אדני לא צוה","jbo:textNikud":"מִי זֶה אָמַר וַתֶּהִי אֲדֹנָי לֹא צִוָּה","rdfs:label":"איכה ג לז","jbo:sefer":"jbr:tanach-32","titles":[{"title":"איכה ג לז"},{"title":"איכה פרק ג פסוק לז"}]},{"uri":"jbr:tanach-32-3-38","jbo:text":"מפי עליון לא תצא הרעות והטוב","jbo:textNikud":"מִפִּי עֶלְיוֹן לֹא תֵצֵא הָרָעוֹת וְהַטּוֹב","rdfs:label":"איכה ג לח","jbo:sefer":"jbr:tanach-32","titles":[{"title":"איכה ג לח"},{"title":"איכה פרק ג פסוק לח"}]},{"uri":"jbr:tanach-32-3-39","jbo:text":"מה יתאונן אדם חי גבר על (חטאו) חטאיו","jbo:textNikud":"מַה יִּתְאוֹנֵן אָדָם חָי גֶּבֶר עַל (חטאו) חֲטָאָיו","rdfs:label":"איכה ג לט","jbo:sefer":"jbr:tanach-32","titles":[{"title":"איכה ג לט"},{"title":"איכה פרק ג פסוק לט"}]},{"uri":"jbr:tanach-32-3-40","jbo:text":"נחפשה דרכינו ונחקרה ונשובה עד יהוה","jbo:textNikud":"נַחְפְּשָׂה דְרָכֵינוּ וְנַחְקֹרָה וְנָשׁוּבָה עַד יְהוָה","rdfs:label":"איכה ג מ","jbo:sefer":"jbr:tanach-32","titles":[{"title":"איכה ג מ"},{"title":"איכה פרק ג פסוק מ"}]},{"uri":"jbr:tanach-32-3-41","jbo:text":"נשא לבבנו אל כפים אל אל בשמים","jbo:textNikud":"נִשָּׂא לְבָבֵנוּ אֶל כַּפָּיִם אֶל אֵל בַּשָּׁמָיִם","rdfs:label":"איכה ג מא","jbo:sefer":"jbr:tanach-32","titles":[{"title":"איכה ג מא"},{"title":"איכה פרק ג פסוק מא"}]},{"uri":"jbr:tanach-32-3-42","jbo:text":"נחנו פשענו ומרינו אתה לא סלחת","jbo:textNikud":"נַחְנוּ פָשַׁעְנוּ וּמָרִינוּ אַתָּה לֹא סָלָחְתָּ","rdfs:label":"איכה ג מב","jbo:sefer":"jbr:tanach-32","titles":[{"title":"איכה ג מב"},{"title":"איכה פרק ג פסוק מב"}]},{"uri":"jbr:tanach-32-3-43","jbo:text":"סכתה באף ותרדפנו הרגת לא חמלת","jbo:textNikud":"סַכֹּתָה בָאַף וַתִּרְדְּפֵנוּ הָרַגְתָּ לֹא חָמָלְתָּ","rdfs:label":"איכה ג מג","jbo:sefer":"jbr:tanach-32","titles":[{"title":"איכה ג מג"},{"title":"איכה פרק ג פסוק מג"}]},{"uri":"jbr:tanach-32-3-44","jbo:text":"סכותה בענן לך מעבור תפלה","jbo:textNikud":"סַכּוֹתָה בֶעָנָן לָךְ מֵעֲבוֹר תְּפִלָּה","rdfs:label":"איכה ג מד","jbo:sefer":"jbr:tanach-32","titles":[{"title":"איכה ג מד"},{"title":"איכה פרק ג פסוק מד"}]},{"uri":"jbr:tanach-32-3-45","jbo:text":"סחי ומאוס תשימנו בקרב העמים","jbo:textNikud":"סְחִי וּמָאוֹס תְּשִׂימֵנוּ בְּקֶרֶב הָעַמִּים","rdfs:label":"איכה ג מה","jbo:sefer":"jbr:tanach-32","titles":[{"title":"איכה ג מה"},{"title":"איכה פרק ג פסוק מה"}]},{"uri":"jbr:tanach-32-3-46","jbo:text":"פצו עלינו פיהם כל איבינו","jbo:textNikud":"פָּצוּ עָלֵינוּ פִּיהֶם כָּל אֹיְבֵינוּ","rdfs:label":"איכה ג מו","jbo:sefer":"jbr:tanach-32","titles":[{"title":"איכה ג מו"},{"title":"איכה פרק ג פסוק מו"}]},{"uri":"jbr:tanach-32-3-47","jbo:text":"פחד ופחת היה לנו השאת והשבר","jbo:textNikud":"פַּחַד וָפַחַת הָיָה לָנוּ הַשֵּׁאת וְהַשָּׁבֶר","rdfs:label":"איכה ג מז","jbo:sefer":"jbr:tanach-32","titles":[{"title":"איכה ג מז"},{"title":"איכה פרק ג פסוק מז"}]},{"uri":"jbr:tanach-32-3-48","jbo:text":"פלגי מים תרד עיני על שבר בת עמי","jbo:textNikud":"פַּלְגֵי מַיִם תֵּרַד עֵינִי עַל שֶׁבֶר בַּת עַמִּי","rdfs:label":"איכה ג מח","jbo:sefer":"jbr:tanach-32","titles":[{"title":"איכה ג מח"},{"title":"איכה פרק ג פסוק מח"}]},{"uri":"jbr:tanach-32-3-49","jbo:text":"עיני נגרה ולא תדמה מאין הפגות","jbo:textNikud":"עֵינִי נִגְּרָה וְלֹא תִדְמֶה מֵאֵין הֲפֻגוֹת","rdfs:label":"איכה ג מט","jbo:sefer":"jbr:tanach-32","titles":[{"title":"איכה ג מט"},{"title":"איכה פרק ג פסוק מט"}]},{"uri":"jbr:tanach-32-3-50","jbo:text":"עד ישקיף וירא יהוה משמים","jbo:textNikud":"עַד יַשְׁקִיף וְיֵרֶא יְהוָה מִשָּׁמָיִם","rdfs:label":"איכה ג נ","jbo:sefer":"jbr:tanach-32","titles":[{"title":"איכה ג נ"},{"title":"איכה פרק ג פסוק נ"}]},{"uri":"jbr:tanach-32-3-51","jbo:text":"עיני עוללה לנפשי מכל בנות עירי","jbo:textNikud":"עֵינִי עוֹלְלָה לְנַפְשִׁי מִכֹּל בְּנוֹת עִירִי","rdfs:label":"איכה ג נא","jbo:sefer":"jbr:tanach-32","titles":[{"title":"איכה ג נא"},{"title":"איכה פרק ג פסוק נא"}]},{"uri":"jbr:tanach-32-3-52","jbo:text":"צוד צדוני כצפור איבי חנם","jbo:textNikud":"צוֹד צָדוּנִי כַּצִּפּוֹר אֹיְבַי חִנָּם","rdfs:label":"איכה ג נב","jbo:sefer":"jbr:tanach-32","titles":[{"title":"איכה ג נב"},{"title":"איכה פרק ג פסוק נב"}]},{"uri":"jbr:tanach-32-3-53","jbo:text":"צמתו בבור חיי וידו אבן בי","jbo:textNikud":"צָמְתוּ בַבּוֹר חַיָּי וַיַּדּוּ אֶבֶן בִּי","rdfs:label":"איכה ג נג","jbo:sefer":"jbr:tanach-32","titles":[{"title":"איכה ג נג"},{"title":"איכה פרק ג פסוק נג"}]},{"uri":"jbr:tanach-32-3-54","jbo:text":"צפו מים על ראשי אמרתי נגזרתי","jbo:textNikud":"צָפוּ מַיִם עַל רֹאשִׁי אָמַרְתִּי נִגְזָרְתִּי","rdfs:label":"איכה ג נד","jbo:sefer":"jbr:tanach-32","titles":[{"title":"איכה ג נד"},{"title":"איכה פרק ג פסוק נד"}]},{"uri":"jbr:tanach-32-3-55","jbo:text":"קראתי שמך יהוה מבור תחתיות","jbo:textNikud":"קָרָאתִי שִׁמְךָ יְהוָה מִבּוֹר תַּחְתִּיּוֹת","rdfs:label":"איכה ג נה","jbo:sefer":"jbr:tanach-32","titles":[{"title":"איכה ג נה"},{"title":"איכה פרק ג פסוק נה"}]},{"uri":"jbr:tanach-32-3-56","jbo:text":"קולי שמעת אל תעלם אזנך לרוחתי לשועתי","jbo:textNikud":"קוֹלִי שָׁמָעְתָּ אַל תַּעְלֵם אָזְנְךָ לְרַוְחָתִי לְשַׁוְעָתִי","rdfs:label":"איכה ג נו","jbo:sefer":"jbr:tanach-32","titles":[{"title":"איכה ג נו"},{"title":"איכה פרק ג פסוק נו"}]},{"uri":"jbr:tanach-32-3-57","jbo:text":"קרבת ביום אקראך אמרת אל תירא","jbo:textNikud":"קָרַבְתָּ בְּיוֹם אֶקְרָאֶךָּ אָמַרְתָּ אַל תִּירָא","rdfs:label":"איכה ג נז","jbo:sefer":"jbr:tanach-32","titles":[{"title":"איכה ג נז"},{"title":"איכה פרק ג פסוק נז"}]},{"uri":"jbr:tanach-32-3-58","jbo:text":"רבת אדני ריבי נפשי גאלת חיי","jbo:textNikud":"רַבְתָּ אֲדֹנָי רִיבֵי נַפְשִׁי גָּאַלְתָּ חַיָּי","rdfs:label":"איכה ג נח","jbo:sefer":"jbr:tanach-32","titles":[{"title":"איכה ג נח"},{"title":"איכה פרק ג פסוק נח"}]},{"uri":"jbr:tanach-32-3-59","jbo:text":"ראיתה יהוה עותתי שפטה משפטי","jbo:textNikud":"רָאִיתָה יְהוָה עַוָּתָתִי שָׁפְטָה מִשְׁפָּטִי","rdfs:label":"איכה ג נט","jbo:sefer":"jbr:tanach-32","titles":[{"title":"איכה ג נט"},{"title":"איכה פרק ג פסוק נט"}]},{"uri":"jbr:tanach-32-3-60","jbo:text":"ראיתה כל נקמתם כל מחשבתם לי","jbo:textNikud":"רָאִיתָה כָּל נִקְמָתָם כָּל מַחְשְׁבֹתָם לִי","rdfs:label":"איכה ג ס","jbo:sefer":"jbr:tanach-32","titles":[{"title":"איכה ג ס"},{"title":"איכה פרק ג פסוק ס"}]},{"uri":"jbr:tanach-32-3-61","jbo:text":"שמעת חרפתם יהוה כל מחשבתם עלי","jbo:textNikud":"שָׁמַעְתָּ חֶרְפָּתָם יְהוָה כָּל מַחְשְׁבֹתָם עָלָי","rdfs:label":"איכה ג סא","jbo:sefer":"jbr:tanach-32","titles":[{"title":"איכה ג סא"},{"title":"איכה פרק ג פסוק סא"}]},{"uri":"jbr:tanach-32-3-62","jbo:text":"שפתי קמי והגיונם עלי כל היום","jbo:textNikud":"שִׂפְתֵי קָמַי וְהֶגְיוֹנָם עָלַי כָּל הַיּוֹם","rdfs:label":"איכה ג סב","jbo:sefer":"jbr:tanach-32","titles":[{"title":"איכה ג סב"},{"title":"איכה פרק ג פסוק סב"}]},{"uri":"jbr:tanach-32-3-63","jbo:text":"שבתם וקימתם הביטה אני מנגינתם","jbo:textNikud":"שִׁבְתָּם וְקִימָתָם הַבִּיטָה אֲנִי מַנְגִּינָתָם","rdfs:label":"איכה ג סג","jbo:sefer":"jbr:tanach-32","titles":[{"title":"איכה ג סג"},{"title":"איכה פרק ג פסוק סג"}]},{"uri":"jbr:tanach-32-3-64","jbo:text":"תשיב להם גמול יהוה כמעשה ידיהם","jbo:textNikud":"תָּשִׁיב לָהֶם גְּמוּל יְהוָה כְּמַעֲשֵׂה יְדֵיהֶם","rdfs:label":"איכה ג סד","jbo:sefer":"jbr:tanach-32","titles":[{"title":"איכה ג סד"},{"title":"איכה פרק ג פסוק סד"}]},{"uri":"jbr:tanach-32-3-65","jbo:text":"תתן להם מגנת לב תאלתך להם","jbo:textNikud":"תִּתֵּן לָהֶם מְגִנַּת לֵב תַּאֲלָתְךָ לָהֶם","rdfs:label":"איכה ג סה","jbo:sefer":"jbr:tanach-32","titles":[{"title":"איכה ג סה"},{"title":"איכה פרק ג פסוק סה"}]},{"uri":"jbr:tanach-32-3-66","jbo:text":"תרדף באף ותשמידם מתחת שמי יהוה","jbo:textNikud":"תִּרְדֹּף בְּאַף וְתַשְׁמִידֵם מִתַּחַת שְׁמֵי יְהוָה","rdfs:label":"איכה ג סו","jbo:sefer":"jbr:tanach-32","titles":[{"title":"איכה ג סו"},{"title":"איכה פרק ג פסוק סו"}]},{"uri":"jbr:tanach-32-4-1","jbo:text":"איכה יועם זהב ישנא הכתם הטוב תשתפכנה אבני קדש בראש כל חוצות","jbo:textNikud":"אֵיכָה יוּעַם זָהָב יִשְׁנֶא הַכֶּתֶם הַטּוֹב תִּשְׁתַּפֵּכְנָה אַבְנֵי קֹדֶשׁ בְּרֹאשׁ כָּל חוּצוֹת","rdfs:label":"איכה ד א","jbo:sefer":"jbr:tanach-32","titles":[{"title":"איכה ד א"},{"title":"איכה פרק ד פסוק א"}]},{"uri":"jbr:tanach-32-4-2","jbo:text":"בני ציון היקרים המסלאים בפז איכה נחשבו לנבלי חרש מעשה ידי יוצר","jbo:textNikud":"בְּנֵי צִיּוֹן הַיְקָרִים הַמְסֻלָּאִים בַּפָּז אֵיכָה נֶחְשְׁבוּ לְנִבְלֵי חֶרֶשׂ מַעֲשֵׂה יְדֵי יוֹצֵר","rdfs:label":"איכה ד ב","jbo:sefer":"jbr:tanach-32","titles":[{"title":"איכה ד ב"},{"title":"איכה פרק ד פסוק ב"}]},{"uri":"jbr:tanach-32-4-3","jbo:text":"גם (תנין) תנים חלצו שד היניקו גוריהן בת עמי לאכזר (כי) (ענים) כיענים במדבר","jbo:textNikud":"גַּם (תנין) תַּנִּים חָלְצוּ שַׁד הֵינִיקוּ גּוּרֵיהֶן בַּת עַמִּי לְאַכְזָר (כי) (ענים) כַּיְעֵנִים בַּמִּדְבָּר","rdfs:label":"איכה ד ג","jbo:sefer":"jbr:tanach-32","titles":[{"title":"איכה ד ג"},{"title":"איכה פרק ד פסוק ג"}]},{"uri":"jbr:tanach-32-4-4","jbo:text":"דבק לשון יונק אל חכו בצמא עוללים שאלו לחם פרש אין להם","jbo:textNikud":"דָּבַק לְשׁוֹן יוֹנֵק אֶל חִכּוֹ בַּצָּמָא עוֹלָלִים שָׁאֲלוּ לֶחֶם פֹּרֵשׂ אֵין לָהֶם","rdfs:label":"איכה ד ד","jbo:sefer":"jbr:tanach-32","titles":[{"title":"איכה ד ד"},{"title":"איכה פרק ד פסוק ד"}]},{"uri":"jbr:tanach-32-4-5","jbo:text":"האכלים למעדנים נשמו בחוצות האמנים עלי תולע חבקו אשפתות","jbo:textNikud":"הָאֹכְלִים לְמַעֲדַנִּים נָשַׁמּוּ בַּחוּצוֹת הָאֱמֻנִים עֲלֵי תוֹלָע חִבְּקוּ אַשְׁפַּתּוֹת","rdfs:label":"איכה ד ה","jbo:sefer":"jbr:tanach-32","titles":[{"title":"איכה ד ה"},{"title":"איכה פרק ד פסוק ה"}]},{"uri":"jbr:tanach-32-4-6","jbo:text":"ויגדל עון בת עמי מחטאת סדם ההפוכה כמו רגע ולא חלו בה ידים","jbo:textNikud":"וַיִּגְדַּל עֲוֹן בַּת עַמִּי מֵחַטַּאת סְדֹם הַהֲפוּכָה כְמוֹ רָגַע וְלֹא חָלוּ בָהּ יָדָיִם","rdfs:label":"איכה ד ו","jbo:sefer":"jbr:tanach-32","titles":[{"title":"איכה ד ו"},{"title":"איכה פרק ד פסוק ו"}]},{"uri":"jbr:tanach-32-4-7","jbo:text":"זכו נזיריה משלג צחו מחלב אדמו עצם מפנינים ספיר גזרתם","jbo:textNikud":"זַכּוּ נְזִירֶיהָ מִשֶּׁלֶג צַחוּ מֵחָלָב אָדְמוּ עֶצֶם מִפְּנִינִים סַפִּיר גִּזְרָתָם","rdfs:label":"איכה ד ז","jbo:sefer":"jbr:tanach-32","titles":[{"title":"איכה ד ז"},{"title":"איכה פרק ד פסוק ז"}]},{"uri":"jbr:tanach-32-4-8","jbo:text":"חשך משחור תארם לא נכרו בחוצות צפד עורם על עצמם יבש היה כעץ","jbo:textNikud":"חָשַׁךְ מִשְּׁחוֹר תָּאֳרָם לֹא נִכְּרוּ בַּחוּצוֹת צָפַד עוֹרָם עַל עַצְמָם יָבֵשׁ הָיָה כָעֵץ","rdfs:label":"איכה ד ח","jbo:sefer":"jbr:tanach-32","titles":[{"title":"איכה ד ח"},{"title":"איכה פרק ד פסוק ח"}]},{"uri":"jbr:tanach-32-4-9","jbo:text":"טובים היו חללי חרב מחללי רעב שהם יזובו מדקרים מתנובת שדי","jbo:textNikud":"טוֹבִים הָיוּ חַלְלֵי חֶרֶב מֵחַלְלֵי רָעָב שֶׁהֵם יָזוּבוּ מְדֻקָּרִים מִתְּנוּבֹת שָׂדָי","rdfs:label":"איכה ד ט","jbo:sefer":"jbr:tanach-32","titles":[{"title":"איכה ד ט"},{"title":"איכה פרק ד פסוק ט"}]},{"uri":"jbr:tanach-32-4-10","jbo:text":"ידי נשים רחמניות בשלו ילדיהן היו לברות למו בשבר בת עמי","jbo:textNikud":"יְדֵי נָשִׁים רַחֲמָנִיּוֹת בִּשְּׁלוּ יַלְדֵיהֶן הָיוּ לְבָרוֹת לָמוֹ בְּשֶׁבֶר בַּת עַמִּי","rdfs:label":"איכה ד י","jbo:sefer":"jbr:tanach-32","titles":[{"title":"איכה ד י"},{"title":"איכה פרק ד פסוק י"}]},{"uri":"jbr:tanach-32-4-11","jbo:text":"כלה יהוה את חמתו שפך חרון אפו ויצת אש בציון ותאכל יסודתיה","jbo:textNikud":"כִּלָּה יְהוָה אֶת חֲמָתוֹ שָׁפַךְ חֲרוֹן אַפּוֹ וַיַּצֶּת אֵשׁ בְּצִיּוֹן וַתֹּאכַל יְסוֹדֹתֶיהָ","rdfs:label":"איכה ד יא","jbo:sefer":"jbr:tanach-32","titles":[{"title":"איכה ד יא"},{"title":"איכה פרק ד פסוק יא"}]},{"uri":"jbr:tanach-32-4-12","jbo:text":"לא האמינו מלכי ארץ (וכל) כל ישבי תבל כי יבא צר ואויב בשערי ירושלם","jbo:textNikud":"לֹא הֶאֱמִינוּ מַלְכֵי אֶרֶץ (וכל) כֹּל יֹשְׁבֵי תֵבֵל כִּי יָבֹא צַר וְאוֹיֵב בְּשַׁעֲרֵי יְרוּשָׁלִָם","rdfs:label":"איכה ד יב","jbo:sefer":"jbr:tanach-32","titles":[{"title":"איכה ד יב"},{"title":"איכה פרק ד פסוק יב"}]},{"uri":"jbr:tanach-32-4-13","jbo:text":"מחטאת נביאיה עונות כהניה השפכים בקרבה דם צדיקים","jbo:textNikud":"מֵחַטֹּאת נְבִיאֶיהָ עֲוֹנוֹת כֹּהֲנֶיהָ הַשֹּׁפְכִים בְּקִרְבָּהּ דַּם צַדִּיקִים","rdfs:label":"איכה ד יג","jbo:sefer":"jbr:tanach-32","titles":[{"title":"איכה ד יג"},{"title":"איכה פרק ד פסוק יג"}]},{"uri":"jbr:tanach-32-4-14","jbo:text":"נעו עורים בחוצות נגאלו בדם בלא יוכלו יגעו בלבשיהם","jbo:textNikud":"נָעוּ עִוְרִים בַּחוּצוֹת נְגֹאֲלוּ בַּדָּם בְּלֹא יוּכְלוּ יִגְּעוּ בִּלְבֻשֵׁיהֶם","rdfs:label":"איכה ד יד","jbo:sefer":"jbr:tanach-32","titles":[{"title":"איכה ד יד"},{"title":"איכה פרק ד פסוק יד"}]},{"uri":"jbr:tanach-32-4-15","jbo:text":"סורו טמא קראו למו סורו סורו אל תגעו כי נצו גם נעו אמרו בגוים לא יוסיפו לגור","jbo:textNikud":"סוּרוּ טָמֵא קָרְאוּ לָמוֹ סוּרוּ סוּרוּ אַל תִּגָּעוּ כִּי נָצוּ גַּם נָעוּ אָמְרוּ בַּגּוֹיִם לֹא יוֹסִיפוּ לָגוּר","rdfs:label":"איכה ד טו","jbo:sefer":"jbr:tanach-32","titles":[{"title":"איכה ד טו"},{"title":"איכה פרק ד פסוק טו"}]},{"uri":"jbr:tanach-32-4-16","jbo:text":"פני יהוה חלקם לא יוסיף להביטם פני כהנים לא נשאו (זקנים) וזקנים לא חננו","jbo:textNikud":"פְּנֵי יְהוָה חִלְּקָם לֹא יוֹסִיף לְהַבִּיטָם פְּנֵי כֹהֲנִים לֹא נָשָׂאוּ (זקנים) וּזְקֵנִים לֹא חָנָנוּ","rdfs:label":"איכה ד טז","jbo:sefer":"jbr:tanach-32","titles":[{"title":"איכה ד טז"},{"title":"איכה פרק ד פסוק טז"}]},{"uri":"jbr:tanach-32-4-17","jbo:text":"(עודינה) עודינו תכלינה עינינו אל עזרתנו הבל בצפיתנו צפינו אל גוי לא יושע","jbo:textNikud":"(עודינה) עוֹדֵינוּ תִּכְלֶינָה עֵינֵינוּ אֶל עֶזְרָתֵנוּ הָבֶל בְּצִפִּיָּתֵנוּ צִפִּינוּ אֶל גּוֹי לֹא יוֹשִׁעַ","rdfs:label":"איכה ד יז","jbo:sefer":"jbr:tanach-32","titles":[{"title":"איכה ד יז"},{"title":"איכה פרק ד פסוק יז"}]},{"uri":"jbr:tanach-32-4-18","jbo:text":"צדו צעדינו מלכת ברחבתינו קרב קצינו מלאו ימינו כי בא קצינו","jbo:textNikud":"צָדוּ צְעָדֵינוּ מִלֶּכֶת בִּרְחֹבֹתֵינוּ קָרַב קִצֵּינוּ מָלְאוּ יָמֵינוּ כִּי בָא קִצֵּינוּ","rdfs:label":"איכה ד יח","jbo:sefer":"jbr:tanach-32","titles":[{"title":"איכה ד יח"},{"title":"איכה פרק ד פסוק יח"}]},{"uri":"jbr:tanach-32-4-19","jbo:text":"קלים היו רדפינו מנשרי שמים על ההרים דלקנו במדבר ארבו לנו","jbo:textNikud":"קַלִּים הָיוּ רֹדְפֵינוּ מִנִּשְׁרֵי שָׁמָיִם עַל הֶהָרִים דְּלָקֻנוּ בַּמִּדְבָּר אָרְבוּ לָנוּ","rdfs:label":"איכה ד יט","jbo:sefer":"jbr:tanach-32","titles":[{"title":"איכה ד יט"},{"title":"איכה פרק ד פסוק יט"}]},{"uri":"jbr:tanach-32-4-20","jbo:text":"רוח אפינו משיח יהוה נלכד בשחיתותם אשר אמרנו בצלו נחיה בגוים","jbo:textNikud":"רוּחַ אַפֵּינוּ מְשִׁיחַ יְהוָה נִלְכַּד בִּשְׁחִיתוֹתָם אֲשֶׁר אָמַרְנוּ בְּצִלּוֹ נִחְיֶה בַגּוֹיִם","rdfs:label":"איכה ד כ","jbo:sefer":"jbr:tanach-32","titles":[{"title":"איכה ד כ"},{"title":"איכה פרק ד פסוק כ"}]},{"uri":"jbr:tanach-32-4-21","jbo:text":"שישי ושמחי בת אדום (יושבתי) יושבת בארץ עוץ גם עליך תעבר כוס תשכרי ותתערי","jbo:textNikud":"שִׂישִׂי וְשִׂמְחִי בַּת אֱדוֹם (יושבתי) יוֹשֶׁבֶת בְּאֶרֶץ עוּץ גַּם עָלַיִךְ תַּעֲבָר כּוֹס תִּשְׁכְּרִי וְתִתְעָרִי","rdfs:label":"איכה ד כא","jbo:sefer":"jbr:tanach-32","titles":[{"title":"איכה ד כא"},{"title":"איכה פרק ד פסוק כא"}]},{"uri":"jbr:tanach-32-4-22","jbo:text":"תם עונך בת ציון לא יוסיף להגלותך פקד עונך בת אדום גלה על חטאתיך","jbo:textNikud":"תַּם עֲוֹנֵךְ בַּת צִיּוֹן לֹא יוֹסִיף לְהַגְלוֹתֵךְ פָּקַד עֲוֹנֵךְ בַּת אֱדוֹם גִּלָּה עַל חַטֹּאתָיִךְ","rdfs:label":"איכה ד כב","jbo:sefer":"jbr:tanach-32","titles":[{"title":"איכה ד כב"},{"title":"איכה פרק ד פסוק כב"}]},{"uri":"jbr:tanach-32-5-1","jbo:text":"זכר יהוה מה היה לנו (הביט) הביטה וראה את חרפתנו","jbo:textNikud":"זְכֹר יְהוָה מֶה הָיָה לָנוּ (הביט) הַבִּיטָה וּרְאֵה אֶת חֶרְפָּתֵנוּ","rdfs:label":"איכה ה א","jbo:sefer":"jbr:tanach-32","titles":[{"title":"איכה ה א"},{"title":"איכה פרק ה פסוק א"}]},{"uri":"jbr:tanach-32-5-2","jbo:text":"נחלתנו נהפכה לזרים בתינו לנכרים","jbo:textNikud":"נַחֲלָתֵנוּ נֶהֶפְכָה לְזָרִים בָּתֵּינוּ לְנָכְרִים","rdfs:label":"איכה ה ב","jbo:sefer":"jbr:tanach-32","titles":[{"title":"איכה ה ב"},{"title":"איכה פרק ה פסוק ב"}]},{"uri":"jbr:tanach-32-5-3","jbo:text":"יתומים היינו (אין) ואין אב אמתינו כאלמנות","jbo:textNikud":"יְתוֹמִים הָיִינוּ (אין) וְאֵין אָב אִמֹּתֵינוּ כְּאַלְמָנוֹת","rdfs:label":"איכה ה ג","jbo:sefer":"jbr:tanach-32","titles":[{"title":"איכה ה ג"},{"title":"איכה פרק ה פסוק ג"}]},{"uri":"jbr:tanach-32-5-4","jbo:text":"מימינו בכסף שתינו עצינו במחיר יבאו","jbo:textNikud":"מֵימֵינוּ בְּכֶסֶף שָׁתִינוּ עֵצֵינוּ בִּמְחִיר יָבֹאוּ","rdfs:label":"איכה ה ד","jbo:sefer":"jbr:tanach-32","titles":[{"title":"איכה ה ד"},{"title":"איכה פרק ה פסוק ד"}]},{"uri":"jbr:tanach-32-5-5","jbo:text":"על צוארנו נרדפנו יגענו (לא) ולא הונח לנו","jbo:textNikud":"עַל צַוָּארֵנוּ נִרְדָּפְנוּ יָגַעְנוּ (לא) וְלֹא הוּנַח לָנוּ","rdfs:label":"איכה ה ה","jbo:sefer":"jbr:tanach-32","titles":[{"title":"איכה ה ה"},{"title":"איכה פרק ה פסוק ה"}]},{"uri":"jbr:tanach-32-5-6","jbo:text":"מצרים נתנו יד אשור לשבע לחם","jbo:textNikud":"מִצְרַיִם נָתַנּוּ יָד אַשּׁוּר לִשְׂבֹּעַ לָחֶם","rdfs:label":"איכה ה ו","jbo:sefer":"jbr:tanach-32","titles":[{"title":"איכה ה ו"},{"title":"איכה פרק ה פסוק ו"}]},{"uri":"jbr:tanach-32-5-7","jbo:text":"אבתינו חטאו (אינם) ואינם (אנחנו) ואנחנו עונתיהם סבלנו","jbo:textNikud":"אֲבֹתֵינוּ חָטְאוּ (אינם) וְאֵינָם (אנחנו) וַאֲנַחְנוּ עֲוֹנֹתֵיהֶם סָבָלְנוּ","rdfs:label":"איכה ה ז","jbo:sefer":"jbr:tanach-32","titles":[{"title":"איכה ה ז"},{"title":"איכה פרק ה פסוק ז"}]},{"uri":"jbr:tanach-32-5-8","jbo:text":"עבדים משלו בנו פרק אין מידם","jbo:textNikud":"עֲבָדִים מָשְׁלוּ בָנוּ פֹּרֵק אֵין מִיָּדָם","rdfs:label":"איכה ה ח","jbo:sefer":"jbr:tanach-32","titles":[{"title":"איכה ה ח"},{"title":"איכה פרק ה פסוק ח"}]},{"uri":"jbr:tanach-32-5-9","jbo:text":"בנפשנו נביא לחמנו מפני חרב המדבר","jbo:textNikud":"בְּנַפְשֵׁנוּ נָבִיא לַחְמֵנוּ מִפְּנֵי חֶרֶב הַמִּדְבָּר","rdfs:label":"איכה ה ט","jbo:sefer":"jbr:tanach-32","titles":[{"title":"איכה ה ט"},{"title":"איכה פרק ה פסוק ט"}]},{"uri":"jbr:tanach-32-5-10","jbo:text":"עורנו כתנור נכמרו מפני זלעפות רעב","jbo:textNikud":"עוֹרֵנוּ כְּתַנּוּר נִכְמָרוּ מִפְּנֵי זַלְעֲפוֹת רָעָב","rdfs:label":"איכה ה י","jbo:sefer":"jbr:tanach-32","titles":[{"title":"איכה ה י"},{"title":"איכה פרק ה פסוק י"}]},{"uri":"jbr:tanach-32-5-11","jbo:text":"נשים בציון ענו בתלת בערי יהודה","jbo:textNikud":"נָשִׁים בְּצִיּוֹן עִנּוּ בְּתֻלֹת בְּעָרֵי יְהוּדָה","rdfs:label":"איכה ה יא","jbo:sefer":"jbr:tanach-32","titles":[{"title":"איכה ה יא"},{"title":"איכה פרק ה פסוק יא"}]},{"uri":"jbr:tanach-32-5-12","jbo:text":"שרים בידם נתלו פני זקנים לא נהדרו","jbo:textNikud":"שָׂרִים בְּיָדָם נִתְלוּ פְּנֵי זְקֵנִים לֹא נֶהְדָּרוּ","rdfs:label":"איכה ה יב","jbo:sefer":"jbr:tanach-32","titles":[{"title":"איכה ה יב"},{"title":"איכה פרק ה פסוק יב"}]},{"uri":"jbr:tanach-32-5-13","jbo:text":"בחורים טחון נשאו ונערים בעץ כשלו","jbo:textNikud":"בַּחוּרִים טְחוֹן נָשָׂאוּ וּנְעָרִים בָּעֵץ כָּשָׁלוּ","rdfs:label":"איכה ה יג","jbo:sefer":"jbr:tanach-32","titles":[{"title":"איכה ה יג"},{"title":"איכה פרק ה פסוק יג"}]},{"uri":"jbr:tanach-32-5-14","jbo:text":"זקנים משער שבתו בחורים מנגינתם","jbo:textNikud":"זְקֵנִים מִשַּׁעַר שָׁבָתוּ בַּחוּרִים מִנְּגִינָתָם","rdfs:label":"איכה ה יד","jbo:sefer":"jbr:tanach-32","titles":[{"title":"איכה ה יד"},{"title":"איכה פרק ה פסוק יד"}]},{"uri":"jbr:tanach-32-5-15","jbo:text":"שבת משוש לבנו נהפך לאבל מחלנו","jbo:textNikud":"שָׁבַת מְשׂוֹשׂ לִבֵּנוּ נֶהְפַּךְ לְאֵבֶל מְחֹלֵנוּ","rdfs:label":"איכה ה טו","jbo:sefer":"jbr:tanach-32","titles":[{"title":"איכה ה טו"},{"title":"איכה פרק ה פסוק טו"}]},{"uri":"jbr:tanach-32-5-16","jbo:text":"נפלה עטרת ראשנו אוי נא לנו כי חטאנו","jbo:textNikud":"נָפְלָה עֲטֶרֶת רֹאשֵׁנוּ אוֹי נָא לָנוּ כִּי חָטָאנוּ","rdfs:label":"איכה ה טז","jbo:sefer":"jbr:tanach-32","titles":[{"title":"איכה ה טז"},{"title":"איכה פרק ה פסוק טז"}]},{"uri":"jbr:tanach-32-5-17","jbo:text":"על זה היה דוה לבנו על אלה חשכו עינינו","jbo:textNikud":"עַל זֶה הָיָה דָוֶה לִבֵּנוּ עַל אֵלֶּה חָשְׁכוּ עֵינֵינוּ","rdfs:label":"איכה ה יז","jbo:sefer":"jbr:tanach-32","titles":[{"title":"איכה ה יז"},{"title":"איכה פרק ה פסוק יז"}]},{"uri":"jbr:tanach-32-5-18","jbo:text":"על הר ציון ששמם שועלים הלכו בו","jbo:textNikud":"עַל הַר צִיּוֹן שֶׁשָּׁמֵם שׁוּעָלִים הִלְּכוּ בוֹ","rdfs:label":"איכה ה יח","jbo:sefer":"jbr:tanach-32","titles":[{"title":"איכה ה יח"},{"title":"איכה פרק ה פסוק יח"}]},{"uri":"jbr:tanach-32-5-19","jbo:text":"אתה יהוה לעולם תשב כסאך לדר ודור","jbo:textNikud":"אַתָּה יְהוָה לְעוֹלָם תֵּשֵׁב כִּסְאֲךָ לְדֹר וָדוֹר","rdfs:label":"איכה ה יט","jbo:sefer":"jbr:tanach-32","titles":[{"title":"איכה ה יט"},{"title":"איכה פרק ה פסוק יט"}]},{"uri":"jbr:tanach-32-5-20","jbo:text":"למה לנצח תשכחנו תעזבנו לארך ימים","jbo:textNikud":"לָמָּה לָנֶצַח תִּשְׁכָּחֵנוּ תַּעַזְבֵנוּ לְאֹרֶךְ יָמִים","rdfs:label":"איכה ה כ","jbo:sefer":"jbr:tanach-32","titles":[{"title":"איכה ה כ"},{"title":"איכה פרק ה פסוק כ"}]},{"uri":"jbr:tanach-32-5-21","jbo:text":"השיבנו יהוה אליך (ונשוב) ונשובה חדש ימינו כקדם","jbo:textNikud":"הֲשִׁיבֵנוּ יְהוָה אֵלֶיךָ (ונשוב) וְנָשׁוּבָה חַדֵּשׁ יָמֵינוּ כְּקֶדֶם","rdfs:label":"איכה ה כא","jbo:sefer":"jbr:tanach-32","titles":[{"title":"איכה ה כא"},{"title":"איכה פרק ה פסוק כא"}]},{"uri":"jbr:tanach-32-5-22","jbo:text":"כי אם מאס מאסתנו קצפת עלינו עד מאד","jbo:textNikud":"כִּי אִם מָאֹס מְאַסְתָּנוּ קָצַפְתָּ עָלֵינוּ עַד מְאֹד","rdfs:label":"איכה ה כב","jbo:sefer":"jbr:tanach-32","titles":[{"title":"איכה ה כב"},{"title":"איכה פרק ה פסוק כב"}]}]}