{"subjects":[{"uri":"jbr:tanach-30-1-1","jbo:text":"שיר השירים אשר לשלמה","jbo:textNikud":"שִׁיר הַשִּׁירִים אֲשֶׁר לִשְׁלֹמֹה","rdfs:label":"שיר השירים א א","jbo:sefer":"jbr:tanach-30","titles":[{"title":"שיר השירים א א"},{"title":"שיר השירים פרק א פסוק א"}]},{"uri":"jbr:tanach-30-1-2","jbo:text":"ישקני מנשיקות פיהו כי טובים דדיך מיין","jbo:textNikud":"יִשָּׁקֵנִי מִנְּשִׁיקוֹת פִּיהוּ כִּי טוֹבִים דֹּדֶיךָ מִיָּיִן","rdfs:label":"שיר השירים א ב","jbo:sefer":"jbr:tanach-30","titles":[{"title":"שיר השירים א ב"},{"title":"שיר השירים פרק א פסוק ב"}]},{"uri":"jbr:tanach-30-1-3","jbo:text":"לריח שמניך טובים שמן תורק שמך על כן עלמות אהבוך","jbo:textNikud":"לְרֵיחַ שְׁמָנֶיךָ טוֹבִים שֶׁמֶן תּוּרַק שְׁמֶךָ עַל כֵּן עֲלָמוֹת אֲהֵבוּךָ","rdfs:label":"שיר השירים א ג","jbo:sefer":"jbr:tanach-30","titles":[{"title":"שיר השירים א ג"},{"title":"שיר השירים פרק א פסוק ג"}]},{"uri":"jbr:tanach-30-1-4","jbo:text":"משכני אחריך נרוצה הביאני המלך חדריו נגילה ונשמחה בך נזכירה דדיך מיין מישרים אהבוך","jbo:textNikud":"מָשְׁכֵנִי אַחֲרֶיךָ נָּרוּצָה הֱבִיאַנִי הַמֶּלֶךְ חֲדָרָיו נָגִילָה וְנִשְׂמְחָה בָּךְ נַזְכִּירָה דֹדֶיךָ מִיַּיִן מֵישָׁרִים אֲהֵבוּךָ","rdfs:label":"שיר השירים א ד","jbo:sefer":"jbr:tanach-30","titles":[{"title":"שיר השירים א ד"},{"title":"שיר השירים פרק א פסוק ד"}]},{"uri":"jbr:tanach-30-1-5","jbo:text":"שחורה אני ונאוה בנות ירושלם כאהלי קדר כיריעות שלמה","jbo:textNikud":"שְׁחוֹרָה אֲנִי וְנָאוָה בְּנוֹת יְרוּשָׁלִָם כְּאָהֳלֵי קֵדָר כִּירִיעוֹת שְׁלֹמֹה","rdfs:label":"שיר השירים א ה","jbo:sefer":"jbr:tanach-30","titles":[{"title":"שיר השירים א ה"},{"title":"שיר השירים פרק א פסוק ה"}]},{"uri":"jbr:tanach-30-1-6","jbo:text":"אל תראוני שאני שחרחרת ששזפתני השמש בני אמי נחרו בי שמני נטרה את הכרמים כרמי שלי לא נטרתי","jbo:textNikud":"אַל תִּרְאוּנִי שֶׁאֲנִי שְׁחַרְחֹרֶת שֶׁשֱּׁזָפַתְנִי הַשָּׁמֶשׁ בְּנֵי אִמִּי נִחֲרוּ בִי שָׂמֻנִי נֹטֵרָה אֶת הַכְּרָמִים כַּרְמִי שֶׁלִּי לֹא נָטָרְתִּי","rdfs:label":"שיר השירים א ו","jbo:sefer":"jbr:tanach-30","titles":[{"title":"שיר השירים א ו"},{"title":"שיר השירים פרק א פסוק ו"}]},{"uri":"jbr:tanach-30-1-7","jbo:text":"הגידה לי שאהבה נפשי איכה תרעה איכה תרביץ בצהרים שלמה אהיה כעטיה על עדרי חבריך","jbo:textNikud":"הַגִּידָה לִּי שֶׁאָהֲבָה נַפְשִׁי אֵיכָה תִרְעֶה אֵיכָה תַּרְבִּיץ בַּצָּהֳרָיִם שַׁלָּמָה אֶהְיֶה כְּעֹטְיָה עַל עֶדְרֵי חֲבֵרֶיךָ","rdfs:label":"שיר השירים א ז","jbo:sefer":"jbr:tanach-30","titles":[{"title":"שיר השירים א ז"},{"title":"שיר השירים פרק א פסוק ז"}]},{"uri":"jbr:tanach-30-1-8","jbo:text":"אם לא תדעי לך היפה בנשים צאי לך בעקבי הצאן ורעי את גדיתיך על משכנות הרעים","jbo:textNikud":"אִם לֹא תֵדְעִי לָךְ הַיָּפָה בַּנָּשִׁים צְאִי לָךְ בְּעִקְבֵי הַצֹּאן וּרְעִי אֶת גְּדִיֹּתַיִךְ עַל מִשְׁכְּנוֹת הָרֹעִים","rdfs:label":"שיר השירים א ח","jbo:sefer":"jbr:tanach-30","titles":[{"title":"שיר השירים א ח"},{"title":"שיר השירים פרק א פסוק ח"}]},{"uri":"jbr:tanach-30-1-9","jbo:text":"לססתי ברכבי פרעה דמיתיך רעיתי","jbo:textNikud":"לְסֻסָתִי בְּרִכְבֵי פַרְעֹה דִּמִּיתִיךְ רַעְיָתִי","rdfs:label":"שיר השירים א ט","jbo:sefer":"jbr:tanach-30","titles":[{"title":"שיר השירים א ט"},{"title":"שיר השירים פרק א פסוק ט"}]},{"uri":"jbr:tanach-30-1-10","jbo:text":"נאוו לחייך בתרים צוארך בחרוזים","jbo:textNikud":"נָאווּ לְחָיַיִךְ בַּתֹּרִים צַוָּארֵךְ בַּחֲרוּזִים","rdfs:label":"שיר השירים א י","jbo:sefer":"jbr:tanach-30","titles":[{"title":"שיר השירים א י"},{"title":"שיר השירים פרק א פסוק י"}]},{"uri":"jbr:tanach-30-1-11","jbo:text":"תורי זהב נעשה לך עם נקדות הכסף","jbo:textNikud":"תּוֹרֵי זָהָב נַעֲשֶׂה לָּךְ עִם נְקֻדּוֹת הַכָּסֶף","rdfs:label":"שיר השירים א יא","jbo:sefer":"jbr:tanach-30","titles":[{"title":"שיר השירים א יא"},{"title":"שיר השירים פרק א פסוק יא"}]},{"uri":"jbr:tanach-30-1-12","jbo:text":"עד שהמלך במסבו נרדי נתן ריחו","jbo:textNikud":"עַד שֶׁהַמֶּלֶךְ בִּמְסִבּוֹ נִרְדִּי נָתַן רֵיחוֹ","rdfs:label":"שיר השירים א יב","jbo:sefer":"jbr:tanach-30","titles":[{"title":"שיר השירים א יב"},{"title":"שיר השירים פרק א פסוק יב"}]},{"uri":"jbr:tanach-30-1-13","jbo:text":"צרור המר דודי לי בין שדי ילין","jbo:textNikud":"צְרוֹר הַמֹּר דּוֹדִי לִי בֵּין שָׁדַי יָלִין","rdfs:label":"שיר השירים א יג","jbo:sefer":"jbr:tanach-30","titles":[{"title":"שיר השירים א יג"},{"title":"שיר השירים פרק א פסוק יג"}]},{"uri":"jbr:tanach-30-1-14","jbo:text":"אשכל הכפר דודי לי בכרמי עין גדי","jbo:textNikud":"אֶשְׁכֹּל הַכֹּפֶר דּוֹדִי לִי בְּכַרְמֵי עֵין גֶּדִי","rdfs:label":"שיר השירים א יד","jbo:sefer":"jbr:tanach-30","titles":[{"title":"שיר השירים א יד"},{"title":"שיר השירים פרק א פסוק יד"}]},{"uri":"jbr:tanach-30-1-15","jbo:text":"הנך יפה רעיתי הנך יפה עיניך יונים","jbo:textNikud":"הִנָּךְ יָפָה רַעְיָתִי הִנָּךְ יָפָה עֵינַיִךְ יוֹנִים","rdfs:label":"שיר השירים א טו","jbo:sefer":"jbr:tanach-30","titles":[{"title":"שיר השירים א טו"},{"title":"שיר השירים פרק א פסוק טו"}]},{"uri":"jbr:tanach-30-1-16","jbo:text":"הנך יפה דודי אף נעים אף ערשנו רעננה","jbo:textNikud":"הִנְּךָ יָפֶה דוֹדִי אַף נָעִים אַף עַרְשֵׂנוּ רַעֲנָנָה","rdfs:label":"שיר השירים א טז","jbo:sefer":"jbr:tanach-30","titles":[{"title":"שיר השירים א טז"},{"title":"שיר השירים פרק א פסוק טז"}]},{"uri":"jbr:tanach-30-1-17","jbo:text":"קרות בתינו ארזים (רחיטנו) רהיטנו ברותים","jbo:textNikud":"קֹרוֹת בָּתֵּינוּ אֲרָזִים (רחיטנו) רַהִיטֵנוּ בְּרוֹתִים","rdfs:label":"שיר השירים א יז","jbo:sefer":"jbr:tanach-30","titles":[{"title":"שיר השירים א יז"},{"title":"שיר השירים פרק א פסוק יז"}]},{"uri":"jbr:tanach-30-2-1","jbo:text":"אני חבצלת השרון שושנת העמקים","jbo:textNikud":"אֲנִי חֲבַצֶּלֶת הַשָּׁרוֹן שׁוֹשַׁנַּת הָעֲמָקִים","rdfs:label":"שיר השירים ב א","jbo:sefer":"jbr:tanach-30","titles":[{"title":"שיר השירים ב א"},{"title":"שיר השירים פרק ב פסוק א"}]},{"uri":"jbr:tanach-30-2-2","jbo:text":"כשושנה בין החוחים כן רעיתי בין הבנות","jbo:textNikud":"כְּשׁוֹשַׁנָּה בֵּין הַחוֹחִים כֵּן רַעְיָתִי בֵּין הַבָּנוֹת","rdfs:label":"שיר השירים ב ב","jbo:sefer":"jbr:tanach-30","titles":[{"title":"שיר השירים ב ב"},{"title":"שיר השירים פרק ב פסוק ב"}]},{"uri":"jbr:tanach-30-2-3","jbo:text":"כתפוח בעצי היער כן דודי בין הבנים בצלו חמדתי וישבתי ופריו מתוק לחכי","jbo:textNikud":"כְּתַפּוּחַ בַּעֲצֵי הַיַּעַר כֵּן דּוֹדִי בֵּין הַבָּנִים בְּצִלּוֹ חִמַּדְתִּי וְיָשַׁבְתִּי וּפִרְיוֹ מָתוֹק לְחִכִּי","rdfs:label":"שיר השירים ב ג","jbo:sefer":"jbr:tanach-30","titles":[{"title":"שיר השירים ב ג"},{"title":"שיר השירים פרק ב פסוק ג"}]},{"uri":"jbr:tanach-30-2-4","jbo:text":"הביאני אל בית היין ודגלו עלי אהבה","jbo:textNikud":"הֱבִיאַנִי אֶל בֵּית הַיָּיִן וְדִגְלוֹ עָלַי אַהֲבָה","rdfs:label":"שיר השירים ב ד","jbo:sefer":"jbr:tanach-30","titles":[{"title":"שיר השירים ב ד"},{"title":"שיר השירים פרק ב פסוק ד"}]},{"uri":"jbr:tanach-30-2-5","jbo:text":"סמכוני באשישות רפדוני בתפוחים כי חולת אהבה אני","jbo:textNikud":"סַמְּכוּנִי בָּאֲשִׁישׁוֹת רַפְּדוּנִי בַּתַּפּוּחִים כִּי חוֹלַת אַהֲבָה אָנִי","rdfs:label":"שיר השירים ב ה","jbo:sefer":"jbr:tanach-30","titles":[{"title":"שיר השירים ב ה"},{"title":"שיר השירים פרק ב פסוק ה"}]},{"uri":"jbr:tanach-30-2-6","jbo:text":"שמאלו תחת לראשי וימינו תחבקני","jbo:textNikud":"שְׂמֹאלוֹ תַּחַת לְרֹאשִׁי וִימִינוֹ תְּחַבְּקֵנִי","rdfs:label":"שיר השירים ב ו","jbo:sefer":"jbr:tanach-30","titles":[{"title":"שיר השירים ב ו"},{"title":"שיר השירים פרק ב פסוק ו"}]},{"uri":"jbr:tanach-30-2-7","jbo:text":"השבעתי אתכם בנות ירושלם בצבאות או באילות השדה אם תעירו ואם תעוררו את האהבה עד שתחפץ","jbo:textNikud":"הִשְׁבַּעְתִּי אֶתְכֶם בְּנוֹת יְרוּשָׁלִַם בִּצְבָאוֹת אוֹ בְּאַיְלוֹת הַשָּׂדֶה אִם תָּעִירוּ וְאִם תְּעוֹרְרוּ אֶת הָאַהֲבָה עַד שֶׁתֶּחְפָּץ","rdfs:label":"שיר השירים ב ז","jbo:sefer":"jbr:tanach-30","titles":[{"title":"שיר השירים ב ז"},{"title":"שיר השירים פרק ב פסוק ז"}]},{"uri":"jbr:tanach-30-2-8","jbo:text":"קול דודי הנה זה בא מדלג על ההרים מקפץ על הגבעות","jbo:textNikud":"קוֹל דּוֹדִי הִנֵּה זֶה בָּא מְדַלֵּג עַל הֶהָרִים מְקַפֵּץ עַל הַגְּבָעוֹת","rdfs:label":"שיר השירים ב ח","jbo:sefer":"jbr:tanach-30","titles":[{"title":"שיר השירים ב ח"},{"title":"שיר השירים פרק ב פסוק ח"}]},{"uri":"jbr:tanach-30-2-9","jbo:text":"דומה דודי לצבי או לעפר האילים הנה זה עומד אחר כתלנו משגיח מן החלנות מציץ מן החרכים","jbo:textNikud":"דּוֹמֶה דוֹדִי לִצְבִי אוֹ לְעֹפֶר הָאַיָּלִים הִנֵּה זֶה עוֹמֵד אַחַר כָּתְלֵנוּ מַשְׁגִּיחַ מִן הַחֲלֹּנוֹת מֵצִיץ מִן הַחֲרַכִּים","rdfs:label":"שיר השירים ב ט","jbo:sefer":"jbr:tanach-30","titles":[{"title":"שיר השירים ב ט"},{"title":"שיר השירים פרק ב פסוק ט"}]},{"uri":"jbr:tanach-30-2-10","jbo:text":"ענה דודי ואמר לי קומי לך רעיתי יפתי ולכי לך","jbo:textNikud":"עָנָה דוֹדִי וְאָמַר לִי קוּמִי לָךְ רַעְיָתִי יָפָתִי וּלְכִי לָךְ","rdfs:label":"שיר השירים ב י","jbo:sefer":"jbr:tanach-30","titles":[{"title":"שיר השירים ב י"},{"title":"שיר השירים פרק ב פסוק י"}]},{"uri":"jbr:tanach-30-2-11","jbo:text":"כי הנה (הסתו) הסתיו עבר הגשם חלף הלך לו","jbo:textNikud":"כִּי הִנֵּה (הסתו) הַסְּתָיו עָבָר הַגֶּשֶׁם חָלַף הָלַךְ לוֹ","rdfs:label":"שיר השירים ב יא","jbo:sefer":"jbr:tanach-30","titles":[{"title":"שיר השירים ב יא"},{"title":"שיר השירים פרק ב פסוק יא"}]},{"uri":"jbr:tanach-30-2-12","jbo:text":"הנצנים נראו בארץ עת הזמיר הגיע וקול התור נשמע בארצנו","jbo:textNikud":"הַנִּצָּנִים נִרְאוּ בָאָרֶץ עֵת הַזָּמִיר הִגִּיעַ וְקוֹל הַתּוֹר נִשְׁמַע בְּאַרְצֵנוּ","rdfs:label":"שיר השירים ב יב","jbo:sefer":"jbr:tanach-30","titles":[{"title":"שיר השירים ב יב"},{"title":"שיר השירים פרק ב פסוק יב"}]},{"uri":"jbr:tanach-30-2-13","jbo:text":"התאנה חנטה פגיה והגפנים סמדר נתנו ריח קומי (לכי) לך רעיתי יפתי ולכי לך","jbo:textNikud":"הַתְּאֵנָה חָנְטָה פַגֶּיהָ וְהַגְּפָנִים סְמָדַר נָתְנוּ רֵיחַ קוּמִי (לכי) לָךְ רַעְיָתִי יָפָתִי וּלְכִי לָךְ","rdfs:label":"שיר השירים ב יג","jbo:sefer":"jbr:tanach-30","titles":[{"title":"שיר השירים ב יג"},{"title":"שיר השירים פרק ב פסוק יג"}]},{"uri":"jbr:tanach-30-2-14","jbo:text":"יונתי בחגוי הסלע בסתר המדרגה הראיני את מראיך השמיעיני את קולך כי קולך ערב ומראיך נאוה","jbo:textNikud":"יוֹנָתִי בְּחַגְוֵי הַסֶּלַע בְּסֵתֶר הַמַּדְרֵגָה הַרְאִינִי אֶת מַרְאַיִךְ הַשְׁמִיעִינִי אֶת קוֹלֵךְ כִּי קוֹלֵךְ עָרֵב וּמַרְאֵיךְ נָאוֶה","rdfs:label":"שיר השירים ב יד","jbo:sefer":"jbr:tanach-30","titles":[{"title":"שיר השירים ב יד"},{"title":"שיר השירים פרק ב פסוק יד"}]},{"uri":"jbr:tanach-30-2-15","jbo:text":"אחזו לנו שועלים שועלים קטנים מחבלים כרמים וכרמינו סמדר","jbo:textNikud":"אֶחֱזוּ לָנוּ שׁוּעָלִים שׁוּעָלִים קְטַנִּים מְחַבְּלִים כְּרָמִים וּכְרָמֵינוּ סְמָדַר","rdfs:label":"שיר השירים ב טו","jbo:sefer":"jbr:tanach-30","titles":[{"title":"שיר השירים ב טו"},{"title":"שיר השירים פרק ב פסוק טו"}]},{"uri":"jbr:tanach-30-2-16","jbo:text":"דודי לי ואני לו הרעה בשושנים","jbo:textNikud":"דּוֹדִי לִי וַאֲנִי לוֹ הָרֹעֶה בַּשּׁוֹשַׁנִּים","rdfs:label":"שיר השירים ב טז","jbo:sefer":"jbr:tanach-30","titles":[{"title":"שיר השירים ב טז"},{"title":"שיר השירים פרק ב פסוק טז"}]},{"uri":"jbr:tanach-30-2-17","jbo:text":"עד שיפוח היום ונסו הצללים סב דמה לך דודי לצבי או לעפר האילים על הרי בתר","jbo:textNikud":"עַד שֶׁיָּפוּחַ הַיּוֹם וְנָסוּ הַצְּלָלִים סֹב דְּמֵה לְךָ דוֹדִי לִצְבִי אוֹ לְעֹפֶר הָאַיָּלִים עַל הָרֵי בָתֶר","rdfs:label":"שיר השירים ב יז","jbo:sefer":"jbr:tanach-30","titles":[{"title":"שיר השירים ב יז"},{"title":"שיר השירים פרק ב פסוק יז"}]},{"uri":"jbr:tanach-30-3-1","jbo:text":"על משכבי בלילות בקשתי את שאהבה נפשי בקשתיו ולא מצאתיו","jbo:textNikud":"עַל מִשְׁכָּבִי בַּלֵּילוֹת בִּקַּשְׁתִּי אֵת שֶׁאָהֲבָה נַפְשִׁי בִּקַּשְׁתִּיו וְלֹא מְצָאתִיו","rdfs:label":"שיר השירים ג א","jbo:sefer":"jbr:tanach-30","titles":[{"title":"שיר השירים ג א"},{"title":"שיר השירים פרק ג פסוק א"}]},{"uri":"jbr:tanach-30-3-2","jbo:text":"אקומה נא ואסובבה בעיר בשוקים וברחבות אבקשה את שאהבה נפשי בקשתיו ולא מצאתיו","jbo:textNikud":"אָקוּמָה נָּא וַאֲסוֹבְבָה בָעִיר בַּשְּׁוָקִים וּבָרְחֹבוֹת אֲבַקְשָׁה אֵת שֶׁאָהֲבָה נַפְשִׁי בִּקַּשְׁתִּיו וְלֹא מְצָאתִיו","rdfs:label":"שיר השירים ג ב","jbo:sefer":"jbr:tanach-30","titles":[{"title":"שיר השירים ג ב"},{"title":"שיר השירים פרק ג פסוק ב"}]},{"uri":"jbr:tanach-30-3-3","jbo:text":"מצאוני השמרים הסבבים בעיר את שאהבה נפשי ראיתם","jbo:textNikud":"מְצָאוּנִי הַשֹּׁמְרִים הַסֹּבְבִים בָּעִיר אֵת שֶׁאָהֲבָה נַפְשִׁי רְאִיתֶם","rdfs:label":"שיר השירים ג ג","jbo:sefer":"jbr:tanach-30","titles":[{"title":"שיר השירים ג ג"},{"title":"שיר השירים פרק ג פסוק ג"}]},{"uri":"jbr:tanach-30-3-4","jbo:text":"כמעט שעברתי מהם עד שמצאתי את שאהבה נפשי אחזתיו ולא ארפנו עד שהביאתיו אל בית אמי ואל חדר הורתי","jbo:textNikud":"כִּמְעַט שֶׁעָבַרְתִּי מֵהֶם עַד שֶׁמָּצָאתִי אֵת שֶׁאָהֲבָה נַפְשִׁי אֲחַזְתִּיו וְלֹא אַרְפֶּנּוּ עַד שֶׁהֲבֵיאתִיו אֶל בֵּית אִמִּי וְאֶל חֶדֶר הוֹרָתִי","rdfs:label":"שיר השירים ג ד","jbo:sefer":"jbr:tanach-30","titles":[{"title":"שיר השירים ג ד"},{"title":"שיר השירים פרק ג פסוק ד"}]},{"uri":"jbr:tanach-30-3-5","jbo:text":"השבעתי אתכם בנות ירושלם בצבאות או באילות השדה אם תעירו ואם תעוררו את האהבה עד שתחפץ","jbo:textNikud":"הִשְׁבַּעְתִּי אֶתְכֶם בְּנוֹת יְרוּשָׁלִַם בִּצְבָאוֹת אוֹ בְּאַיְלוֹת הַשָּׂדֶה אִם תָּעִירוּ וְאִם תְּעוֹרְרוּ אֶת הָאַהֲבָה עַד שֶׁתֶּחְפָּץ","rdfs:label":"שיר השירים ג ה","jbo:sefer":"jbr:tanach-30","titles":[{"title":"שיר השירים ג ה"},{"title":"שיר השירים פרק ג פסוק ה"}]},{"uri":"jbr:tanach-30-3-6","jbo:text":"מי זאת עלה מן המדבר כתימרות עשן מקטרת מור ולבונה מכל אבקת רוכל","jbo:textNikud":"מִי זֹאת עֹלָה מִן הַמִּדְבָּר כְּתִימֲרוֹת עָשָׁן מְקֻטֶּרֶת מוֹר וּלְבוֹנָה מִכֹּל אַבְקַת רוֹכֵל","rdfs:label":"שיר השירים ג ו","jbo:sefer":"jbr:tanach-30","titles":[{"title":"שיר השירים ג ו"},{"title":"שיר השירים פרק ג פסוק ו"}]},{"uri":"jbr:tanach-30-3-7","jbo:text":"הנה מטתו שלשלמה ששים גברים סביב לה מגברי ישראל","jbo:textNikud":"הִנֵּה מִטָּתוֹ שֶׁלִּשְׁלֹמֹה שִׁשִּׁים גִּבֹּרִים סָבִיב לָהּ מִגִּבֹּרֵי יִשְׂרָאֵל","rdfs:label":"שיר השירים ג ז","jbo:sefer":"jbr:tanach-30","titles":[{"title":"שיר השירים ג ז"},{"title":"שיר השירים פרק ג פסוק ז"}]},{"uri":"jbr:tanach-30-3-8","jbo:text":"כלם אחזי חרב מלמדי מלחמה איש חרבו על ירכו מפחד בלילות","jbo:textNikud":"כֻּלָּם אֲחֻזֵי חֶרֶב מְלֻמְּדֵי מִלְחָמָה אִישׁ חַרְבּוֹ עַל יְרֵכוֹ מִפַּחַד בַּלֵּילוֹת","rdfs:label":"שיר השירים ג ח","jbo:sefer":"jbr:tanach-30","titles":[{"title":"שיר השירים ג ח"},{"title":"שיר השירים פרק ג פסוק ח"}]},{"uri":"jbr:tanach-30-3-9","jbo:text":"אפריון עשה לו המלך שלמה מעצי הלבנון","jbo:textNikud":"אַפִּרְיוֹן עָשָׂה לוֹ הַמֶּלֶךְ שְׁלֹמֹה מֵעֲצֵי הַלְּבָנוֹן","rdfs:label":"שיר השירים ג ט","jbo:sefer":"jbr:tanach-30","titles":[{"title":"שיר השירים ג ט"},{"title":"שיר השירים פרק ג פסוק ט"}]},{"uri":"jbr:tanach-30-3-10","jbo:text":"עמודיו עשה כסף רפידתו זהב מרכבו ארגמן תוכו רצוף אהבה מבנות ירושלם","jbo:textNikud":"עַמּוּדָיו עָשָׂה כֶסֶף רְפִידָתוֹ זָהָב מֶרְכָּבוֹ אַרְגָּמָן תּוֹכוֹ רָצוּף אַהֲבָה מִבְּנוֹת יְרוּשָׁלִָם","rdfs:label":"שיר השירים ג י","jbo:sefer":"jbr:tanach-30","titles":[{"title":"שיר השירים ג י"},{"title":"שיר השירים פרק ג פסוק י"}]},{"uri":"jbr:tanach-30-3-11","jbo:text":"צאינה וראינה בנות ציון במלך שלמה בעטרה שעטרה לו אמו ביום חתנתו וביום שמחת לבו","jbo:textNikud":"צְאֶינָה וּרְאֶינָה בְּנוֹת צִיּוֹן בַּמֶּלֶךְ שְׁלֹמֹה בָּעֲטָרָה שֶׁעִטְּרָה לּוֹ אִמּוֹ בְּיוֹם חֲתֻנָּתוֹ וּבְיוֹם שִׂמְחַת לִבּוֹ","rdfs:label":"שיר השירים ג יא","jbo:sefer":"jbr:tanach-30","titles":[{"title":"שיר השירים ג יא"},{"title":"שיר השירים פרק ג פסוק יא"}]},{"uri":"jbr:tanach-30-4-1","jbo:text":"הנך יפה רעיתי הנך יפה עיניך יונים מבעד לצמתך שערך כעדר העזים שגלשו מהר גלעד","jbo:textNikud":"הִנָּךְ יָפָה רַעְיָתִי הִנָּךְ יָפָה עֵינַיִךְ יוֹנִים מִבַּעַד לְצַמָּתֵךְ שַׂעְרֵךְ כְּעֵדֶר הָעִזִּים שֶׁגָּלְשׁוּ מֵהַר גִּלְעָד","rdfs:label":"שיר השירים ד א","jbo:sefer":"jbr:tanach-30","titles":[{"title":"שיר השירים ד א"},{"title":"שיר השירים פרק ד פסוק א"}]},{"uri":"jbr:tanach-30-4-2","jbo:text":"שניך כעדר הקצובות שעלו מן הרחצה שכלם מתאימות ושכלה אין בהם","jbo:textNikud":"שִׁנַּיִךְ כְּעֵדֶר הַקְּצוּבוֹת שֶׁעָלוּ מִן הָרַחְצָה שֶׁכֻּלָּם מַתְאִימוֹת וְשַׁכֻּלָה אֵין בָּהֶם","rdfs:label":"שיר השירים ד ב","jbo:sefer":"jbr:tanach-30","titles":[{"title":"שיר השירים ד ב"},{"title":"שיר השירים פרק ד פסוק ב"}]},{"uri":"jbr:tanach-30-4-3","jbo:text":"כחוט השני שפתתיך ומדבריך נאוה כפלח הרמון רקתך מבעד לצמתך","jbo:textNikud":"כְּחוּט הַשָּׁנִי שִׂפְתֹתַיִךְ וּמִדְבָּרֵיךְ נָאוֶה כְּפֶלַח הָרִמּוֹן רַקָּתֵךְ מִבַּעַד לְצַמָּתֵךְ","rdfs:label":"שיר השירים ד ג","jbo:sefer":"jbr:tanach-30","titles":[{"title":"שיר השירים ד ג"},{"title":"שיר השירים פרק ד פסוק ג"}]},{"uri":"jbr:tanach-30-4-4","jbo:text":"כמגדל דויד צוארך בנוי לתלפיות אלף המגן תלוי עליו כל שלטי הגבורים","jbo:textNikud":"כְּמִגְדַּל דָּוִיד צַוָּארֵךְ בָּנוּי לְתַלְפִּיּוֹת אֶלֶף הַמָּגֵן תָּלוּי עָלָיו כֹּל שִׁלְטֵי הַגִּבּוֹרִים","rdfs:label":"שיר השירים ד ד","jbo:sefer":"jbr:tanach-30","titles":[{"title":"שיר השירים ד ד"},{"title":"שיר השירים פרק ד פסוק ד"}]},{"uri":"jbr:tanach-30-4-5","jbo:text":"שני שדיך כשני עפרים תאומי צביה הרועים בשושנים","jbo:textNikud":"שְׁנֵי שָׁדַיִךְ כִּשְׁנֵי עֳפָרִים תְּאוֹמֵי צְבִיָּה הָרוֹעִים בַּשּׁוֹשַׁנִּים","rdfs:label":"שיר השירים ד ה","jbo:sefer":"jbr:tanach-30","titles":[{"title":"שיר השירים ד ה"},{"title":"שיר השירים פרק ד פסוק ה"}]},{"uri":"jbr:tanach-30-4-6","jbo:text":"עד שיפוח היום ונסו הצללים אלך לי אל הר המור ואל גבעת הלבונה","jbo:textNikud":"עַד שֶׁיָּפוּחַ הַיּוֹם וְנָסוּ הַצְּלָלִים אֵלֶךְ לִי אֶל הַר הַמּוֹר וְאֶל גִּבְעַת הַלְּבוֹנָה","rdfs:label":"שיר השירים ד ו","jbo:sefer":"jbr:tanach-30","titles":[{"title":"שיר השירים ד ו"},{"title":"שיר השירים פרק ד פסוק ו"}]},{"uri":"jbr:tanach-30-4-7","jbo:text":"כלך יפה רעיתי ומום אין בך","jbo:textNikud":"כֻּלָּךְ יָפָה רַעְיָתִי וּמוּם אֵין בָּךְ","rdfs:label":"שיר השירים ד ז","jbo:sefer":"jbr:tanach-30","titles":[{"title":"שיר השירים ד ז"},{"title":"שיר השירים פרק ד פסוק ז"}]},{"uri":"jbr:tanach-30-4-8","jbo:text":"אתי מלבנון כלה אתי מלבנון תבואי תשורי מראש אמנה מראש שניר וחרמון ממענות אריות מהררי נמרים","jbo:textNikud":"אִתִּי מִלְּבָנוֹן כַּלָּה אִתִּי מִלְּבָנוֹן תָּבוֹאִי תָּשׁוּרִי מֵרֹאשׁ אֲמָנָה מֵרֹאשׁ שְׂנִיר וְחֶרְמוֹן מִמְּעֹנוֹת אֲרָיוֹת מֵהַרְרֵי נְמֵרִים","rdfs:label":"שיר השירים ד ח","jbo:sefer":"jbr:tanach-30","titles":[{"title":"שיר השירים ד ח"},{"title":"שיר השירים פרק ד פסוק ח"}]},{"uri":"jbr:tanach-30-4-9","jbo:text":"לבבתני אחתי כלה לבבתיני (באחד) באחת מעיניך באחד ענק מצורניך","jbo:textNikud":"לִבַּבְתִּנִי אֲחֹתִי כַלָּה לִבַּבְתִּינִי (באחד) בְּאַחַת מֵעֵינַיִךְ בְּאַחַד עֲנָק מִצַּוְּרֹנָיִךְ","rdfs:label":"שיר השירים ד ט","jbo:sefer":"jbr:tanach-30","titles":[{"title":"שיר השירים ד ט"},{"title":"שיר השירים פרק ד פסוק ט"}]},{"uri":"jbr:tanach-30-4-10","jbo:text":"מה יפו דדיך אחתי כלה מה טבו דדיך מיין וריח שמניך מכל בשמים","jbo:textNikud":"מַה יָּפוּ דֹדַיִךְ אֲחֹתִי כַלָּה מַה טֹּבוּ דֹדַיִךְ מִיַּיִן וְרֵיחַ שְׁמָנַיִךְ מִכָּל בְּשָׂמִים","rdfs:label":"שיר השירים ד י","jbo:sefer":"jbr:tanach-30","titles":[{"title":"שיר השירים ד י"},{"title":"שיר השירים פרק ד פסוק י"}]},{"uri":"jbr:tanach-30-4-11","jbo:text":"נפת תטפנה שפתותיך כלה דבש וחלב תחת לשונך וריח שלמתיך כריח לבנון","jbo:textNikud":"נֹפֶת תִּטֹּפְנָה שִׂפְתוֹתַיִךְ כַּלָּה דְּבַשׁ וְחָלָב תַּחַת לְשׁוֹנֵךְ וְרֵיחַ שַׂלְמֹתַיִךְ כְּרֵיחַ לְבָנוֹן","rdfs:label":"שיר השירים ד יא","jbo:sefer":"jbr:tanach-30","titles":[{"title":"שיר השירים ד יא"},{"title":"שיר השירים פרק ד פסוק יא"}]},{"uri":"jbr:tanach-30-4-12","jbo:text":"גן נעול אחתי כלה גל נעול מעין חתום","jbo:textNikud":"גַּן נָעוּל אֲחֹתִי כַלָּה גַּל נָעוּל מַעְיָן חָתוּם","rdfs:label":"שיר השירים ד יב","jbo:sefer":"jbr:tanach-30","titles":[{"title":"שיר השירים ד יב"},{"title":"שיר השירים פרק ד פסוק יב"}]},{"uri":"jbr:tanach-30-4-13","jbo:text":"שלחיך פרדס רמונים עם פרי מגדים כפרים עם נרדים","jbo:textNikud":"שְׁלָחַיִךְ פַּרְדֵּס רִמּוֹנִים עִם פְּרִי מְגָדִים כְּפָרִים עִם נְרָדִים","rdfs:label":"שיר השירים ד יג","jbo:sefer":"jbr:tanach-30","titles":[{"title":"שיר השירים ד יג"},{"title":"שיר השירים פרק ד פסוק יג"}]},{"uri":"jbr:tanach-30-4-14","jbo:text":"נרד וכרכם קנה וקנמון עם כל עצי לבונה מר ואהלות עם כל ראשי בשמים","jbo:textNikud":"נֵרְדְּ וְכַרְכֹּם קָנֶה וְקִנָּמוֹן עִם כָּל עֲצֵי לְבוֹנָה מֹר וַאֲהָלוֹת עִם כָּל רָאשֵׁי בְשָׂמִים","rdfs:label":"שיר השירים ד יד","jbo:sefer":"jbr:tanach-30","titles":[{"title":"שיר השירים ד יד"},{"title":"שיר השירים פרק ד פסוק יד"}]},{"uri":"jbr:tanach-30-4-15","jbo:text":"מעין גנים באר מים חיים ונזלים מן לבנון","jbo:textNikud":"מַעְיַן גַּנִּים בְּאֵר מַיִם חַיִּים וְנֹזְלִים מִן לְבָנוֹן","rdfs:label":"שיר השירים ד טו","jbo:sefer":"jbr:tanach-30","titles":[{"title":"שיר השירים ד טו"},{"title":"שיר השירים פרק ד פסוק טו"}]},{"uri":"jbr:tanach-30-4-16","jbo:text":"עורי צפון ובואי תימן הפיחי גני יזלו בשמיו יבא דודי לגנו ויאכל פרי מגדיו","jbo:textNikud":"עוּרִי צָפוֹן וּבוֹאִי תֵימָן הָפִיחִי גַנִּי יִזְּלוּ בְשָׂמָיו יָבֹא דוֹדִי לְגַנּוֹ וְיֹאכַל פְּרִי מְגָדָיו","rdfs:label":"שיר השירים ד טז","jbo:sefer":"jbr:tanach-30","titles":[{"title":"שיר השירים ד טז"},{"title":"שיר השירים פרק ד פסוק טז"}]},{"uri":"jbr:tanach-30-5-1","jbo:text":"באתי לגני אחתי כלה אריתי מורי עם בשמי אכלתי יערי עם דבשי שתיתי ייני עם חלבי אכלו רעים שתו ושכרו דודים","jbo:textNikud":"בָּאתִי לְגַנִּי אֲחֹתִי כַלָּה אָרִיתִי מוֹרִי עִם בְּשָׂמִי אָכַלְתִּי יַעְרִי עִם דִּבְשִׁי שָׁתִיתִי יֵינִי עִם חֲלָבִי אִכְלוּ רֵעִים שְׁתוּ וְשִׁכְרוּ דּוֹדִים","rdfs:label":"שיר השירים ה א","jbo:sefer":"jbr:tanach-30","titles":[{"title":"שיר השירים ה א"},{"title":"שיר השירים פרק ה פסוק א"}]},{"uri":"jbr:tanach-30-5-2","jbo:text":"אני ישנה ולבי ער קול דודי דופק פתחי לי אחתי רעיתי יונתי תמתי שראשי נמלא טל קוצותי רסיסי לילה","jbo:textNikud":"אֲנִי יְשֵׁנָה וְלִבִּי עֵר קוֹל דּוֹדִי דוֹפֵק פִּתְחִי לִי אֲחֹתִי רַעְיָתִי יוֹנָתִי תַמָּתִי שֶׁרֹּאשִׁי נִמְלָא טָל קְוֻּצּוֹתַי רְסִיסֵי לָיְלָה","rdfs:label":"שיר השירים ה ב","jbo:sefer":"jbr:tanach-30","titles":[{"title":"שיר השירים ה ב"},{"title":"שיר השירים פרק ה פסוק ב"}]},{"uri":"jbr:tanach-30-5-3","jbo:text":"פשטתי את כתנתי איככה אלבשנה רחצתי את רגלי איככה אטנפם","jbo:textNikud":"פָּשַׁטְתִּי אֶת כֻּתָּנְתִּי אֵיכָכָה אֶלְבָּשֶׁנָּה רָחַצְתִּי אֶת רַגְלַי אֵיכָכָה אֲטַנְּפֵם","rdfs:label":"שיר השירים ה ג","jbo:sefer":"jbr:tanach-30","titles":[{"title":"שיר השירים ה ג"},{"title":"שיר השירים פרק ה פסוק ג"}]},{"uri":"jbr:tanach-30-5-4","jbo:text":"דודי שלח ידו מן החר ומעי המו עליו","jbo:textNikud":"דּוֹדִי שָׁלַח יָדוֹ מִן הַחֹר וּמֵעַי הָמוּ עָלָיו","rdfs:label":"שיר השירים ה ד","jbo:sefer":"jbr:tanach-30","titles":[{"title":"שיר השירים ה ד"},{"title":"שיר השירים פרק ה פסוק ד"}]},{"uri":"jbr:tanach-30-5-5","jbo:text":"קמתי אני לפתח לדודי וידי נטפו מור ואצבעתי מור עבר על כפות המנעול","jbo:textNikud":"קַמְתִּי אֲנִי לִפְתֹּחַ לְדוֹדִי וְיָדַי נָטְפוּ מוֹר וְאֶצְבְּעֹתַי מוֹר עֹבֵר עַל כַּפּוֹת הַמַּנְעוּל","rdfs:label":"שיר השירים ה ה","jbo:sefer":"jbr:tanach-30","titles":[{"title":"שיר השירים ה ה"},{"title":"שיר השירים פרק ה פסוק ה"}]},{"uri":"jbr:tanach-30-5-6","jbo:text":"פתחתי אני לדודי ודודי חמק עבר נפשי יצאה בדברו בקשתיהו ולא מצאתיהו קראתיו ולא ענני","jbo:textNikud":"פָּתַחְתִּי אֲנִי לְדוֹדִי וְדוֹדִי חָמַק עָבָר נַפְשִׁי יָצְאָה בְדַבְּרוֹ בִּקַּשְׁתִּיהוּ וְלֹא מְצָאתִיהוּ קְרָאתִיו וְלֹא עָנָנִי","rdfs:label":"שיר השירים ה ו","jbo:sefer":"jbr:tanach-30","titles":[{"title":"שיר השירים ה ו"},{"title":"שיר השירים פרק ה פסוק ו"}]},{"uri":"jbr:tanach-30-5-7","jbo:text":"מצאני השמרים הסבבים בעיר הכוני פצעוני נשאו את רדידי מעלי שמרי החמות","jbo:textNikud":"מְצָאֻנִי הַשֹּׁמְרִים הַסֹּבְבִים בָּעִיר הִכּוּנִי פְצָעוּנִי נָשְׂאוּ אֶת רְדִידִי מֵעָלַי שֹׁמְרֵי הַחֹמוֹת","rdfs:label":"שיר השירים ה ז","jbo:sefer":"jbr:tanach-30","titles":[{"title":"שיר השירים ה ז"},{"title":"שיר השירים פרק ה פסוק ז"}]},{"uri":"jbr:tanach-30-5-8","jbo:text":"השבעתי אתכם בנות ירושלם אם תמצאו את דודי מה תגידו לו שחולת אהבה אני","jbo:textNikud":"הִשְׁבַּעְתִּי אֶתְכֶם בְּנוֹת יְרוּשָׁלִָם אִם תִּמְצְאוּ אֶת דּוֹדִי מַה תַּגִּידוּ לוֹ שֶׁחוֹלַת אַהֲבָה אָנִי","rdfs:label":"שיר השירים ה ח","jbo:sefer":"jbr:tanach-30","titles":[{"title":"שיר השירים ה ח"},{"title":"שיר השירים פרק ה פסוק ח"}]},{"uri":"jbr:tanach-30-5-9","jbo:text":"מה דודך מדוד היפה בנשים מה דודך מדוד שככה השבעתנו","jbo:textNikud":"מַה דּוֹדֵךְ מִדּוֹד הַיָּפָה בַּנָּשִׁים מַה דּוֹדֵךְ מִדּוֹד שֶׁכָּכָה הִשְׁבַּעְתָּנוּ","rdfs:label":"שיר השירים ה ט","jbo:sefer":"jbr:tanach-30","titles":[{"title":"שיר השירים ה ט"},{"title":"שיר השירים פרק ה פסוק ט"}]},{"uri":"jbr:tanach-30-5-10","jbo:text":"דודי צח ואדום דגול מרבבה","jbo:textNikud":"דּוֹדִי צַח וְאָדוֹם דָּגוּל מֵרְבָבָה","rdfs:label":"שיר השירים ה י","jbo:sefer":"jbr:tanach-30","titles":[{"title":"שיר השירים ה י"},{"title":"שיר השירים פרק ה פסוק י"}]},{"uri":"jbr:tanach-30-5-11","jbo:text":"ראשו כתם פז קוצותיו תלתלים שחרות כעורב","jbo:textNikud":"רֹאשׁוֹ כֶּתֶם פָּז קְוּצּוֹתָיו תַּלְתַּלִּים שְׁחֹרוֹת כָּעוֹרֵב","rdfs:label":"שיר השירים ה יא","jbo:sefer":"jbr:tanach-30","titles":[{"title":"שיר השירים ה יא"},{"title":"שיר השירים פרק ה פסוק יא"}]},{"uri":"jbr:tanach-30-5-12","jbo:text":"עיניו כיונים על אפיקי מים רחצות בחלב ישבות על מלאת","jbo:textNikud":"עֵינָיו כְּיוֹנִים עַל אֲפִיקֵי מָיִם רֹחֲצוֹת בֶּחָלָב יֹשְׁבוֹת עַל מִלֵּאת","rdfs:label":"שיר השירים ה יב","jbo:sefer":"jbr:tanach-30","titles":[{"title":"שיר השירים ה יב"},{"title":"שיר השירים פרק ה פסוק יב"}]},{"uri":"jbr:tanach-30-5-13","jbo:text":"לחיו כערוגת הבשם מגדלות מרקחים שפתותיו שושנים נטפות מור עבר","jbo:textNikud":"לְחָיָו כַּעֲרוּגַת הַבֹּשֶׂם מִגְדְּלוֹת מֶרְקָחִים שִׂפְתוֹתָיו שׁוֹשַׁנִּים נֹטְפוֹת מוֹר עֹבֵר","rdfs:label":"שיר השירים ה יג","jbo:sefer":"jbr:tanach-30","titles":[{"title":"שיר השירים ה יג"},{"title":"שיר השירים פרק ה פסוק יג"}]},{"uri":"jbr:tanach-30-5-14","jbo:text":"ידיו גלילי זהב ממלאים בתרשיש מעיו עשת שן מעלפת ספירים","jbo:textNikud":"יָדָיו גְּלִילֵי זָהָב מְמֻלָּאִים בַּתַּרְשִׁישׁ מֵעָיו עֶשֶׁת שֵׁן מְעֻלֶּפֶת סַפִּירִים","rdfs:label":"שיר השירים ה יד","jbo:sefer":"jbr:tanach-30","titles":[{"title":"שיר השירים ה יד"},{"title":"שיר השירים פרק ה פסוק יד"}]},{"uri":"jbr:tanach-30-5-15","jbo:text":"שוקיו עמודי שש מיסדים על אדני פז מראהו כלבנון בחור כארזים","jbo:textNikud":"שׁוֹקָיו עַמּוּדֵי שֵׁשׁ מְיֻסָּדִים עַל אַדְנֵי פָז מַרְאֵהוּ כַּלְּבָנוֹן בָּחוּר כָּאֲרָזִים","rdfs:label":"שיר השירים ה טו","jbo:sefer":"jbr:tanach-30","titles":[{"title":"שיר השירים ה טו"},{"title":"שיר השירים פרק ה פסוק טו"}]},{"uri":"jbr:tanach-30-5-16","jbo:text":"חכו ממתקים וכלו מחמדים זה דודי וזה רעי בנות ירושלם","jbo:textNikud":"חִכּוֹ מַמְתַקִּים וְכֻלּוֹ מַחֲמַדִּים זֶה דוֹדִי וְזֶה רֵעִי בְּנוֹת יְרוּשָׁלִָם","rdfs:label":"שיר השירים ה טז","jbo:sefer":"jbr:tanach-30","titles":[{"title":"שיר השירים ה טז"},{"title":"שיר השירים פרק ה פסוק טז"}]},{"uri":"jbr:tanach-30-6-1","jbo:text":"אנה הלך דודך היפה בנשים אנה פנה דודך ונבקשנו עמך","jbo:textNikud":"אָנָה הָלַךְ דּוֹדֵךְ הַיָּפָה בַּנָּשִׁים אָנָה פָּנָה דוֹדֵךְ וּנְבַקְשֶׁנּוּ עִמָּךְ","rdfs:label":"שיר השירים ו א","jbo:sefer":"jbr:tanach-30","titles":[{"title":"שיר השירים ו א"},{"title":"שיר השירים פרק ו פסוק א"}]},{"uri":"jbr:tanach-30-6-2","jbo:text":"דודי ירד לגנו לערוגות הבשם לרעות בגנים וללקט שושנים","jbo:textNikud":"דּוֹדִי יָרַד לְגַנּוֹ לַעֲרוּגוֹת הַבֹּשֶׂם לִרְעוֹת בַּגַּנִּים וְלִלְקֹט שׁוֹשַׁנִּים","rdfs:label":"שיר השירים ו ב","jbo:sefer":"jbr:tanach-30","titles":[{"title":"שיר השירים ו ב"},{"title":"שיר השירים פרק ו פסוק ב"}]},{"uri":"jbr:tanach-30-6-3","jbo:text":"אני לדודי ודודי לי הרעה בשושנים","jbo:textNikud":"אֲנִי לְדוֹדִי וְדוֹדִי לִי הָרֹעֶה בַּשּׁוֹשַׁנִּים","rdfs:label":"שיר השירים ו ג","jbo:sefer":"jbr:tanach-30","titles":[{"title":"שיר השירים ו ג"},{"title":"שיר השירים פרק ו פסוק ג"}]},{"uri":"jbr:tanach-30-6-4","jbo:text":"יפה את רעיתי כתרצה נאוה כירושלם אימה כנדגלות","jbo:textNikud":"יָפָה אַתְּ רַעְיָתִי כְּתִרְצָה נָאוָה כִּירוּשָׁלִָם אֲיֻמָּה כַּנִּדְגָּלוֹת","rdfs:label":"שיר השירים ו ד","jbo:sefer":"jbr:tanach-30","titles":[{"title":"שיר השירים ו ד"},{"title":"שיר השירים פרק ו פסוק ד"}]},{"uri":"jbr:tanach-30-6-5","jbo:text":"הסבי עיניך מנגדי שהם הרהיבני שערך כעדר העזים שגלשו מן הגלעד","jbo:textNikud":"הָסֵבִּי עֵינַיִךְ מִנֶּגְדִּי שֶׁהֵם הִרְהִיבֻנִי שַׂעְרֵךְ כְּעֵדֶר הָעִזִּים שֶׁגָּלְשׁוּ מִן הַגִּלְעָד","rdfs:label":"שיר השירים ו ה","jbo:sefer":"jbr:tanach-30","titles":[{"title":"שיר השירים ו ה"},{"title":"שיר השירים פרק ו פסוק ה"}]},{"uri":"jbr:tanach-30-6-6","jbo:text":"שניך כעדר הרחלים שעלו מן הרחצה שכלם מתאימות ושכלה אין בהם","jbo:textNikud":"שִׁנַּיִךְ כְּעֵדֶר הָרְחֵלִים שֶׁעָלוּ מִן הָרַחְצָה שֶׁכֻּלָּם מַתְאִימוֹת וְשַׁכֻּלָה אֵין בָּהֶם","rdfs:label":"שיר השירים ו ו","jbo:sefer":"jbr:tanach-30","titles":[{"title":"שיר השירים ו ו"},{"title":"שיר השירים פרק ו פסוק ו"}]},{"uri":"jbr:tanach-30-6-7","jbo:text":"כפלח הרמון רקתך מבעד לצמתך","jbo:textNikud":"כְּפֶלַח הָרִמּוֹן רַקָּתֵךְ מִבַּעַד לְצַמָּתֵךְ","rdfs:label":"שיר השירים ו ז","jbo:sefer":"jbr:tanach-30","titles":[{"title":"שיר השירים ו ז"},{"title":"שיר השירים פרק ו פסוק ז"}]},{"uri":"jbr:tanach-30-6-8","jbo:text":"ששים המה מלכות ושמנים פילגשים ועלמות אין מספר","jbo:textNikud":"שִׁשִּׁים הֵמָּה מְּלָכוֹת וּשְׁמֹנִים פִּילַגְשִׁים וַעֲלָמוֹת אֵין מִסְפָּר","rdfs:label":"שיר השירים ו ח","jbo:sefer":"jbr:tanach-30","titles":[{"title":"שיר השירים ו ח"},{"title":"שיר השירים פרק ו פסוק ח"}]},{"uri":"jbr:tanach-30-6-9","jbo:text":"אחת היא יונתי תמתי אחת היא לאמה ברה היא ליולדתה ראוה בנות ויאשרוה מלכות ופילגשים ויהללוה","jbo:textNikud":"אַחַת הִיא יוֹנָתִי תַמָּתִי אַחַת הִיא לְאִמָּהּ בָּרָה הִיא לְיוֹלַדְתָּהּ רָאוּהָ בָנוֹת וַיְאַשְּׁרוּהָ מְלָכוֹת וּפִילַגְשִׁים וַיְהַלְלוּהָ","rdfs:label":"שיר השירים ו ט","jbo:sefer":"jbr:tanach-30","titles":[{"title":"שיר השירים ו ט"},{"title":"שיר השירים פרק ו פסוק ט"}]},{"uri":"jbr:tanach-30-6-10","jbo:text":"מי זאת הנשקפה כמו שחר יפה כלבנה ברה כחמה אימה כנדגלות","jbo:textNikud":"מִי זֹאת הַנִּשְׁקָפָה כְּמוֹ שָׁחַר יָפָה כַלְּבָנָה בָּרָה כַּחַמָּה אֲיֻמָּה כַּנִּדְגָּלוֹת","rdfs:label":"שיר השירים ו י","jbo:sefer":"jbr:tanach-30","titles":[{"title":"שיר השירים ו י"},{"title":"שיר השירים פרק ו פסוק י"}]},{"uri":"jbr:tanach-30-6-11","jbo:text":"אל גנת אגוז ירדתי לראות באבי הנחל לראות הפרחה הגפן הנצו הרמנים","jbo:textNikud":"אֶל גִּנַּת אֱגוֹז יָרַדְתִּי לִרְאוֹת בְּאִבֵּי הַנָּחַל לִרְאוֹת הֲפָרְחָה הַגֶּפֶן הֵנֵצוּ הָרִמֹּנִים","rdfs:label":"שיר השירים ו יא","jbo:sefer":"jbr:tanach-30","titles":[{"title":"שיר השירים ו יא"},{"title":"שיר השירים פרק ו פסוק יא"}]},{"uri":"jbr:tanach-30-6-12","jbo:text":"לא ידעתי נפשי שמתני מרכבות עמי נדיב","jbo:textNikud":"לֹא יָדַעְתִּי נַפְשִׁי שָׂמַתְנִי מַרְכְּבוֹת עַמִּי נָדִיב","rdfs:label":"שיר השירים ו יב","jbo:sefer":"jbr:tanach-30","titles":[{"title":"שיר השירים ו יב"},{"title":"שיר השירים פרק ו פסוק יב"}]},{"uri":"jbr:tanach-30-7-1","jbo:text":"שובי שובי השולמית שובי שובי ונחזה בך מה תחזו בשולמית כמחלת המחנים","jbo:textNikud":"שׁוּבִי שׁוּבִי הַשּׁוּלַמִּית שׁוּבִי שׁוּבִי וְנֶחֱזֶה בָּךְ מַה תֶּחֱזוּ בַּשּׁוּלַמִּית כִּמְחֹלַת הַמַּחֲנָיִם","rdfs:label":"שיר השירים ז א","jbo:sefer":"jbr:tanach-30","titles":[{"title":"שיר השירים ז א"},{"title":"שיר השירים פרק ז פסוק א"}]},{"uri":"jbr:tanach-30-7-2","jbo:text":"מה יפו פעמיך בנעלים בת נדיב חמוקי ירכיך כמו חלאים מעשה ידי אמן","jbo:textNikud":"מַה יָּפוּ פְעָמַיִךְ בַּנְּעָלִים בַּת נָדִיב חַמּוּקֵי יְרֵכַיִךְ כְּמוֹ חֲלָאִים מַעֲשֵׂה יְדֵי אָמָּן","rdfs:label":"שיר השירים ז ב","jbo:sefer":"jbr:tanach-30","titles":[{"title":"שיר השירים ז ב"},{"title":"שיר השירים פרק ז פסוק ב"}]},{"uri":"jbr:tanach-30-7-3","jbo:text":"שררך אגן הסהר אל יחסר המזג בטנך ערמת חטים סוגה בשושנים","jbo:textNikud":"שָׁרְרֵךְ אַגַּן הַסַּהַר אַל יֶחְסַר הַמָּזֶג בִּטְנֵךְ עֲרֵמַת חִטִּים סוּגָה בַּשּׁוֹשַׁנִּים","rdfs:label":"שיר השירים ז ג","jbo:sefer":"jbr:tanach-30","titles":[{"title":"שיר השירים ז ג"},{"title":"שיר השירים פרק ז פסוק ג"}]},{"uri":"jbr:tanach-30-7-4","jbo:text":"שני שדיך כשני עפרים תאמי צביה","jbo:textNikud":"שְׁנֵי שָׁדַיִךְ כִּשְׁנֵי עֳפָרִים תָּאֳמֵי צְבִיָּה","rdfs:label":"שיר השירים ז ד","jbo:sefer":"jbr:tanach-30","titles":[{"title":"שיר השירים ז ד"},{"title":"שיר השירים פרק ז פסוק ד"}]},{"uri":"jbr:tanach-30-7-5","jbo:text":"צוארך כמגדל השן עיניך ברכות בחשבון על שער בת רבים אפך כמגדל הלבנון צופה פני דמשק","jbo:textNikud":"צַוָּארֵךְ כְּמִגְדַּל הַשֵּׁן עֵינַיִךְ בְּרֵכוֹת בְּחֶשְׁבּוֹן עַל שַׁעַר בַּת רַבִּים אַפֵּךְ כְּמִגְדַּל הַלְּבָנוֹן צוֹפֶה פְּנֵי דַמָּשֶׂק","rdfs:label":"שיר השירים ז ה","jbo:sefer":"jbr:tanach-30","titles":[{"title":"שיר השירים ז ה"},{"title":"שיר השירים פרק ז פסוק ה"}]},{"uri":"jbr:tanach-30-7-6","jbo:text":"ראשך עליך ככרמל ודלת ראשך כארגמן מלך אסור ברהטים","jbo:textNikud":"רֹאשֵׁךְ עָלַיִךְ כַּכַּרְמֶל וְדַלַּת רֹאשֵׁךְ כָּאַרְגָּמָן מֶלֶךְ אָסוּר בָּרְהָטִים","rdfs:label":"שיר השירים ז ו","jbo:sefer":"jbr:tanach-30","titles":[{"title":"שיר השירים ז ו"},{"title":"שיר השירים פרק ז פסוק ו"}]},{"uri":"jbr:tanach-30-7-7","jbo:text":"מה יפית ומה נעמת אהבה בתענוגים","jbo:textNikud":"מַה יָּפִית וּמַה נָּעַמְתְּ אַהֲבָה בַּתַּעֲנוּגִים","rdfs:label":"שיר השירים ז ז","jbo:sefer":"jbr:tanach-30","titles":[{"title":"שיר השירים ז ז"},{"title":"שיר השירים פרק ז פסוק ז"}]},{"uri":"jbr:tanach-30-7-8","jbo:text":"זאת קומתך דמתה לתמר ושדיך לאשכלות","jbo:textNikud":"זֹאת קוֹמָתֵךְ דָּמְתָה לְתָמָר וְשָׁדַיִךְ לְאַשְׁכֹּלוֹת","rdfs:label":"שיר השירים ז ח","jbo:sefer":"jbr:tanach-30","titles":[{"title":"שיר השירים ז ח"},{"title":"שיר השירים פרק ז פסוק ח"}]},{"uri":"jbr:tanach-30-7-9","jbo:text":"אמרתי אעלה בתמר אחזה בסנסניו ויהיו נא שדיך כאשכלות הגפן וריח אפך כתפוחים","jbo:textNikud":"אָמַרְתִּי אֶעֱלֶה בְתָמָר אֹחֲזָה בְּסַנְסִנָּיו וְיִהְיוּ נָא שָׁדַיִךְ כְּאֶשְׁכְּלוֹת הַגֶּפֶן וְרֵיחַ אַפֵּךְ כַּתַּפּוּחִים","rdfs:label":"שיר השירים ז ט","jbo:sefer":"jbr:tanach-30","titles":[{"title":"שיר השירים ז ט"},{"title":"שיר השירים פרק ז פסוק ט"}]},{"uri":"jbr:tanach-30-7-10","jbo:text":"וחכך כיין הטוב הולך לדודי למישרים דובב שפתי ישנים","jbo:textNikud":"וְחִכֵּךְ כְּיֵין הַטּוֹב הוֹלֵךְ לְדוֹדִי לְמֵישָׁרִים דּוֹבֵב שִׂפְתֵי יְשֵׁנִים","rdfs:label":"שיר השירים ז י","jbo:sefer":"jbr:tanach-30","titles":[{"title":"שיר השירים ז י"},{"title":"שיר השירים פרק ז פסוק י"}]},{"uri":"jbr:tanach-30-7-11","jbo:text":"אני לדודי ועלי תשוקתו","jbo:textNikud":"אֲנִי לְדוֹדִי וְעָלַי תְּשׁוּקָתוֹ","rdfs:label":"שיר השירים ז יא","jbo:sefer":"jbr:tanach-30","titles":[{"title":"שיר השירים ז יא"},{"title":"שיר השירים פרק ז פסוק יא"}]},{"uri":"jbr:tanach-30-7-12","jbo:text":"לכה דודי נצא השדה נלינה בכפרים","jbo:textNikud":"לְכָה דוֹדִי נֵצֵא הַשָּׂדֶה נָלִינָה בַּכְּפָרִים","rdfs:label":"שיר השירים ז יב","jbo:sefer":"jbr:tanach-30","titles":[{"title":"שיר השירים ז יב"},{"title":"שיר השירים פרק ז פסוק יב"}]},{"uri":"jbr:tanach-30-7-13","jbo:text":"נשכימה לכרמים נראה אם פרחה הגפן פתח הסמדר הנצו הרמונים שם אתן את דדי לך","jbo:textNikud":"נַשְׁכִּימָה לַכְּרָמִים נִרְאֶה אִם פָּרְחָה הַגֶּפֶן פִּתַּח הַסְּמָדַר הֵנֵצוּ הָרִמּוֹנִים שָׁם אֶתֵּן אֶת דֹּדַי לָךְ","rdfs:label":"שיר השירים ז יג","jbo:sefer":"jbr:tanach-30","titles":[{"title":"שיר השירים ז יג"},{"title":"שיר השירים פרק ז פסוק יג"}]},{"uri":"jbr:tanach-30-7-14","jbo:text":"הדודאים נתנו ריח ועל פתחינו כל מגדים חדשים גם ישנים דודי צפנתי לך","jbo:textNikud":"הַדּוּדָאִים נָתְנוּ רֵיחַ וְעַל פְּתָחֵינוּ כָּל מְגָדִים חֲדָשִׁים גַּם יְשָׁנִים דּוֹדִי צָפַנְתִּי לָךְ","rdfs:label":"שיר השירים ז יד","jbo:sefer":"jbr:tanach-30","titles":[{"title":"שיר השירים ז יד"},{"title":"שיר השירים פרק ז פסוק יד"}]},{"uri":"jbr:tanach-30-8-1","jbo:text":"מי יתנך כאח לי יונק שדי אמי אמצאך בחוץ אשקך גם לא יבוזו לי","jbo:textNikud":"מִי יִתֶּנְךָ כְּאָח לִי יוֹנֵק שְׁדֵי אִמִּי אֶמְצָאֲךָ בַחוּץ אֶשָּׁקְךָ גַּם לֹא יָבוּזוּ לִי","rdfs:label":"שיר השירים ח א","jbo:sefer":"jbr:tanach-30","titles":[{"title":"שיר השירים ח א"},{"title":"שיר השירים פרק ח פסוק א"}]},{"uri":"jbr:tanach-30-8-2","jbo:text":"אנהגך אביאך אל בית אמי תלמדני אשקך מיין הרקח מעסיס רמני","jbo:textNikud":"אֶנְהָגֲךָ אֲבִיאֲךָ אֶל בֵּית אִמִּי תְּלַמְּדֵנִי אַשְׁקְךָ מִיַּיִן הָרֶקַח מֵעֲסִיס רִמֹּנִי","rdfs:label":"שיר השירים ח ב","jbo:sefer":"jbr:tanach-30","titles":[{"title":"שיר השירים ח ב"},{"title":"שיר השירים פרק ח פסוק ב"}]},{"uri":"jbr:tanach-30-8-3","jbo:text":"שמאלו תחת ראשי וימינו תחבקני","jbo:textNikud":"שְׂמֹאלוֹ תַּחַת רֹאשִׁי וִימִינוֹ תְּחַבְּקֵנִי","rdfs:label":"שיר השירים ח ג","jbo:sefer":"jbr:tanach-30","titles":[{"title":"שיר השירים ח ג"},{"title":"שיר השירים פרק ח פסוק ג"}]},{"uri":"jbr:tanach-30-8-4","jbo:text":"השבעתי אתכם בנות ירושלם מה תעירו ומה תעררו את האהבה עד שתחפץ","jbo:textNikud":"הִשְׁבַּעְתִּי אֶתְכֶם בְּנוֹת יְרוּשָׁלִָם מַה תָּעִירוּ וּמַה תְּעֹרְרוּ אֶת הָאַהֲבָה עַד שֶׁתֶּחְפָּץ","rdfs:label":"שיר השירים ח ד","jbo:sefer":"jbr:tanach-30","titles":[{"title":"שיר השירים ח ד"},{"title":"שיר השירים פרק ח פסוק ד"}]},{"uri":"jbr:tanach-30-8-5","jbo:text":"מי זאת עלה מן המדבר מתרפקת על דודה תחת התפוח עוררתיך שמה חבלתך אמך שמה חבלה ילדתך","jbo:textNikud":"מִי זֹאת עֹלָה מִן הַמִּדְבָּר מִתְרַפֶּקֶת עַל דּוֹדָהּ תַּחַת הַתַּפּוּחַ עוֹרַרְתִּיךָ שָׁמָּה חִבְּלַתְךָ אִמֶּךָ שָׁמָּה חִבְּלָה יְלָדַתְךָ","rdfs:label":"שיר השירים ח ה","jbo:sefer":"jbr:tanach-30","titles":[{"title":"שיר השירים ח ה"},{"title":"שיר השירים פרק ח פסוק ה"}]},{"uri":"jbr:tanach-30-8-6","jbo:text":"שימני כחותם על לבך כחותם על זרועך כי עזה כמות אהבה קשה כשאול קנאה רשפיה רשפי אש שלהבתיה","jbo:textNikud":"שִׂימֵנִי כַחוֹתָם עַל לִבֶּךָ כַּחוֹתָם עַל זְרוֹעֶךָ כִּי עַזָּה כַמָּוֶת אַהֲבָה קָשָׁה כִשְׁאוֹל קִנְאָה רְשָׁפֶיהָ רִשְׁפֵּי אֵשׁ שַׁלְהֶבֶתְיָה","rdfs:label":"שיר השירים ח ו","jbo:sefer":"jbr:tanach-30","titles":[{"title":"שיר השירים ח ו"},{"title":"שיר השירים פרק ח פסוק ו"}]},{"uri":"jbr:tanach-30-8-7","jbo:text":"מים רבים לא יוכלו לכבות את האהבה ונהרות לא ישטפוה אם יתן איש את כל הון ביתו באהבה בוז יבוזו לו","jbo:textNikud":"מַיִם רַבִּים לֹא יוּכְלוּ לְכַבּוֹת אֶת הָאַהֲבָה וּנְהָרוֹת לֹא יִשְׁטְפוּהָ אִם יִתֵּן אִישׁ אֶת כָּל הוֹן בֵּיתוֹ בָּאַהֲבָה בּוֹז יָבוּזוּ לוֹ","rdfs:label":"שיר השירים ח ז","jbo:sefer":"jbr:tanach-30","titles":[{"title":"שיר השירים ח ז"},{"title":"שיר השירים פרק ח פסוק ז"}]},{"uri":"jbr:tanach-30-8-8","jbo:text":"אחות לנו קטנה ושדים אין לה מה נעשה לאחתנו ביום שידבר בה","jbo:textNikud":"אָחוֹת לָנוּ קְטַנָּה וְשָׁדַיִם אֵין לָהּ מַה נַּעֲשֶׂה לַאֲחֹתֵנוּ בַּיּוֹם שֶׁיְּדֻבַּר בָּהּ","rdfs:label":"שיר השירים ח ח","jbo:sefer":"jbr:tanach-30","titles":[{"title":"שיר השירים ח ח"},{"title":"שיר השירים פרק ח פסוק ח"}]},{"uri":"jbr:tanach-30-8-9","jbo:text":"אם חומה היא נבנה עליה טירת כסף ואם דלת היא נצור עליה לוח ארז","jbo:textNikud":"אִם חוֹמָה הִיא נִבְנֶה עָלֶיהָ טִירַת כָּסֶף וְאִם דֶּלֶת הִיא נָצוּר עָלֶיהָ לוּחַ אָרֶז","rdfs:label":"שיר השירים ח ט","jbo:sefer":"jbr:tanach-30","titles":[{"title":"שיר השירים ח ט"},{"title":"שיר השירים פרק ח פסוק ט"}]},{"uri":"jbr:tanach-30-8-10","jbo:text":"אני חומה ושדי כמגדלות אז הייתי בעיניו כמוצאת שלום","jbo:textNikud":"אֲנִי חוֹמָה וְשָׁדַי כַּמִּגְדָּלוֹת אָז הָיִיתִי בְעֵינָיו כְּמוֹצְאֵת שָׁלוֹם","rdfs:label":"שיר השירים ח י","jbo:sefer":"jbr:tanach-30","titles":[{"title":"שיר השירים ח י"},{"title":"שיר השירים פרק ח פסוק י"}]},{"uri":"jbr:tanach-30-8-11","jbo:text":"כרם היה לשלמה בבעל המון נתן את הכרם לנטרים איש יבא בפריו אלף כסף","jbo:textNikud":"כֶּרֶם הָיָה לִשְׁלֹמֹה בְּבַעַל הָמוֹן נָתַן אֶת הַכֶּרֶם לַנֹּטְרִים אִישׁ יָבִא בְּפִרְיוֹ אֶלֶף כָּסֶף","rdfs:label":"שיר השירים ח יא","jbo:sefer":"jbr:tanach-30","titles":[{"title":"שיר השירים ח יא"},{"title":"שיר השירים פרק ח פסוק יא"}]},{"uri":"jbr:tanach-30-8-12","jbo:text":"כרמי שלי לפני האלף לך שלמה ומאתים לנטרים את פריו","jbo:textNikud":"כַּרְמִי שֶׁלִּי לְפָנָי הָאֶלֶף לְךָ שְׁלֹמֹה וּמָאתַיִם לְנֹטְרִים אֶת פִּרְיוֹ","rdfs:label":"שיר השירים ח יב","jbo:sefer":"jbr:tanach-30","titles":[{"title":"שיר השירים ח יב"},{"title":"שיר השירים פרק ח פסוק יב"}]},{"uri":"jbr:tanach-30-8-13","jbo:text":"היושבת בגנים חברים מקשיבים לקולך השמיעיני","jbo:textNikud":"הַיּוֹשֶׁבֶת בַּגַּנִּים חֲבֵרִים מַקְשִׁיבִים לְקוֹלֵךְ הַשְׁמִיעִינִי","rdfs:label":"שיר השירים ח יג","jbo:sefer":"jbr:tanach-30","titles":[{"title":"שיר השירים ח יג"},{"title":"שיר השירים פרק ח פסוק יג"}]},{"uri":"jbr:tanach-30-8-14","jbo:text":"ברח דודי ודמה לך לצבי או לעפר האילים על הרי בשמים","jbo:textNikud":"בְּרַח דּוֹדִי וּדְמֵה לְךָ לִצְבִי אוֹ לְעֹפֶר הָאַיָּלִים עַל הָרֵי בְשָׂמִים","rdfs:label":"שיר השירים ח יד","jbo:sefer":"jbr:tanach-30","titles":[{"title":"שיר השירים ח יד"},{"title":"שיר השירים פרק ח פסוק יד"}]}]}