{"subjects":[{"uri":"jbr:tanach-15-1-1","jbo:text":"דבר יהוה אשר היה אל הושע בן בארי בימי עזיה יותם אחז יחזקיה מלכי יהודה ובימי ירבעם בן יואש מלך ישראל","jbo:textNikud":"דְּבַר יְהוָה אֲשֶׁר הָיָה אֶל הוֹשֵׁעַ בֶּן בְּאֵרִי בִּימֵי עֻזִּיָּה יוֹתָם אָחָז יְחִזְקִיָּה מַלְכֵי יְהוּדָה וּבִימֵי יָרָבְעָם בֶּן יוֹאָשׁ מֶלֶךְ יִשְׂרָאֵל","rdfs:label":"הושע א א","jbo:sefer":"jbr:tanach-15","titles":[{"title":"הושע א א"},{"title":"הושע פרק א פסוק א"}]},{"uri":"jbr:tanach-15-1-2","jbo:text":"תחלת דבר יהוה בהושע (פ) ויאמר יהוה אל הושע לך קח לך אשת זנונים וילדי זנונים כי זנה תזנה הארץ מאחרי יהוה","jbo:textNikud":"תְּחִלַּת דִּבֶּר יְהוָה בְּהוֹשֵׁעַ (פ) וַיֹּאמֶר יְהוָה אֶל הוֹשֵׁעַ לֵךְ קַח לְךָ אֵשֶׁת זְנוּנִים וְיַלְדֵי זְנוּנִים כִּי זָנֹה תִזְנֶה הָאָרֶץ מֵאַחֲרֵי יְהוָה","rdfs:label":"הושע א ב","jbo:sefer":"jbr:tanach-15","titles":[{"title":"הושע א ב"},{"title":"הושע פרק א פסוק ב"}]},{"uri":"jbr:tanach-15-1-3","jbo:text":"וילך ויקח את גמר בת דבלים ותהר ותלד לו בן","jbo:textNikud":"וַיֵּלֶךְ וַיִּקַּח אֶת גֹּמֶר בַּת דִּבְלָיִם וַתַּהַר וַתֵּלֶד לוֹ בֵּן","rdfs:label":"הושע א ג","jbo:sefer":"jbr:tanach-15","titles":[{"title":"הושע א ג"},{"title":"הושע פרק א פסוק ג"}]},{"uri":"jbr:tanach-15-1-4","jbo:text":"ויאמר יהוה אליו קרא שמו יזרעאל כי עוד מעט ופקדתי את דמי יזרעאל על בית יהוא והשבתי ממלכות בית ישראל","jbo:textNikud":"וַיֹּאמֶר יְהוָה אֵלָיו קְרָא שְׁמוֹ יִזְרְעֶאל כִּי עוֹד מְעַט וּפָקַדְתִּי אֶת דְּמֵי יִזְרְעֶאל עַל בֵּית יֵהוּא וְהִשְׁבַּתִּי מַמְלְכוּת בֵּית יִשְׂרָאֵל","rdfs:label":"הושע א ד","jbo:sefer":"jbr:tanach-15","titles":[{"title":"הושע א ד"},{"title":"הושע פרק א פסוק ד"}]},{"uri":"jbr:tanach-15-1-5","jbo:text":"והיה ביום ההוא ושברתי את קשת ישראל בעמק יזרעאל","jbo:textNikud":"וְהָיָה בַּיּוֹם הַהוּא וְשָׁבַרְתִּי אֶת קֶשֶׁת יִשְׂרָאֵל בְּעֵמֶק יִזְרְעֶאל","rdfs:label":"הושע א ה","jbo:sefer":"jbr:tanach-15","titles":[{"title":"הושע א ה"},{"title":"הושע פרק א פסוק ה"}]},{"uri":"jbr:tanach-15-1-6","jbo:text":"ותהר עוד ותלד בת ויאמר לו קרא שמה לא רחמה כי לא אוסיף עוד ארחם את בית ישראל כי נשא אשא להם","jbo:textNikud":"וַתַּהַר עוֹד וַתֵּלֶד בַּת וַיֹּאמֶר לוֹ קְרָא שְׁמָהּ לֹא רֻחָמָה כִּי לֹא אוֹסִיף עוֹד אֲרַחֵם אֶת בֵּית יִשְׂרָאֵל כִּי נָשֹׂא אֶשָּׂא לָהֶם","rdfs:label":"הושע א ו","jbo:sefer":"jbr:tanach-15","titles":[{"title":"הושע א ו"},{"title":"הושע פרק א פסוק ו"}]},{"uri":"jbr:tanach-15-1-7","jbo:text":"ואת בית יהודה ארחם והושעתים ביהוה אלהיהם ולא אושיעם בקשת ובחרב ובמלחמה בסוסים ובפרשים","jbo:textNikud":"וְאֶת בֵּית יְהוּדָה אֲרַחֵם וְהוֹשַׁעְתִּים בַּיהוָה אֱלֹהֵיהֶם וְלֹא אוֹשִׁיעֵם בְּקֶשֶׁת וּבְחֶרֶב וּבְמִלְחָמָה בְּסוּסִים וּבְפָרָשִׁים","rdfs:label":"הושע א ז","jbo:sefer":"jbr:tanach-15","titles":[{"title":"הושע א ז"},{"title":"הושע פרק א פסוק ז"}]},{"uri":"jbr:tanach-15-1-8","jbo:text":"ותגמל את לא רחמה ותהר ותלד בן","jbo:textNikud":"וַתִּגְמֹל אֶת לֹא רֻחָמָה וַתַּהַר וַתֵּלֶד בֵּן","rdfs:label":"הושע א ח","jbo:sefer":"jbr:tanach-15","titles":[{"title":"הושע א ח"},{"title":"הושע פרק א פסוק ח"}]},{"uri":"jbr:tanach-15-1-9","jbo:text":"ויאמר קרא שמו לא עמי כי אתם לא עמי ואנכי לא אהיה לכם","jbo:textNikud":"וַיֹּאמֶר קְרָא שְׁמוֹ לֹא עַמִּי כִּי אַתֶּם לֹא עַמִּי וְאָנֹכִי לֹא אֶהְיֶה לָכֶם","rdfs:label":"הושע א ט","jbo:sefer":"jbr:tanach-15","titles":[{"title":"הושע א ט"},{"title":"הושע פרק א פסוק ט"}]},{"uri":"jbr:tanach-15-2-1","jbo:text":"והיה מספר בני ישראל כחול הים אשר לא ימד ולא יספר והיה במקום אשר יאמר להם לא עמי אתם יאמר להם בני אל חי","jbo:textNikud":"וְהָיָה מִסְפַּר בְּנֵי יִשְׂרָאֵל כְּחוֹל הַיָּם אֲשֶׁר לֹא יִמַּד וְלֹא יִסָּפֵר וְהָיָה בִּמְקוֹם אֲשֶׁר יֵאָמֵר לָהֶם לֹא עַמִּי אַתֶּם יֵאָמֵר לָהֶם בְּנֵי אֵל חָי","rdfs:label":"הושע ב א","jbo:sefer":"jbr:tanach-15","titles":[{"title":"הושע ב א"},{"title":"הושע פרק ב פסוק א"}]},{"uri":"jbr:tanach-15-2-2","jbo:text":"ונקבצו בני יהודה ובני ישראל יחדו ושמו להם ראש אחד ועלו מן הארץ כי גדול יום יזרעאל","jbo:textNikud":"וְנִקְבְּצוּ בְּנֵי יְהוּדָה וּבְנֵי יִשְׂרָאֵל יַחְדָּו וְשָׂמוּ לָהֶם רֹאשׁ אֶחָד וְעָלוּ מִן הָאָרֶץ כִּי גָדוֹל יוֹם יִזְרְעֶאל","rdfs:label":"הושע ב ב","jbo:sefer":"jbr:tanach-15","titles":[{"title":"הושע ב ב"},{"title":"הושע פרק ב פסוק ב"}]},{"uri":"jbr:tanach-15-2-3","jbo:text":"אמרו לאחיכם עמי ולאחותיכם רחמה","jbo:textNikud":"אִמְרוּ לַאֲחֵיכֶם עַמִּי וְלַאֲחוֹתֵיכֶם רֻחָמָה","rdfs:label":"הושע ב ג","jbo:sefer":"jbr:tanach-15","titles":[{"title":"הושע ב ג"},{"title":"הושע פרק ב פסוק ג"}]},{"uri":"jbr:tanach-15-2-4","jbo:text":"ריבו באמכם ריבו כי היא לא אשתי ואנכי לא אישה ותסר זנוניה מפניה ונאפופיה מבין שדיה","jbo:textNikud":"רִיבוּ בְאִמְּכֶם רִיבוּ כִּי הִיא לֹא אִשְׁתִּי וְאָנֹכִי לֹא אִישָׁהּ וְתָסֵר זְנוּנֶיהָ מִפָּנֶיה וְנַאֲפוּפֶיהָ מִבֵּין שָׁדֶיהָ","rdfs:label":"הושע ב ד","jbo:sefer":"jbr:tanach-15","titles":[{"title":"הושע ב ד"},{"title":"הושע פרק ב פסוק ד"}]},{"uri":"jbr:tanach-15-2-5","jbo:text":"פן אפשיטנה ערמה והצגתיה כיום הולדה ושמתיה כמדבר ושתה כארץ ציה והמתיה בצמא","jbo:textNikud":"פֶּן אַפְשִׁיטֶנָּה עֲרֻמָּה וְהִצַּגְתִּיהָ כְּיוֹם הִוָּלְדָהּ וְשַׂמְתִּיהָ כַמִּדְבָּר וְשַׁתִּהָ כְּאֶרֶץ צִיָּה וַהֲמִתִּיהָ בַּצָּמָא","rdfs:label":"הושע ב ה","jbo:sefer":"jbr:tanach-15","titles":[{"title":"הושע ב ה"},{"title":"הושע פרק ב פסוק ה"}]},{"uri":"jbr:tanach-15-2-6","jbo:text":"ואת בניה לא ארחם כי בני זנונים המה","jbo:textNikud":"וְאֶת בָּנֶיהָ לֹא אֲרַחֵם כִּי בְנֵי זְנוּנִים הֵמָּה","rdfs:label":"הושע ב ו","jbo:sefer":"jbr:tanach-15","titles":[{"title":"הושע ב ו"},{"title":"הושע פרק ב פסוק ו"}]},{"uri":"jbr:tanach-15-2-7","jbo:text":"כי זנתה אמם הבישה הורתם כי אמרה אלכה אחרי מאהבי נתני לחמי ומימי צמרי ופשתי שמני ושקויי","jbo:textNikud":"כִּי זָנְתָה אִמָּם הֹבִישָׁה הוֹרָתָם כִּי אָמְרָה אֵלְכָה אַחֲרֵי מְאַהֲבַי נֹתְנֵי לַחְמִי וּמֵימַי צַמְרִי וּפִשְׁתִּי שַׁמְנִי וְשִׁקּוּיָי","rdfs:label":"הושע ב ז","jbo:sefer":"jbr:tanach-15","titles":[{"title":"הושע ב ז"},{"title":"הושע פרק ב פסוק ז"}]},{"uri":"jbr:tanach-15-2-8","jbo:text":"לכן הנני שך את דרכך בסירים וגדרתי את גדרה ונתיבותיה לא תמצא","jbo:textNikud":"לָכֵן הִנְנִי שָׂךְ אֶת דַּרְכֵּךְ בַּסִּירִים וְגָדַרְתִּי אֶת גְּדֵרָהּ וּנְתִיבוֹתֶיהָ לֹא תִמְצָא","rdfs:label":"הושע ב ח","jbo:sefer":"jbr:tanach-15","titles":[{"title":"הושע ב ח"},{"title":"הושע פרק ב פסוק ח"}]},{"uri":"jbr:tanach-15-2-9","jbo:text":"ורדפה את מאהביה ולא תשיג אתם ובקשתם ולא תמצא ואמרה אלכה ואשובה אל אישי הראשון כי טוב לי אז מעתה","jbo:textNikud":"וְרִדְּפָה אֶת מְאַהֲבֶיהָ וְלֹא תַשִּׂיג אֹתָם וּבִקְשָׁתַם וְלֹא תִמְצָא וְאָמְרָה אֵלְכָה וְאָשׁוּבָה אֶל אִישִׁי הָרִאשׁוֹן כִּי טוֹב לִי אָז מֵעָתָּה","rdfs:label":"הושע ב ט","jbo:sefer":"jbr:tanach-15","titles":[{"title":"הושע ב ט"},{"title":"הושע פרק ב פסוק ט"}]},{"uri":"jbr:tanach-15-2-10","jbo:text":"והיא לא ידעה כי אנכי נתתי לה הדגן והתירוש והיצהר וכסף הרביתי לה וזהב עשו לבעל","jbo:textNikud":"וְהִיא לֹא יָדְעָה כִּי אָנֹכִי נָתַתִּי לָהּ הַדָּגָן וְהַתִּירוֹשׁ וְהַיִּצְהָר וְכֶסֶף הִרְבֵּיתִי לָהּ וְזָהָב עָשׂוּ לַבָּעַל","rdfs:label":"הושע ב י","jbo:sefer":"jbr:tanach-15","titles":[{"title":"הושע ב י"},{"title":"הושע פרק ב פסוק י"}]},{"uri":"jbr:tanach-15-2-11","jbo:text":"לכן אשוב ולקחתי דגני בעתו ותירושי במועדו והצלתי צמרי ופשתי לכסות את ערותה","jbo:textNikud":"לָכֵן אָשׁוּב וְלָקַחְתִּי דְגָנִי בְּעִתּוֹ וְתִירוֹשִׁי בְּמוֹעֲדוֹ וְהִצַּלְתִּי צַמְרִי וּפִשְׁתִּי לְכַסּוֹת אֶת עֶרְוָתָהּ","rdfs:label":"הושע ב יא","jbo:sefer":"jbr:tanach-15","titles":[{"title":"הושע ב יא"},{"title":"הושע פרק ב פסוק יא"}]},{"uri":"jbr:tanach-15-2-12","jbo:text":"ועתה אגלה את נבלתה לעיני מאהביה ואיש לא יצילנה מידי","jbo:textNikud":"וְעַתָּה אֲגַלֶּה אֶת נַבְלֻתָהּ לְעֵינֵי מְאַהֲבֶיהָ וְאִישׁ לֹא יַצִּילֶנָּה מִיָּדִי","rdfs:label":"הושע ב יב","jbo:sefer":"jbr:tanach-15","titles":[{"title":"הושע ב יב"},{"title":"הושע פרק ב פסוק יב"}]},{"uri":"jbr:tanach-15-2-13","jbo:text":"והשבתי כל משושה חגה חדשה ושבתה וכל מועדה","jbo:textNikud":"וְהִשְׁבַּתִּי כָּל מְשׂוֹשָׂהּ חַגָּהּ חָדְשָׁהּ וְשַׁבַּתָּהּ וְכֹל מוֹעֲדָהּ","rdfs:label":"הושע ב יג","jbo:sefer":"jbr:tanach-15","titles":[{"title":"הושע ב יג"},{"title":"הושע פרק ב פסוק יג"}]},{"uri":"jbr:tanach-15-2-14","jbo:text":"והשמתי גפנה ותאנתה אשר אמרה אתנה המה לי אשר נתנו לי מאהבי ושמתים ליער ואכלתם חית השדה","jbo:textNikud":"וַהֲשִׁמֹּתִי גַּפְנָהּ וּתְאֵנָתָהּ אֲשֶׁר אָמְרָה אֶתְנָה הֵמָּה לִי אֲשֶׁר נָתְנוּ לִי מְאַהֲבָי וְשַׂמְתִּים לְיַעַר וַאֲכָלָתַם חַיַּת הַשָּׂדֶה","rdfs:label":"הושע ב יד","jbo:sefer":"jbr:tanach-15","titles":[{"title":"הושע ב יד"},{"title":"הושע פרק ב פסוק יד"}]},{"uri":"jbr:tanach-15-2-15","jbo:text":"ופקדתי עליה את ימי הבעלים אשר תקטיר להם ותעד נזמה וחליתה ותלך אחרי מאהביה ואתי שכחה נאם יהוה","jbo:textNikud":"וּפָקַדְתִּי עָלֶיהָ אֶת יְמֵי הַבְּעָלִים אֲשֶׁר תַּקְטִיר לָהֶם וַתַּעַד נִזְמָהּ וְחֶלְיָתָהּ וַתֵּלֶךְ אַחֲרֵי מְאַהֲבֶיהָ וְאֹתִי שָׁכְחָה נְאֻם יְהוָה","rdfs:label":"הושע ב טו","jbo:sefer":"jbr:tanach-15","titles":[{"title":"הושע ב טו"},{"title":"הושע פרק ב פסוק טו"}]},{"uri":"jbr:tanach-15-2-16","jbo:text":"לכן הנה אנכי מפתיה והלכתיה המדבר ודברתי על לבה","jbo:textNikud":"לָכֵן הִנֵּה אָנֹכִי מְפַתֶּיהָ וְהֹלַכְתִּיהָ הַמִּדְבָּר וְדִבַּרְתִּי עַל לִבָּהּ","rdfs:label":"הושע ב טז","jbo:sefer":"jbr:tanach-15","titles":[{"title":"הושע ב טז"},{"title":"הושע פרק ב פסוק טז"}]},{"uri":"jbr:tanach-15-2-17","jbo:text":"ונתתי לה את כרמיה משם ואת עמק עכור לפתח תקוה וענתה שמה כימי נעוריה וכיום עלתה מארץ מצרים","jbo:textNikud":"וְנָתַתִּי לָהּ אֶת כְּרָמֶיהָ מִשָּׁם וְאֶת עֵמֶק עָכוֹר לְפֶתַח תִּקְוָה וְעָנְתָה שָּׁמָּה כִּימֵי נְעוּרֶיהָ וִּכְיוֹם עֲלֹתָהּ מֵאֶרֶץ מִצְרָיִם","rdfs:label":"הושע ב יז","jbo:sefer":"jbr:tanach-15","titles":[{"title":"הושע ב יז"},{"title":"הושע פרק ב פסוק יז"}]},{"uri":"jbr:tanach-15-2-18","jbo:text":"והיה ביום ההוא נאם יהוה תקראי אישי ולא תקראי לי עוד בעלי","jbo:textNikud":"וְהָיָה בַיּוֹם הַהוּא נְאֻם יְהוָה תִּקְרְאִי אִישִׁי וְלֹא תִקְרְאִי לִי עוֹד בַּעְלִי","rdfs:label":"הושע ב יח","jbo:sefer":"jbr:tanach-15","titles":[{"title":"הושע ב יח"},{"title":"הושע פרק ב פסוק יח"}]},{"uri":"jbr:tanach-15-2-19","jbo:text":"והסרתי את שמות הבעלים מפיה ולא יזכרו עוד בשמם","jbo:textNikud":"וַהֲסִרֹתִי אֶת שְׁמוֹת הַבְּעָלִים מִפִּיהָ וְלֹא יִזָּכְרוּ עוֹד בִּשְׁמָם","rdfs:label":"הושע ב יט","jbo:sefer":"jbr:tanach-15","titles":[{"title":"הושע ב יט"},{"title":"הושע פרק ב פסוק יט"}]},{"uri":"jbr:tanach-15-2-20","jbo:text":"וכרתי להם ברית ביום ההוא עם חית השדה ועם עוף השמים ורמש האדמה וקשת וחרב ומלחמה אשבור מן הארץ והשכבתים לבטח","jbo:textNikud":"וְכָרַתִּי לָהֶם בְּרִית בַּיּוֹם הַהוּא עִם חַיַּת הַשָּׂדֶה וְעִם עוֹף הַשָּׁמַיִם וְרֶמֶשׂ הָאֲדָמָה וְקֶשֶׁת וְחֶרֶב וּמִלְחָמָה אֶשְׁבּוֹר מִן הָאָרֶץ וְהִשְׁכַּבְתִּים לָבֶטַח","rdfs:label":"הושע ב כ","jbo:sefer":"jbr:tanach-15","titles":[{"title":"הושע ב כ"},{"title":"הושע פרק ב פסוק כ"}]},{"uri":"jbr:tanach-15-2-21","jbo:text":"וארשתיך לי לעולם וארשתיך לי בצדק ובמשפט ובחסד וברחמים","jbo:textNikud":"וְאֵרַשְׂתִּיךְ לִי לְעוֹלָם וְאֵרַשְׂתִּיךְ לִי בְּצֶדֶק וּבְמִשְׁפָּט וּבְחֶסֶד וּבְרַחֲמִים","rdfs:label":"הושע ב כא","jbo:sefer":"jbr:tanach-15","titles":[{"title":"הושע ב כא"},{"title":"הושע פרק ב פסוק כא"}]},{"uri":"jbr:tanach-15-2-22","jbo:text":"וארשתיך לי באמונה וידעת את יהוה","jbo:textNikud":"וְאֵרַשְׂתִּיךְ לִי בֶּאֱמוּנָה וְיָדַעַתְּ אֶת יְהוָה","rdfs:label":"הושע ב כב","jbo:sefer":"jbr:tanach-15","titles":[{"title":"הושע ב כב"},{"title":"הושע פרק ב פסוק כב"}]},{"uri":"jbr:tanach-15-2-23","jbo:text":"והיה ביום ההוא אענה נאם יהוה אענה את השמים והם יענו את הארץ","jbo:textNikud":"וְהָיָה בַּיּוֹם הַהוּא אֶעֱנֶה נְאֻם יְהוָה אֶעֱנֶה אֶת הַשָּׁמָיִם וְהֵם יַעֲנוּ אֶת הָאָרֶץ","rdfs:label":"הושע ב כג","jbo:sefer":"jbr:tanach-15","titles":[{"title":"הושע ב כג"},{"title":"הושע פרק ב פסוק כג"}]},{"uri":"jbr:tanach-15-2-24","jbo:text":"והארץ תענה את הדגן ואת התירוש ואת היצהר והם יענו את יזרעאל","jbo:textNikud":"וְהָאָרֶץ תַּעֲנֶה אֶת הַדָּגָן וְאֶת הַתִּירוֹשׁ וְאֶת הַיִּצְהָר וְהֵם יַעֲנוּ אֶת יִזְרְעֶאל","rdfs:label":"הושע ב כד","jbo:sefer":"jbr:tanach-15","titles":[{"title":"הושע ב כד"},{"title":"הושע פרק ב פסוק כד"}]},{"uri":"jbr:tanach-15-2-25","jbo:text":"וזרעתיה לי בארץ ורחמתי את לא רחמה ואמרתי ללא עמי עמי אתה והוא יאמר אלהי","jbo:textNikud":"וּזְרַעְתִּיהָ לִּי בָּאָרֶץ וְרִחַמְתִּי אֶת לֹא רֻחָמָה וְאָמַרְתִּי לְלֹא עַמִּי עַמִּי אַתָּה וְהוּא יֹאמַר אֱלֹהָי","rdfs:label":"הושע ב כה","jbo:sefer":"jbr:tanach-15","titles":[{"title":"הושע ב כה"},{"title":"הושע פרק ב פסוק כה"}]},{"uri":"jbr:tanach-15-3-1","jbo:text":"ויאמר יהוה אלי עוד לך אהב אשה אהבת רע ומנאפת כאהבת יהוה את בני ישראל והם פנים אל אלהים אחרים ואהבי אשישי ענבים","jbo:textNikud":"וַיֹּאמֶר יְהוָה אֵלַי עוֹד לֵךְ אֱהַב אִשָּׁה אֲהֻבַת רֵעַ וּמְנָאָפֶת כְּאַהֲבַת יְהוָה אֶת בְּנֵי יִשְׂרָאֵל וְהֵם פֹּנִים אֶל אֱלֹהִים אֲחֵרִים וְאֹהֲבֵי אֲשִׁישֵׁי עֲנָבִים","rdfs:label":"הושע ג א","jbo:sefer":"jbr:tanach-15","titles":[{"title":"הושע ג א"},{"title":"הושע פרק ג פסוק א"}]},{"uri":"jbr:tanach-15-3-2","jbo:text":"ואכרה לי בחמשה עשר כסף וחמר שערים ולתך שערים","jbo:textNikud":"וָאֶכְּרֶהָ לִּי בַּחֲמִשָּׁה עָשָׂר כָּסֶף וְחֹמֶר שְׂעֹרִים וְלֵתֶךְ שְׂעֹרִים","rdfs:label":"הושע ג ב","jbo:sefer":"jbr:tanach-15","titles":[{"title":"הושע ג ב"},{"title":"הושע פרק ג פסוק ב"}]},{"uri":"jbr:tanach-15-3-3","jbo:text":"ואמר אליה ימים רבים תשבי לי לא תזני ולא תהיי לאיש וגם אני אליך","jbo:textNikud":"וָאֹמַר אֵלֶיהָ יָמִים רַבִּים תֵּשְׁבִי לִי לֹא תִזְנִי וְלֹא תִהְיִי לְאִישׁ וְגַם אֲנִי אֵלָיִךְ","rdfs:label":"הושע ג ג","jbo:sefer":"jbr:tanach-15","titles":[{"title":"הושע ג ג"},{"title":"הושע פרק ג פסוק ג"}]},{"uri":"jbr:tanach-15-3-4","jbo:text":"כי ימים רבים ישבו בני ישראל אין מלך ואין שר ואין זבח ואין מצבה ואין אפוד ותרפים","jbo:textNikud":"כִּי יָמִים רַבִּים יֵשְׁבוּ בְּנֵי יִשְׂרָאֵל אֵין מֶלֶךְ וְאֵין שָׂר וְאֵין זֶבַח וְאֵין מַצֵּבָה וְאֵין אֵפוֹד וּתְרָפִים","rdfs:label":"הושע ג ד","jbo:sefer":"jbr:tanach-15","titles":[{"title":"הושע ג ד"},{"title":"הושע פרק ג פסוק ד"}]},{"uri":"jbr:tanach-15-3-5","jbo:text":"אחר ישבו בני ישראל ובקשו את יהוה אלהיהם ואת דוד מלכם ופחדו אל יהוה ואל טובו באחרית הימים","jbo:textNikud":"אַחַר יָשֻׁבוּ בְּנֵי יִשְׂרָאֵל וּבִקְשׁוּ אֶת יְהוָה אֱלֹהֵיהֶם וְאֵת דָּוִד מַלְכָּם וּפָחֲדוּ אֶל יְהוָה וְאֶל טוּבוֹ בְּאַחֲרִית הַיָּמִים","rdfs:label":"הושע ג ה","jbo:sefer":"jbr:tanach-15","titles":[{"title":"הושע ג ה"},{"title":"הושע פרק ג פסוק ה"}]},{"uri":"jbr:tanach-15-4-1","jbo:text":"שמעו דבר יהוה בני ישראל כי ריב ליהוה עם יושבי הארץ כי אין אמת ואין חסד ואין דעת אלהים בארץ","jbo:textNikud":"שִׁמְעוּ דְבַר יְהוָה בְּנֵי יִשְׂרָאֵל כִּי רִיב לַיהוָה עִם יוֹשְׁבֵי הָאָרֶץ כִּי אֵין אֱמֶת וְאֵין חֶסֶד וְאֵין דַּעַת אֱלֹהִים בָּאָרֶץ","rdfs:label":"הושע ד א","jbo:sefer":"jbr:tanach-15","titles":[{"title":"הושע ד א"},{"title":"הושע פרק ד פסוק א"}]},{"uri":"jbr:tanach-15-4-2","jbo:text":"אלה וכחש ורצח וגנב ונאף פרצו ודמים בדמים נגעו","jbo:textNikud":"אָלֹה וְכַחֵשׁ וְרָצֹחַ וְגָנֹב וְנָאֹף פָּרָצוּ וְדָמִים בְּדָמִים נָגָעוּ","rdfs:label":"הושע ד ב","jbo:sefer":"jbr:tanach-15","titles":[{"title":"הושע ד ב"},{"title":"הושע פרק ד פסוק ב"}]},{"uri":"jbr:tanach-15-4-3","jbo:text":"על כן תאבל הארץ ואמלל כל יושב בה בחית השדה ובעוף השמים וגם דגי הים יאספו","jbo:textNikud":"עַל כֵּן תֶּאֱבַל הָאָרֶץ וְאֻמְלַל כָּל יוֹשֵׁב בָּהּ בְּחַיַּת הַשָּׂדֶה וּבְעוֹף הַשָּׁמָיִם וְגַם דְּגֵי הַיָּם יֵאָסֵפוּ","rdfs:label":"הושע ד ג","jbo:sefer":"jbr:tanach-15","titles":[{"title":"הושע ד ג"},{"title":"הושע פרק ד פסוק ג"}]},{"uri":"jbr:tanach-15-4-4","jbo:text":"אך איש אל ירב ואל יוכח איש ועמך כמריבי כהן","jbo:textNikud":"אַךְ אִישׁ אַל יָרֵב וְאַל יוֹכַח אִישׁ וְעַמְּךָ כִּמְרִיבֵי כֹהֵן","rdfs:label":"הושע ד ד","jbo:sefer":"jbr:tanach-15","titles":[{"title":"הושע ד ד"},{"title":"הושע פרק ד פסוק ד"}]},{"uri":"jbr:tanach-15-4-5","jbo:text":"וכשלת היום וכשל גם נביא עמך לילה ודמיתי אמך","jbo:textNikud":"וְכָשַׁלְתָּ הַיּוֹם וְכָשַׁל גַּם נָבִיא עִמְּךָ לָיְלָה וְדָמִיתִי אִמֶּךָ","rdfs:label":"הושע ד ה","jbo:sefer":"jbr:tanach-15","titles":[{"title":"הושע ד ה"},{"title":"הושע פרק ד פסוק ה"}]},{"uri":"jbr:tanach-15-4-6","jbo:text":"נדמו עמי מבלי הדעת כי אתה הדעת מאסת ואמאסאך מכהן לי ותשכח תורת אלהיך אשכח בניך גם אני","jbo:textNikud":"נִדְמוּ עַמִּי מִבְּלִי הַדָּעַת כִּי אַתָּה הַדַּעַת מָאַסְתָּ וְאֶמְאָסְאךָ מִכַּהֵן לִי וַתִּשְׁכַּח תּוֹרַת אֱלֹהֶיךָ אֶשְׁכַּח בָּנֶיךָ גַּם אָנִי","rdfs:label":"הושע ד ו","jbo:sefer":"jbr:tanach-15","titles":[{"title":"הושע ד ו"},{"title":"הושע פרק ד פסוק ו"}]},{"uri":"jbr:tanach-15-4-7","jbo:text":"כרבם כן חטאו לי כבודם בקלון אמיר","jbo:textNikud":"כְּרֻבָּם כֵּן חָטְאוּ לִי כְּבוֹדָם בְּקָלוֹן אָמִיר","rdfs:label":"הושע ד ז","jbo:sefer":"jbr:tanach-15","titles":[{"title":"הושע ד ז"},{"title":"הושע פרק ד פסוק ז"}]},{"uri":"jbr:tanach-15-4-8","jbo:text":"חטאת עמי יאכלו ואל עונם ישאו נפשו","jbo:textNikud":"חַטַּאת עַמִּי יֹאכֵלוּ וְאֶל עֲוֹנָם יִשְׂאוּ נַפְשׁוֹ","rdfs:label":"הושע ד ח","jbo:sefer":"jbr:tanach-15","titles":[{"title":"הושע ד ח"},{"title":"הושע פרק ד פסוק ח"}]},{"uri":"jbr:tanach-15-4-9","jbo:text":"והיה כעם ככהן ופקדתי עליו דרכיו ומעלליו אשיב לו","jbo:textNikud":"וְהָיָה כָעָם כַּכֹּהֵן וּפָקַדְתִּי עָלָיו דְּרָכָיו וּמַעֲלָלָיו אָשִׁיב לוֹ","rdfs:label":"הושע ד ט","jbo:sefer":"jbr:tanach-15","titles":[{"title":"הושע ד ט"},{"title":"הושע פרק ד פסוק ט"}]},{"uri":"jbr:tanach-15-4-10","jbo:text":"ואכלו ולא ישבעו הזנו ולא יפרצו כי את יהוה עזבו לשמר","jbo:textNikud":"וְאָכְלוּ וְלֹא יִשְׂבָּעוּ הִזְנוּ וְלֹא יִפְרֹצוּ כִּי אֶת יְהוָה עָזְבוּ לִשְׁמֹר","rdfs:label":"הושע ד י","jbo:sefer":"jbr:tanach-15","titles":[{"title":"הושע ד י"},{"title":"הושע פרק ד פסוק י"}]},{"uri":"jbr:tanach-15-4-11","jbo:text":"זנות ויין ותירוש יקח לב","jbo:textNikud":"זְנוּת וְיַיִן וְתִירוֹשׁ יִקַּח לֵב","rdfs:label":"הושע ד יא","jbo:sefer":"jbr:tanach-15","titles":[{"title":"הושע ד יא"},{"title":"הושע פרק ד פסוק יא"}]},{"uri":"jbr:tanach-15-4-12","jbo:text":"עמי בעצו ישאל ומקלו יגיד לו כי רוח זנונים התעה ויזנו מתחת אלהיהם","jbo:textNikud":"עַמִּי בְּעֵצוֹ יִשְׁאָל וּמַקְלוֹ יַגִּיד לוֹ כִּי רוּחַ זְנוּנִים הִתְעָה וַיִּזְנוּ מִתַּחַת אֱלֹהֵיהֶם","rdfs:label":"הושע ד יב","jbo:sefer":"jbr:tanach-15","titles":[{"title":"הושע ד יב"},{"title":"הושע פרק ד פסוק יב"}]},{"uri":"jbr:tanach-15-4-13","jbo:text":"על ראשי ההרים יזבחו ועל הגבעות יקטרו תחת אלון ולבנה ואלה כי טוב צלה על כן תזנינה בנותיכם וכלותיכם תנאפנה","jbo:textNikud":"עַל רָאשֵׁי הֶהָרִים יְזַבֵּחוּ וְעַל הַגְּבָעוֹת יְקַטֵּרוּ תַּחַת אַלּוֹן וְלִבְנֶה וְאֵלָה כִּי טוֹב צִלָּהּ עַל כֵּן תִּזְנֶינָה בְּנוֹתֵיכֶם וְכַלּוֹתֵיכֶם תְּנָאַפְנָה","rdfs:label":"הושע ד יג","jbo:sefer":"jbr:tanach-15","titles":[{"title":"הושע ד יג"},{"title":"הושע פרק ד פסוק יג"}]},{"uri":"jbr:tanach-15-4-14","jbo:text":"לא אפקוד על בנותיכם כי תזנינה ועל כלותיכם כי תנאפנה כי הם עם הזנות יפרדו ועם הקדשות יזבחו ועם לא יבין ילבט","jbo:textNikud":"לֹא אֶפְקוֹד עַל בְּנוֹתֵיכֶם כִּי תִזְנֶינָה וְעַל כַּלּוֹתֵיכֶם כִּי תְנָאַפְנָה כִּי הֵם עִם הַזֹּנוֹת יְפָרֵדוּ וְעִם הַקְּדֵשׁוֹת יְזַבֵּחוּ וְעָם לֹא יָבִין יִלָּבֵט","rdfs:label":"הושע ד יד","jbo:sefer":"jbr:tanach-15","titles":[{"title":"הושע ד יד"},{"title":"הושע פרק ד פסוק יד"}]},{"uri":"jbr:tanach-15-4-15","jbo:text":"אם זנה אתה ישראל אל יאשם יהודה ואל תבאו הגלגל ואל תעלו בית און ואל תשבעו חי יהוה","jbo:textNikud":"אִם זֹנֶה אַתָּה יִשְׂרָאֵל אַל יֶאְשַׁם יְהוּדָה וְאַל תָּבֹאוּ הַגִּלְגָּל וְאַל תַּעֲלוּ בֵּית אָוֶן וְאַל תִּשָּׁבְעוּ חַי יְהוָה","rdfs:label":"הושע ד טו","jbo:sefer":"jbr:tanach-15","titles":[{"title":"הושע ד טו"},{"title":"הושע פרק ד פסוק טו"}]},{"uri":"jbr:tanach-15-4-16","jbo:text":"כי כפרה סררה סרר ישראל עתה ירעם יהוה ככבש במרחב","jbo:textNikud":"כִּי כְּפָרָה סֹרֵרָה סָרַר יִשְׂרָאֵל עַתָּה יִרְעֵם יְהוָה כְּכֶבֶשׂ בַּמֶּרְחָב","rdfs:label":"הושע ד טז","jbo:sefer":"jbr:tanach-15","titles":[{"title":"הושע ד טז"},{"title":"הושע פרק ד פסוק טז"}]},{"uri":"jbr:tanach-15-4-17","jbo:text":"חבור עצבים אפרים הנח לו","jbo:textNikud":"חֲבוּר עֲצַבִּים אֶפְרָיִם הַנַּח לוֹ","rdfs:label":"הושע ד יז","jbo:sefer":"jbr:tanach-15","titles":[{"title":"הושע ד יז"},{"title":"הושע פרק ד פסוק יז"}]},{"uri":"jbr:tanach-15-4-18","jbo:text":"סר סבאם הזנה הזנו אהבו הבו קלון מגניה","jbo:textNikud":"סָר סָבְאָם הַזְנֵה הִזְנוּ אָהֲבוּ הֵבוּ קָלוֹן מָגִנֶּיהָ","rdfs:label":"הושע ד יח","jbo:sefer":"jbr:tanach-15","titles":[{"title":"הושע ד יח"},{"title":"הושע פרק ד פסוק יח"}]},{"uri":"jbr:tanach-15-4-19","jbo:text":"צרר רוח אותה בכנפיה ויבשו מזבחותם","jbo:textNikud":"צָרַר רוּחַ אוֹתָהּ בִּכְנָפֶיהָ וְיֵבֹשׁוּ מִזִּבְחוֹתָם","rdfs:label":"הושע ד יט","jbo:sefer":"jbr:tanach-15","titles":[{"title":"הושע ד יט"},{"title":"הושע פרק ד פסוק יט"}]},{"uri":"jbr:tanach-15-5-1","jbo:text":"שמעו זאת הכהנים והקשיבו בית ישראל ובית המלך האזינו כי לכם המשפט כי פח הייתם למצפה ורשת פרושה על תבור","jbo:textNikud":"שִׁמְעוּ זֹאת הַכֹּהֲנִים וְהַקְשִׁיבוּ בֵּית יִשְׂרָאֵל וּבֵית הַמֶּלֶךְ הַאֲזִינוּ כִּי לָכֶם הַמִּשְׁפָּט כִּי פַח הֱיִיתֶם לְמִצְפָּה וְרֶשֶׁת פְּרוּשָׂה עַל תָּבוֹר","rdfs:label":"הושע ה א","jbo:sefer":"jbr:tanach-15","titles":[{"title":"הושע ה א"},{"title":"הושע פרק ה פסוק א"}]},{"uri":"jbr:tanach-15-5-2","jbo:text":"ושחטה שטים העמיקו ואני מוסר לכלם","jbo:textNikud":"וְשַׁחֲטָה שֵׂטִים הֶעְמִיקוּ וַאֲנִי מוּסָר לְכֻלָּם","rdfs:label":"הושע ה ב","jbo:sefer":"jbr:tanach-15","titles":[{"title":"הושע ה ב"},{"title":"הושע פרק ה פסוק ב"}]},{"uri":"jbr:tanach-15-5-3","jbo:text":"אני ידעתי אפרים וישראל לא נכחד ממני כי עתה הזנית אפרים נטמא ישראל","jbo:textNikud":"אֲנִי יָדַעְתִּי אֶפְרַיִם וְיִשְׂרָאֵל לֹא נִכְחַד מִמֶּנִּי כִּי עַתָּה הִזְנֵיתָ אֶפְרַיִם נִטְמָא יִשְׂרָאֵל","rdfs:label":"הושע ה ג","jbo:sefer":"jbr:tanach-15","titles":[{"title":"הושע ה ג"},{"title":"הושע פרק ה פסוק ג"}]},{"uri":"jbr:tanach-15-5-4","jbo:text":"לא יתנו מעלליהם לשוב אל אלהיהם כי רוח זנונים בקרבם ואת יהוה לא ידעו","jbo:textNikud":"לֹא יִתְּנוּ מַעַלְלֵיהֶם לָשׁוּב אֶל אֱלֹהֵיהֶם כִּי רוּחַ זְנוּנִים בְּקִרְבָּם וְאֶת יְהוָה לֹא יָדָעוּ","rdfs:label":"הושע ה ד","jbo:sefer":"jbr:tanach-15","titles":[{"title":"הושע ה ד"},{"title":"הושע פרק ה פסוק ד"}]},{"uri":"jbr:tanach-15-5-5","jbo:text":"וענה גאון ישראל בפניו וישראל ואפרים יכשלו בעונם כשל גם יהודה עמם","jbo:textNikud":"וְעָנָה גְאוֹן יִשְׂרָאֵל בְּפָנָיו וְיִשְׂרָאֵל וְאֶפְרַיִם יִכָּשְׁלוּ בַּעֲוֹנָם כָּשַׁל גַּם יְהוּדָה עִמָּם","rdfs:label":"הושע ה ה","jbo:sefer":"jbr:tanach-15","titles":[{"title":"הושע ה ה"},{"title":"הושע פרק ה פסוק ה"}]},{"uri":"jbr:tanach-15-5-6","jbo:text":"בצאנם ובבקרם ילכו לבקש את יהוה ולא ימצאו חלץ מהם","jbo:textNikud":"בְּצֹאנָם וּבִבְקָרָם יֵלְכוּ לְבַקֵּשׁ אֶת יְהוָה וְלֹא יִמְצָאוּ חָלַץ מֵהֶם","rdfs:label":"הושע ה ו","jbo:sefer":"jbr:tanach-15","titles":[{"title":"הושע ה ו"},{"title":"הושע פרק ה פסוק ו"}]},{"uri":"jbr:tanach-15-5-7","jbo:text":"ביהוה בגדו כי בנים זרים ילדו עתה יאכלם חדש את חלקיהם","jbo:textNikud":"בַּיהוָה בָּגָדוּ כִּי בָנִים זָרִים יָלָדוּ עַתָּה יֹאכְלֵם חֹדֶשׁ אֶת חֶלְקֵיהֶם","rdfs:label":"הושע ה ז","jbo:sefer":"jbr:tanach-15","titles":[{"title":"הושע ה ז"},{"title":"הושע פרק ה פסוק ז"}]},{"uri":"jbr:tanach-15-5-8","jbo:text":"תקעו שופר בגבעה חצצרה ברמה הריעו בית און אחריך בנימין","jbo:textNikud":"תִּקְעוּ שׁוֹפָר בַּגִּבְעָה חֲצֹצְרָה בָּרָמָה הָרִיעוּ בֵּית אָוֶן אַחֲרֶיךָ בִּנְיָמִין","rdfs:label":"הושע ה ח","jbo:sefer":"jbr:tanach-15","titles":[{"title":"הושע ה ח"},{"title":"הושע פרק ה פסוק ח"}]},{"uri":"jbr:tanach-15-5-9","jbo:text":"אפרים לשמה תהיה ביום תוכחה בשבטי ישראל הודעתי נאמנה","jbo:textNikud":"אֶפְרַיִם לְשַׁמָּה תִהְיֶה בְּיוֹם תּוֹכֵחָה בְּשִׁבְטֵי יִשְׂרָאֵל הוֹדַעְתִּי נֶאֱמָנָה","rdfs:label":"הושע ה ט","jbo:sefer":"jbr:tanach-15","titles":[{"title":"הושע ה ט"},{"title":"הושע פרק ה פסוק ט"}]},{"uri":"jbr:tanach-15-5-10","jbo:text":"היו שרי יהודה כמסיגי גבול עליהם אשפוך כמים עברתי","jbo:textNikud":"הָיוּ שָׂרֵי יְהוּדָה כְּמַסִּיגֵי גְּבוּל עֲלֵיהֶם אֶשְׁפּוֹךְ כַּמַּיִם עֶבְרָתִי","rdfs:label":"הושע ה י","jbo:sefer":"jbr:tanach-15","titles":[{"title":"הושע ה י"},{"title":"הושע פרק ה פסוק י"}]},{"uri":"jbr:tanach-15-5-11","jbo:text":"עשוק אפרים רצוץ משפט כי הואיל הלך אחרי צו","jbo:textNikud":"עָשׁוּק אֶפְרַיִם רְצוּץ מִשְׁפָּט כִּי הוֹאִיל הָלַךְ אַחֲרֵי צָו","rdfs:label":"הושע ה יא","jbo:sefer":"jbr:tanach-15","titles":[{"title":"הושע ה יא"},{"title":"הושע פרק ה פסוק יא"}]},{"uri":"jbr:tanach-15-5-12","jbo:text":"ואני כעש לאפרים וכרקב לבית יהודה","jbo:textNikud":"וַאֲנִי כָעָשׁ לְאֶפְרָיִם וְכָרָקָב לְבֵית יְהוּדָה","rdfs:label":"הושע ה יב","jbo:sefer":"jbr:tanach-15","titles":[{"title":"הושע ה יב"},{"title":"הושע פרק ה פסוק יב"}]},{"uri":"jbr:tanach-15-5-13","jbo:text":"וירא אפרים את חליו ויהודה את מזרו וילך אפרים אל אשור וישלח אל מלך ירב והוא לא יוכל לרפא לכם ולא יגהה מכם מזור","jbo:textNikud":"וַיַּרְא אֶפְרַיִם אֶת חָלְיוֹ וִיהוּדָה אֶת מְזֹרוֹ וַיֵּלֶךְ אֶפְרַיִם אֶל אַשּׁוּר וַיִּשְׁלַח אֶל מֶלֶךְ יָרֵב וְהוּא לֹא יוּכַל לִרְפֹּא לָכֶם וְלֹא יִגְהֶה מִכֶּם מָזוֹר","rdfs:label":"הושע ה יג","jbo:sefer":"jbr:tanach-15","titles":[{"title":"הושע ה יג"},{"title":"הושע פרק ה פסוק יג"}]},{"uri":"jbr:tanach-15-5-14","jbo:text":"כי אנכי כשחל לאפרים וככפיר לבית יהודה אני אני אטרף ואלך אשא ואין מציל","jbo:textNikud":"כִּי אָנֹכִי כַשַּׁחַל לְאֶפְרַיִם וְכַכְּפִיר לְבֵית יְהוּדָה אֲנִי אֲנִי אֶטְרֹף וְאֵלֵךְ אֶשָּׂא וְאֵין מַצִּיל","rdfs:label":"הושע ה יד","jbo:sefer":"jbr:tanach-15","titles":[{"title":"הושע ה יד"},{"title":"הושע פרק ה פסוק יד"}]},{"uri":"jbr:tanach-15-5-15","jbo:text":"אלך אשובה אל מקומי עד אשר יאשמו ובקשו פני בצר להם ישחרנני","jbo:textNikud":"אֵלֵךְ אָשׁוּבָה אֶל מְקוֹמִי עַד אֲשֶׁר יֶאְשְׁמוּ וּבִקְשׁוּ פָנָי בַּצַּר לָהֶם יְשַׁחֲרֻנְנִי","rdfs:label":"הושע ה טו","jbo:sefer":"jbr:tanach-15","titles":[{"title":"הושע ה טו"},{"title":"הושע פרק ה פסוק טו"}]},{"uri":"jbr:tanach-15-6-1","jbo:text":"לכו ונשובה אל יהוה כי הוא טרף וירפאנו יך ויחבשנו","jbo:textNikud":"לְכוּ וְנָשׁוּבָה אֶל יְהוָה כִּי הוּא טָרָף וְיִרְפָּאֵנוּ יַךְ וְיַחְבְּשֵׁנוּ","rdfs:label":"הושע ו א","jbo:sefer":"jbr:tanach-15","titles":[{"title":"הושע ו א"},{"title":"הושע פרק ו פסוק א"}]},{"uri":"jbr:tanach-15-6-2","jbo:text":"יחינו מימים ביום השלישי יקמנו ונחיה לפניו","jbo:textNikud":"יְחַיֵּנוּ מִיֹּמָיִם בַּיּוֹם הַשְּׁלִישִׁי יְקִמֵנוּ וְנִחְיֶה לְפָנָיו","rdfs:label":"הושע ו ב","jbo:sefer":"jbr:tanach-15","titles":[{"title":"הושע ו ב"},{"title":"הושע פרק ו פסוק ב"}]},{"uri":"jbr:tanach-15-6-3","jbo:text":"ונדעה נרדפה לדעת את יהוה כשחר נכון מוצאו ויבוא כגשם לנו כמלקוש יורה ארץ","jbo:textNikud":"וְנֵדְעָה נִרְדְּפָה לָדַעַת אֶת יְהוָה כְּשַׁחַר נָכוֹן מוֹצָאוֹ וְיָבוֹא כַגֶּשֶׁם לָנוּ כְּמַלְקוֹשׁ יוֹרֶה אָרֶץ","rdfs:label":"הושע ו ג","jbo:sefer":"jbr:tanach-15","titles":[{"title":"הושע ו ג"},{"title":"הושע פרק ו פסוק ג"}]},{"uri":"jbr:tanach-15-6-4","jbo:text":"מה אעשה לך אפרים מה אעשה לך יהודה וחסדכם כענן בקר וכטל משכים הלך","jbo:textNikud":"מָה אֶעֱשֶׂה לְּךָ אֶפְרַיִם מָה אֶעֱשֶׂה לְּךָ יְהוּדָה וְחַסְדְּכֶם כַּעֲנַן בֹּקֶר וְכַטַּל מַשְׁכִּים הֹלֵךְ","rdfs:label":"הושע ו ד","jbo:sefer":"jbr:tanach-15","titles":[{"title":"הושע ו ד"},{"title":"הושע פרק ו פסוק ד"}]},{"uri":"jbr:tanach-15-6-5","jbo:text":"על כן חצבתי בנביאים הרגתים באמרי פי ומשפטיך אור יצא","jbo:textNikud":"עַל כֵּן חָצַבְתִּי בַּנְּבִיאִים הֲרַגְתִּים בְּאִמְרֵי פִי וּמִשְׁפָּטֶיךָ אוֹר יֵצֵא","rdfs:label":"הושע ו ה","jbo:sefer":"jbr:tanach-15","titles":[{"title":"הושע ו ה"},{"title":"הושע פרק ו פסוק ה"}]},{"uri":"jbr:tanach-15-6-6","jbo:text":"כי חסד חפצתי ולא זבח ודעת אלהים מעלות","jbo:textNikud":"כִּי חֶסֶד חָפַצְתִּי וְלֹא זָבַח וְדַעַת אֱלֹהִים מֵעֹלוֹת","rdfs:label":"הושע ו ו","jbo:sefer":"jbr:tanach-15","titles":[{"title":"הושע ו ו"},{"title":"הושע פרק ו פסוק ו"}]},{"uri":"jbr:tanach-15-6-7","jbo:text":"והמה כאדם עברו ברית שם בגדו בי","jbo:textNikud":"וְהֵמָּה כְּאָדָם עָבְרוּ בְרִית שָׁם בָּגְדוּ בִי","rdfs:label":"הושע ו ז","jbo:sefer":"jbr:tanach-15","titles":[{"title":"הושע ו ז"},{"title":"הושע פרק ו פסוק ז"}]},{"uri":"jbr:tanach-15-6-8","jbo:text":"גלעד קרית פעלי און עקבה מדם","jbo:textNikud":"גִּלְעָד קִרְיַת פֹּעֲלֵי אָוֶן עֲקֻבָּה מִדָּם","rdfs:label":"הושע ו ח","jbo:sefer":"jbr:tanach-15","titles":[{"title":"הושע ו ח"},{"title":"הושע פרק ו פסוק ח"}]},{"uri":"jbr:tanach-15-6-9","jbo:text":"וכחכי איש גדודים חבר כהנים דרך ירצחו שכמה כי זמה עשו","jbo:textNikud":"וּכְחַכֵּי אִישׁ גְּדוּדִים חֶבֶר כֹּהֲנִים דֶּרֶךְ יְרַצְּחוּ שֶׁכְמָה כִּי זִמָּה עָשׂוּ","rdfs:label":"הושע ו ט","jbo:sefer":"jbr:tanach-15","titles":[{"title":"הושע ו ט"},{"title":"הושע פרק ו פסוק ט"}]},{"uri":"jbr:tanach-15-6-10","jbo:text":"בבית ישראל ראיתי (שעריריה) שערוריה שם זנות לאפרים נטמא ישראל","jbo:textNikud":"בְּבֵית יִשְׂרָאֵל רָאִיתִי (שעריריה) שַׁעֲרוּרִיָּה שָׁם זְנוּת לְאֶפְרַיִם נִטְמָא יִשְׂרָאֵל","rdfs:label":"הושע ו י","jbo:sefer":"jbr:tanach-15","titles":[{"title":"הושע ו י"},{"title":"הושע פרק ו פסוק י"}]},{"uri":"jbr:tanach-15-6-11","jbo:text":"גם יהודה שת קציר לך בשובי שבות עמי","jbo:textNikud":"גַּם יְהוּדָה שָׁת קָצִיר לָךְ בְּשׁוּבִי שְׁבוּת עַמִּי","rdfs:label":"הושע ו יא","jbo:sefer":"jbr:tanach-15","titles":[{"title":"הושע ו יא"},{"title":"הושע פרק ו פסוק יא"}]},{"uri":"jbr:tanach-15-7-1","jbo:text":"כרפאי לישראל ונגלה עון אפרים ורעות שמרון כי פעלו שקר וגנב יבוא פשט גדוד בחוץ","jbo:textNikud":"כְּרָפְאִי לְיִשְׂרָאֵל וְנִגְלָה עֲוֹן אֶפְרַיִם וְרָעוֹת שֹׁמְרוֹן כִּי פָעֲלוּ שָׁקֶר וְגַנָּב יָבוֹא פָּשַׁט גְּדוּד בַּחוּץ","rdfs:label":"הושע ז א","jbo:sefer":"jbr:tanach-15","titles":[{"title":"הושע ז א"},{"title":"הושע פרק ז פסוק א"}]},{"uri":"jbr:tanach-15-7-2","jbo:text":"ובל יאמרו ללבבם כל רעתם זכרתי עתה סבבום מעלליהם נגד פני היו","jbo:textNikud":"וּבַל יֹאמְרוּ לִלְבָבָם כָּל רָעָתָם זָכָרְתִּי עַתָּה סְבָבוּם מַעַלְלֵיהֶם נֶגֶד פָּנַי הָיוּ","rdfs:label":"הושע ז ב","jbo:sefer":"jbr:tanach-15","titles":[{"title":"הושע ז ב"},{"title":"הושע פרק ז פסוק ב"}]},{"uri":"jbr:tanach-15-7-3","jbo:text":"ברעתם ישמחו מלך ובכחשיהם שרים","jbo:textNikud":"בְּרָעָתָם יְשַׂמְּחוּ מֶלֶךְ וּבְכַחֲשֵׁיהֶם שָׂרִים","rdfs:label":"הושע ז ג","jbo:sefer":"jbr:tanach-15","titles":[{"title":"הושע ז ג"},{"title":"הושע פרק ז פסוק ג"}]},{"uri":"jbr:tanach-15-7-4","jbo:text":"כלם מנאפים כמו תנור בערה מאפה ישבות מעיר מלוש בצק עד חמצתו","jbo:textNikud":"כֻּלָּם מְנָאֲפִים כְּמוֹ תַנּוּר בֹּעֵרָה מֵאֹפֶה יִשְׁבּוֹת מֵעִיר מִלּוּשׁ בָּצֵק עַד חֻמְצָתוֹ","rdfs:label":"הושע ז ד","jbo:sefer":"jbr:tanach-15","titles":[{"title":"הושע ז ד"},{"title":"הושע פרק ז פסוק ד"}]},{"uri":"jbr:tanach-15-7-5","jbo:text":"יום מלכנו החלו שרים חמת מיין משך ידו את לצצים","jbo:textNikud":"יוֹם מַלְכֵּנוּ הֶחֱלוּ שָׂרִים חֲמַת מִיָּיִן מָשַׁךְ יָדוֹ אֶת לֹצְצִים","rdfs:label":"הושע ז ה","jbo:sefer":"jbr:tanach-15","titles":[{"title":"הושע ז ה"},{"title":"הושע פרק ז פסוק ה"}]},{"uri":"jbr:tanach-15-7-6","jbo:text":"כי קרבו כתנור לבם בארבם כל הלילה ישן אפהם בקר הוא בער כאש להבה","jbo:textNikud":"כִּי קֵרְבוּ כַתַּנּוּר לִבָּם בְּאָרְבָּם כָּל הַלַּיְלָה יָשֵׁן אֹפֵהֶם בֹּקֶר הוּא בֹעֵר כְּאֵשׁ לֶהָבָה","rdfs:label":"הושע ז ו","jbo:sefer":"jbr:tanach-15","titles":[{"title":"הושע ז ו"},{"title":"הושע פרק ז פסוק ו"}]},{"uri":"jbr:tanach-15-7-7","jbo:text":"כלם יחמו כתנור ואכלו את שפטיהם כל מלכיהם נפלו אין קרא בהם אלי","jbo:textNikud":"כֻּלָּם יֵחַמּוּ כַּתַּנּוּר וְאָכְלוּ אֶת שֹׁפְטֵיהֶם כָּל מַלְכֵיהֶם נָפָלוּ אֵין קֹרֵא בָהֶם אֵלָי","rdfs:label":"הושע ז ז","jbo:sefer":"jbr:tanach-15","titles":[{"title":"הושע ז ז"},{"title":"הושע פרק ז פסוק ז"}]},{"uri":"jbr:tanach-15-7-8","jbo:text":"אפרים בעמים הוא יתבולל אפרים היה עגה בלי הפוכה","jbo:textNikud":"אֶפְרַיִם בָּעַמִּים הוּא יִתְבּוֹלָל אֶפְרַיִם הָיָה עֻגָה בְּלִי הֲפוּכָה","rdfs:label":"הושע ז ח","jbo:sefer":"jbr:tanach-15","titles":[{"title":"הושע ז ח"},{"title":"הושע פרק ז פסוק ח"}]},{"uri":"jbr:tanach-15-7-9","jbo:text":"אכלו זרים כחו והוא לא ידע גם שיבה זרקה בו והוא לא ידע","jbo:textNikud":"אָכְלוּ זָרִים כֹּחוֹ וְהוּא לֹא יָדָע גַּם שֵׂיבָה זָרְקָה בּוֹ וְהוּא לֹא יָדָע","rdfs:label":"הושע ז ט","jbo:sefer":"jbr:tanach-15","titles":[{"title":"הושע ז ט"},{"title":"הושע פרק ז פסוק ט"}]},{"uri":"jbr:tanach-15-7-10","jbo:text":"וענה גאון ישראל בפניו ולא שבו אל יהוה אלהיהם ולא בקשהו בכל זאת","jbo:textNikud":"וְעָנָה גְאוֹן יִשְׂרָאֵל בְּפָנָיו וְלֹא שָׁבוּ אֶל יְהוָה אֱלֹהֵיהֶם וְלֹא בִקְשֻׁהוּ בְּכָל זֹאת","rdfs:label":"הושע ז י","jbo:sefer":"jbr:tanach-15","titles":[{"title":"הושע ז י"},{"title":"הושע פרק ז פסוק י"}]},{"uri":"jbr:tanach-15-7-11","jbo:text":"ויהי אפרים כיונה פותה אין לב מצרים קראו אשור הלכו","jbo:textNikud":"וַיְהִי אֶפְרַיִם כְּיוֹנָה פוֹתָה אֵין לֵב מִצְרַיִם קָרָאוּ אַשּׁוּר הָלָכוּ","rdfs:label":"הושע ז יא","jbo:sefer":"jbr:tanach-15","titles":[{"title":"הושע ז יא"},{"title":"הושע פרק ז פסוק יא"}]},{"uri":"jbr:tanach-15-7-12","jbo:text":"כאשר ילכו אפרוש עליהם רשתי כעוף השמים אורידם איסרם כשמע לעדתם","jbo:textNikud":"כַּאֲשֶׁר יֵלֵכוּ אֶפְרוֹשׂ עֲלֵיהֶם רִשְׁתִּי כְּעוֹף הַשָּׁמַיִם אוֹרִידֵם אַיְסִרֵם כְּשֵׁמַע לַעֲדָתָם","rdfs:label":"הושע ז יב","jbo:sefer":"jbr:tanach-15","titles":[{"title":"הושע ז יב"},{"title":"הושע פרק ז פסוק יב"}]},{"uri":"jbr:tanach-15-7-13","jbo:text":"אוי להם כי נדדו ממני שד להם כי פשעו בי ואנכי אפדם והמה דברו עלי כזבים","jbo:textNikud":"אוֹי לָהֶם כִּי נָדְדוּ מִמֶּנִּי שֹׁד לָהֶם כִּי פָשְׁעוּ בִי וְאָנֹכִי אֶפְדֵּם וְהֵמָּה דִּבְּרוּ עָלַי כְּזָבִים","rdfs:label":"הושע ז יג","jbo:sefer":"jbr:tanach-15","titles":[{"title":"הושע ז יג"},{"title":"הושע פרק ז פסוק יג"}]},{"uri":"jbr:tanach-15-7-14","jbo:text":"ולא זעקו אלי בלבם כי יילילו על משכבותם על דגן ותירוש יתגוררו יסורו בי","jbo:textNikud":"וְלֹא זָעֲקוּ אֵלַי בְּלִבָּם כִּי יְיֵלִילוּ עַל מִשְׁכְּבוֹתָם עַל דָּגָן וְתִירוֹשׁ יִתְגּוֹרָרוּ יָסוּרוּ בִי","rdfs:label":"הושע ז יד","jbo:sefer":"jbr:tanach-15","titles":[{"title":"הושע ז יד"},{"title":"הושע פרק ז פסוק יד"}]},{"uri":"jbr:tanach-15-7-15","jbo:text":"ואני יסרתי חזקתי זרועתם ואלי יחשבו רע","jbo:textNikud":"וַאֲנִי יִסַּרְתִּי חִזַּקְתִּי זְרוֹעֹתָם וְאֵלַי יְחַשְּׁבוּ רָע","rdfs:label":"הושע ז טו","jbo:sefer":"jbr:tanach-15","titles":[{"title":"הושע ז טו"},{"title":"הושע פרק ז פסוק טו"}]},{"uri":"jbr:tanach-15-7-16","jbo:text":"ישובו לא על היו כקשת רמיה יפלו בחרב שריהם מזעם לשונם זו לעגם בארץ מצרים","jbo:textNikud":"יָשׁוּבוּ לֹא עָל הָיוּ כְּקֶשֶׁת רְמִיָּה יִפְּלוּ בַחֶרֶב שָׂרֵיהֶם מִזַּעַם לְשׁוֹנָם זוֹ לַעְגָּם בְּאֶרֶץ מִצְרָיִם","rdfs:label":"הושע ז טז","jbo:sefer":"jbr:tanach-15","titles":[{"title":"הושע ז טז"},{"title":"הושע פרק ז פסוק טז"}]},{"uri":"jbr:tanach-15-8-1","jbo:text":"אל חכך שפר כנשר על בית יהוה יען עברו בריתי ועל תורתי פשעו","jbo:textNikud":"אֶל חִכְּךָ שֹׁפָר כַּנֶּשֶׁר עַל בֵּית יְהוָה יַעַן עָבְרוּ בְרִיתִי וְעַל תּוֹרָתִי פָּשָׁעוּ","rdfs:label":"הושע ח א","jbo:sefer":"jbr:tanach-15","titles":[{"title":"הושע ח א"},{"title":"הושע פרק ח פסוק א"}]},{"uri":"jbr:tanach-15-8-2","jbo:text":"לי יזעקו אלהי ידענוך ישראל","jbo:textNikud":"לִי יִזְעָקוּ אֱלֹהַי יְדַעֲנוּךָ יִשְׂרָאֵל","rdfs:label":"הושע ח ב","jbo:sefer":"jbr:tanach-15","titles":[{"title":"הושע ח ב"},{"title":"הושע פרק ח פסוק ב"}]},{"uri":"jbr:tanach-15-8-3","jbo:text":"זנח ישראל טוב אויב ירדפו","jbo:textNikud":"זָנַח יִשְׂרָאֵל טוֹב אוֹיֵב יִרְדְּפוֹ","rdfs:label":"הושע ח ג","jbo:sefer":"jbr:tanach-15","titles":[{"title":"הושע ח ג"},{"title":"הושע פרק ח פסוק ג"}]},{"uri":"jbr:tanach-15-8-4","jbo:text":"הם המליכו ולא ממני השירו ולא ידעתי כספם וזהבם עשו להם עצבים למען יכרת","jbo:textNikud":"הֵם הִמְלִיכוּ וְלֹא מִמֶּנִּי הֵשִׂירוּ וְלֹא יָדָעְתִּי כַּסְפָּם וּזְהָבָם עָשׂוּ לָהֶם עֲצַבִּים לְמַעַן יִכָּרֵת","rdfs:label":"הושע ח ד","jbo:sefer":"jbr:tanach-15","titles":[{"title":"הושע ח ד"},{"title":"הושע פרק ח פסוק ד"}]},{"uri":"jbr:tanach-15-8-5","jbo:text":"זנח עגלך שמרון חרה אפי בם עד מתי לא יוכלו נקין","jbo:textNikud":"זָנַח עֶגְלֵךְ שֹׁמְרוֹן חָרָה אַפִּי בָּם עַד מָתַי לֹא יוּכְלוּ נִקָּיֹן","rdfs:label":"הושע ח ה","jbo:sefer":"jbr:tanach-15","titles":[{"title":"הושע ח ה"},{"title":"הושע פרק ח פסוק ה"}]},{"uri":"jbr:tanach-15-8-6","jbo:text":"כי מישראל והוא חרש עשהו ולא אלהים הוא כי שבבים יהיה עגל שמרון","jbo:textNikud":"כִּי מִיִּשְׂרָאֵל וְהוּא חָרָשׁ עָשָׂהוּ וְלֹא אֱלֹהִים הוּא כִּי שְׁבָבִים יִהְיֶה עֵגֶל שֹׁמְרוֹן","rdfs:label":"הושע ח ו","jbo:sefer":"jbr:tanach-15","titles":[{"title":"הושע ח ו"},{"title":"הושע פרק ח פסוק ו"}]},{"uri":"jbr:tanach-15-8-7","jbo:text":"כי רוח יזרעו וסופתה יקצרו קמה אין לו צמח בלי יעשה קמח אולי יעשה זרים יבלעהו","jbo:textNikud":"כִּי רוּחַ יִזְרָעוּ וְסוּפָתָה יִקְצֹרוּ קָמָה אֵין לוֹ צֶמַח בְּלִי יַעֲשֶׂה קֶּמַח אוּלַי יַעֲשֶׂה זָרִים יִבְלָעֻהוּ","rdfs:label":"הושע ח ז","jbo:sefer":"jbr:tanach-15","titles":[{"title":"הושע ח ז"},{"title":"הושע פרק ח פסוק ז"}]},{"uri":"jbr:tanach-15-8-8","jbo:text":"נבלע ישראל עתה היו בגוים ככלי אין חפץ בו","jbo:textNikud":"נִבְלַע יִשְׂרָאֵל עַתָּה הָיוּ בַגּוֹיִם כִּכְלִי אֵין חֵפֶץ בּוֹ","rdfs:label":"הושע ח ח","jbo:sefer":"jbr:tanach-15","titles":[{"title":"הושע ח ח"},{"title":"הושע פרק ח פסוק ח"}]},{"uri":"jbr:tanach-15-8-9","jbo:text":"כי המה עלו אשור פרא בודד לו אפרים התנו אהבים","jbo:textNikud":"כִּי הֵמָּה עָלוּ אַשּׁוּר פֶּרֶא בּוֹדֵד לוֹ אֶפְרַיִם הִתְנוּ אֲהָבִים","rdfs:label":"הושע ח ט","jbo:sefer":"jbr:tanach-15","titles":[{"title":"הושע ח ט"},{"title":"הושע פרק ח פסוק ט"}]},{"uri":"jbr:tanach-15-8-10","jbo:text":"גם כי יתנו בגוים עתה אקבצם ויחלו מעט ממשא מלך שרים","jbo:textNikud":"גַּם כִּי יִתְנוּ בַגּוֹיִם עַתָּה אֲקַבְּצֵם וַיָּחֵלּוּ מְּעָט מִמַּשָּׂא מֶלֶךְ שָׂרִים","rdfs:label":"הושע ח י","jbo:sefer":"jbr:tanach-15","titles":[{"title":"הושע ח י"},{"title":"הושע פרק ח פסוק י"}]},{"uri":"jbr:tanach-15-8-11","jbo:text":"כי הרבה אפרים מזבחת לחטא היו לו מזבחות לחטא","jbo:textNikud":"כִּי הִרְבָּה אֶפְרַיִם מִזְבְּחֹת לַחֲטֹא הָיוּ לוֹ מִזְבְּחוֹת לַחֲטֹא","rdfs:label":"הושע ח יא","jbo:sefer":"jbr:tanach-15","titles":[{"title":"הושע ח יא"},{"title":"הושע פרק ח פסוק יא"}]},{"uri":"jbr:tanach-15-8-12","jbo:text":"(אכתוב) אכתב לו (רבו) רבי תורתי כמו זר נחשבו","jbo:textNikud":"(אכתוב) אֶכְתָּב לוֹ (רבו) רֻבֵּי תּוֹרָתִי כְּמוֹ זָר נֶחְשָׁבוּ","rdfs:label":"הושע ח יב","jbo:sefer":"jbr:tanach-15","titles":[{"title":"הושע ח יב"},{"title":"הושע פרק ח פסוק יב"}]},{"uri":"jbr:tanach-15-8-13","jbo:text":"זבחי הבהבי יזבחו בשר ויאכלו יהוה לא רצם עתה יזכר עונם ויפקד חטאותם המה מצרים ישובו","jbo:textNikud":"זִבְחֵי הַבְהָבַי יִזְבְּחוּ בָשָׂר וַיֹּאכֵלוּ יְהוָה לֹא רָצָם עַתָּה יִזְכֹּר עֲוֹנָם וְיִפְקֹד חַטֹּאותָם הֵמָּה מִצְרַיִם יָשׁוּבוּ","rdfs:label":"הושע ח יג","jbo:sefer":"jbr:tanach-15","titles":[{"title":"הושע ח יג"},{"title":"הושע פרק ח פסוק יג"}]},{"uri":"jbr:tanach-15-8-14","jbo:text":"וישכח ישראל את עשהו ויבן היכלות ויהודה הרבה ערים בצרות ושלחתי אש בעריו ואכלה ארמנתיה","jbo:textNikud":"וַיִּשְׁכַּח יִשְׂרָאֵל אֶת עֹשֵׂהוּ וַיִּבֶן הֵיכָלוֹת וִיהוּדָה הִרְבָּה עָרִים בְּצֻרוֹת וְשִׁלַּחְתִּי אֵשׁ בְּעָרָיו וְאָכְלָה אַרְמְנֹתֶיהָ","rdfs:label":"הושע ח יד","jbo:sefer":"jbr:tanach-15","titles":[{"title":"הושע ח יד"},{"title":"הושע פרק ח פסוק יד"}]},{"uri":"jbr:tanach-15-9-1","jbo:text":"אל תשמח ישראל אל גיל כעמים כי זנית מעל אלהיך אהבת אתנן על כל גרנות דגן","jbo:textNikud":"אַל תִּשְׂמַח יִשְׂרָאֵל אֶל גִּיל כָּעַמִּים כִּי זָנִיתָ מֵעַל אֱלֹהֶיךָ אָהַבְתָּ אֶתְנָן עַל כָּל גָּרְנוֹת דָּגָן","rdfs:label":"הושע ט א","jbo:sefer":"jbr:tanach-15","titles":[{"title":"הושע ט א"},{"title":"הושע פרק ט פסוק א"}]},{"uri":"jbr:tanach-15-9-2","jbo:text":"גרן ויקב לא ירעם ותירוש יכחש בה","jbo:textNikud":"גֹּרֶן וָיֶקֶב לֹא יִרְעֵם וְתִירוֹשׁ יְכַחֶשׁ בָּהּ","rdfs:label":"הושע ט ב","jbo:sefer":"jbr:tanach-15","titles":[{"title":"הושע ט ב"},{"title":"הושע פרק ט פסוק ב"}]},{"uri":"jbr:tanach-15-9-3","jbo:text":"לא ישבו בארץ יהוה ושב אפרים מצרים ובאשור טמא יאכלו","jbo:textNikud":"לֹא יֵשְׁבוּ בְּאֶרֶץ יְהוָה וְשָׁב אֶפְרַיִם מִצְרַיִם וּבְאַשּׁוּר טָמֵא יֹאכֵלוּ","rdfs:label":"הושע ט ג","jbo:sefer":"jbr:tanach-15","titles":[{"title":"הושע ט ג"},{"title":"הושע פרק ט פסוק ג"}]},{"uri":"jbr:tanach-15-9-4","jbo:text":"לא יסכו ליהוה יין ולא יערבו לו זבחיהם כלחם אונים להם כל אכליו יטמאו כי לחמם לנפשם לא יבוא בית יהוה","jbo:textNikud":"לֹא יִסְּכוּ לַיהוָה יַיִן וְלֹא יֶעֶרְבוּ לוֹ זִבְחֵיהֶם כְּלֶחֶם אוֹנִים לָהֶם כָּל אֹכְלָיו יִטַמָּאוּ כִּי לַחְמָם לְנַפְשָׁם לֹא יָבוֹא בֵּית יְהוָה","rdfs:label":"הושע ט ד","jbo:sefer":"jbr:tanach-15","titles":[{"title":"הושע ט ד"},{"title":"הושע פרק ט פסוק ד"}]},{"uri":"jbr:tanach-15-9-5","jbo:text":"מה תעשו ליום מועד וליום חג יהוה","jbo:textNikud":"מַה תַּעֲשׂוּ לְיוֹם מוֹעֵד וּלְיוֹם חַג יְהוָה","rdfs:label":"הושע ט ה","jbo:sefer":"jbr:tanach-15","titles":[{"title":"הושע ט ה"},{"title":"הושע פרק ט פסוק ה"}]},{"uri":"jbr:tanach-15-9-6","jbo:text":"כי הנה הלכו משד מצרים תקבצם מף תקברם מחמד לכספם קמוש יירשם חוח באהליהם","jbo:textNikud":"כִּי הִנֵּה הָלְכוּ מִשֹּׁד מִצְרַיִם תְּקַבְּצֵם מֹף תְּקַבְּרֵם מַחְמַד לְכַסְפָּם קִמּוֹשׂ יִירָשֵׁם חוֹחַ בְּאָהֳלֵיהֶם","rdfs:label":"הושע ט ו","jbo:sefer":"jbr:tanach-15","titles":[{"title":"הושע ט ו"},{"title":"הושע פרק ט פסוק ו"}]},{"uri":"jbr:tanach-15-9-7","jbo:text":"באו ימי הפקדה באו ימי השלם ידעו ישראל אויל הנביא משגע איש הרוח על רב עונך ורבה משטמה","jbo:textNikud":"בָּאוּ יְמֵי הַפְּקֻדָּה בָּאוּ יְמֵי הַשִׁלֻּם יֵדְעוּ יִשְׂרָאֵל אֱוִיל הַנָּבִיא מְשֻׁגָּע אִישׁ הָרוּחַ עַל רֹב עֲוֹנְךָ וְרַבָּה מַשְׂטֵמָה","rdfs:label":"הושע ט ז","jbo:sefer":"jbr:tanach-15","titles":[{"title":"הושע ט ז"},{"title":"הושע פרק ט פסוק ז"}]},{"uri":"jbr:tanach-15-9-8","jbo:text":"צפה אפרים עם אלהי נביא פח יקוש על כל דרכיו משטמה בבית אלהיו","jbo:textNikud":"צֹפֶה אֶפְרַיִם עִם אֱלֹהָי נָבִיא פַּח יָקוֹשׁ עַל כָּל דְּרָכָיו מַשְׂטֵמָה בְּבֵית אֱלֹהָיו","rdfs:label":"הושע ט ח","jbo:sefer":"jbr:tanach-15","titles":[{"title":"הושע ט ח"},{"title":"הושע פרק ט פסוק ח"}]},{"uri":"jbr:tanach-15-9-9","jbo:text":"העמיקו שחתו כימי הגבעה יזכור עונם יפקוד חטאותם","jbo:textNikud":"הֶעְמִיקוּ שִׁחֵתוּ כִּימֵי הַגִּבְעָה יִזְכּוֹר עֲוֹנָם יִפְקוֹד חַטֹּאותָם","rdfs:label":"הושע ט ט","jbo:sefer":"jbr:tanach-15","titles":[{"title":"הושע ט ט"},{"title":"הושע פרק ט פסוק ט"}]},{"uri":"jbr:tanach-15-9-10","jbo:text":"כענבים במדבר מצאתי ישראל כבכורה בתאנה בראשיתה ראיתי אבותיכם המה באו בעל פעור וינזרו לבשת ויהיו שקוצים כאהבם","jbo:textNikud":"כַּעֲנָבִים בַּמִּדְבָּר מָצָאתִי יִשְׂרָאֵל כְּבִכּוּרָה בִתְאֵנָה בְּרֵאשִׁיתָהּ רָאִיתִי אֲבוֹתֵיכֶם הֵמָּה בָּאוּ בַעַל פְּעוֹר וַיִּנָּזְרוּ לַבֹּשֶׁת וַיִּהְיוּ שִׁקּוּצִים כְּאָהֳבָם","rdfs:label":"הושע ט י","jbo:sefer":"jbr:tanach-15","titles":[{"title":"הושע ט י"},{"title":"הושע פרק ט פסוק י"}]},{"uri":"jbr:tanach-15-9-11","jbo:text":"אפרים כעוף יתעופף כבודם מלדה ומבטן ומהריון","jbo:textNikud":"אֶפְרַיִם כָּעוֹף יִתְעוֹפֵף כְּבוֹדָם מִלֵּדָה וּמִבֶּטֶן וּמֵהֵרָיוֹן","rdfs:label":"הושע ט יא","jbo:sefer":"jbr:tanach-15","titles":[{"title":"הושע ט יא"},{"title":"הושע פרק ט פסוק יא"}]},{"uri":"jbr:tanach-15-9-12","jbo:text":"כי אם יגדלו את בניהם ושכלתים מאדם כי גם אוי להם בשורי מהם","jbo:textNikud":"כִּי אִם יְגַדְּלוּ אֶת בְּנֵיהֶם וְשִׁכַּלְתִּים מֵאָדָם כִּי גַם אוֹי לָהֶם בְּשׂוּרִי מֵהֶם","rdfs:label":"הושע ט יב","jbo:sefer":"jbr:tanach-15","titles":[{"title":"הושע ט יב"},{"title":"הושע פרק ט פסוק יב"}]},{"uri":"jbr:tanach-15-9-13","jbo:text":"אפרים כאשר ראיתי לצור שתולה בנוה ואפרים להוציא אל הרג בניו","jbo:textNikud":"אֶפְרַיִם כַּאֲשֶׁר רָאִיתִי לְצוֹר שְׁתוּלָה בְנָוֶה וְאֶפְרַיִם לְהוֹצִיא אֶל הֹרֵג בָּנָיו","rdfs:label":"הושע ט יג","jbo:sefer":"jbr:tanach-15","titles":[{"title":"הושע ט יג"},{"title":"הושע פרק ט פסוק יג"}]},{"uri":"jbr:tanach-15-9-14","jbo:text":"תן להם יהוה מה תתן תן להם רחם משכיל ושדים צמקים","jbo:textNikud":"תֵּן לָהֶם יְהוָה מַה תִּתֵּן תֵּן לָהֶם רֶחֶם מַשְׁכִּיל וְשָׁדַיִם צֹמְקִים","rdfs:label":"הושע ט יד","jbo:sefer":"jbr:tanach-15","titles":[{"title":"הושע ט יד"},{"title":"הושע פרק ט פסוק יד"}]},{"uri":"jbr:tanach-15-9-15","jbo:text":"כל רעתם בגלגל כי שם שנאתים על רע מעלליהם מביתי אגרשם לא אוסף אהבתם כל שריהם סררים","jbo:textNikud":"כָּל רָעָתָם בַּגִּלְגָּל כִּי שָׁם שְׂנֵאתִים עַל רֹעַ מַעַלְלֵיהֶם מִבֵּיתִי אֲגָרְשֵׁם לֹא אוֹסֵף אַהֲבָתָם כָּל שָׂרֵיהֶם סֹרְרִים","rdfs:label":"הושע ט טו","jbo:sefer":"jbr:tanach-15","titles":[{"title":"הושע ט טו"},{"title":"הושע פרק ט פסוק טו"}]},{"uri":"jbr:tanach-15-9-16","jbo:text":"הכה אפרים שרשם יבש פרי (בלי) בל יעשון גם כי ילדון והמתי מחמדי בטנם","jbo:textNikud":"הֻכָּה אֶפְרַיִם שָׁרְשָׁם יָבֵשׁ פְּרִי (בלי) בַל יַעֲשׂוּן גַּם כִּי יֵלֵדוּן וְהֵמַתִּי מַחֲמַדֵּי בִטְנָם","rdfs:label":"הושע ט טז","jbo:sefer":"jbr:tanach-15","titles":[{"title":"הושע ט טז"},{"title":"הושע פרק ט פסוק טז"}]},{"uri":"jbr:tanach-15-9-17","jbo:text":"ימאסם אלהי כי לא שמעו לו ויהיו נדדים בגוים","jbo:textNikud":"יִמְאָסֵם אֱלֹהַי כִּי לֹא שָׁמְעוּ לוֹ וְיִהְיוּ נֹדְדִים בַּגּוֹיִם","rdfs:label":"הושע ט יז","jbo:sefer":"jbr:tanach-15","titles":[{"title":"הושע ט יז"},{"title":"הושע פרק ט פסוק יז"}]},{"uri":"jbr:tanach-15-10-1","jbo:text":"גפן בוקק ישראל פרי ישוה לו כרב לפריו הרבה למזבחות כטוב לארצו היטיבו מצבות","jbo:textNikud":"גֶּפֶן בּוֹקֵק יִשְׂרָאֵל פְּרִי יְשַׁוֶּה לּוֹ כְּרֹב לְפִרְיוֹ הִרְבָּה לַמִּזְבְּחוֹת כְּטוֹב לְאַרְצוֹ הֵיטִיבוּ מַצֵּבוֹת","rdfs:label":"הושע י א","jbo:sefer":"jbr:tanach-15","titles":[{"title":"הושע י א"},{"title":"הושע פרק י פסוק א"}]},{"uri":"jbr:tanach-15-10-2","jbo:text":"חלק לבם עתה יאשמו הוא יערף מזבחותם ישדד מצבותם","jbo:textNikud":"חָלַק לִבָּם עַתָּה יֶאְשָׁמוּ הוּא יַעֲרֹף מִזְבְּחוֹתָם יְשֹׁדֵד מַצֵּבוֹתָם","rdfs:label":"הושע י ב","jbo:sefer":"jbr:tanach-15","titles":[{"title":"הושע י ב"},{"title":"הושע פרק י פסוק ב"}]},{"uri":"jbr:tanach-15-10-3","jbo:text":"כי עתה יאמרו אין מלך לנו כי לא יראנו את יהוה והמלך מה יעשה לנו","jbo:textNikud":"כִּי עַתָּה יֹאמְרוּ אֵין מֶלֶךְ לָנוּ כִּי לֹא יָרֵאנוּ אֶת יְהוָה וְהַמֶּלֶךְ מַה יַּעֲשֶׂה לָּנוּ","rdfs:label":"הושע י ג","jbo:sefer":"jbr:tanach-15","titles":[{"title":"הושע י ג"},{"title":"הושע פרק י פסוק ג"}]},{"uri":"jbr:tanach-15-10-4","jbo:text":"דברו דברים אלות שוא כרת ברית ופרח כראש משפט על תלמי שדי","jbo:textNikud":"דִּבְּרוּ דְבָרִים אָלוֹת שָׁוְא כָּרֹת בְּרִית וּפָרַח כָּרֹאשׁ מִשְׁפָּט עַל תַּלְמֵי שָׂדָי","rdfs:label":"הושע י ד","jbo:sefer":"jbr:tanach-15","titles":[{"title":"הושע י ד"},{"title":"הושע פרק י פסוק ד"}]},{"uri":"jbr:tanach-15-10-5","jbo:text":"לעגלות בית און יגורו שכן שמרון כי אבל עליו עמו וכמריו עליו יגילו על כבודו כי גלה ממנו","jbo:textNikud":"לְעֶגְלוֹת בֵּית אָוֶן יָגוּרוּ שְׁכַן שֹׁמְרוֹן כִּי אָבַל עָלָיו עַמּוֹ וּכְמָרָיו עָלָיו יָגִילוּ עַל כְּבוֹדוֹ כִּי גָלָה מִמֶּנּוּ","rdfs:label":"הושע י ה","jbo:sefer":"jbr:tanach-15","titles":[{"title":"הושע י ה"},{"title":"הושע פרק י פסוק ה"}]},{"uri":"jbr:tanach-15-10-6","jbo:text":"גם אותו לאשור יובל מנחה למלך ירב בשנה אפרים יקח ויבוש ישראל מעצתו","jbo:textNikud":"גַּם אוֹתוֹ לְאַשּׁוּר יוּבָל מִנְחָה לְמֶלֶךְ יָרֵב בָּשְׁנָה אֶפְרַיִם יִקָּח וְיֵבוֹשׁ יִשְׂרָאֵל מֵעֲצָתוֹ","rdfs:label":"הושע י ו","jbo:sefer":"jbr:tanach-15","titles":[{"title":"הושע י ו"},{"title":"הושע פרק י פסוק ו"}]},{"uri":"jbr:tanach-15-10-7","jbo:text":"נדמה שמרון מלכה כקצף על פני מים","jbo:textNikud":"נִדְמֶה שֹׁמְרוֹן מַלְכָּהּ כְּקֶצֶף עַל פְּנֵי מָיִם","rdfs:label":"הושע י ז","jbo:sefer":"jbr:tanach-15","titles":[{"title":"הושע י ז"},{"title":"הושע פרק י פסוק ז"}]},{"uri":"jbr:tanach-15-10-8","jbo:text":"ונשמדו במות און חטאת ישראל קוץ ודרדר יעלה על מזבחותם ואמרו להרים כסונו ולגבעות נפלו עלינו","jbo:textNikud":"וְנִשְׁמְדוּ בָּמוֹת אָוֶן חַטַּאת יִשְׂרָאֵל קוֹץ וְדַרְדַּר יַעֲלֶה עַל מִזְבְּחוֹתָם וְאָמְרוּ לֶהָרִים כַּסּוּנוּ וְלַגְּבָעוֹת נִפְלוּ עָלֵינוּ","rdfs:label":"הושע י ח","jbo:sefer":"jbr:tanach-15","titles":[{"title":"הושע י ח"},{"title":"הושע פרק י פסוק ח"}]},{"uri":"jbr:tanach-15-10-9","jbo:text":"מימי הגבעה חטאת ישראל שם עמדו לא תשיגם בגבעה מלחמה על בני עלוה","jbo:textNikud":"מִימֵי הַגִּבְעָה חָטָאתָ יִשְׂרָאֵל שָׁם עָמָדוּ לֹא תַשִּׂיגֵם בַּגִּבְעָה מִלְחָמָה עַל בְּנֵי עַלְוָה","rdfs:label":"הושע י ט","jbo:sefer":"jbr:tanach-15","titles":[{"title":"הושע י ט"},{"title":"הושע פרק י פסוק ט"}]},{"uri":"jbr:tanach-15-10-10","jbo:text":"באותי ואסרם ואספו עליהם עמים באסרם לשתי (עינתם) עונתם","jbo:textNikud":"בְּאַוָּתִי וְאֶסֳּרֵם וְאֻסְּפוּ עֲלֵיהֶם עַמִּים בְּאָסְרָם לִשְׁתֵּי (עינתם) עוֹנֹתָם","rdfs:label":"הושע י י","jbo:sefer":"jbr:tanach-15","titles":[{"title":"הושע י י"},{"title":"הושע פרק י פסוק י"}]},{"uri":"jbr:tanach-15-10-11","jbo:text":"ואפרים עגלה מלמדה אהבתי לדוש ואני עברתי על טוב צוארה ארכיב אפרים יחרוש יהודה ישדד לו יעקב","jbo:textNikud":"וְאֶפְרַיִם עֶגְלָה מְלֻמָּדָה אֹהַבְתִּי לָדוּשׁ וַאֲנִי עָבַרְתִּי עַל טוּב צַוָּארָהּ אַרְכִּיב אֶפְרַיִם יַחֲרוֹשׁ יְהוּדָה יְשַׂדֶּד לוֹ יַעֲקֹב","rdfs:label":"הושע י יא","jbo:sefer":"jbr:tanach-15","titles":[{"title":"הושע י יא"},{"title":"הושע פרק י פסוק יא"}]},{"uri":"jbr:tanach-15-10-12","jbo:text":"זרעו לכם לצדקה קצרו לפי חסד נירו לכם ניר ועת לדרוש את יהוה עד יבוא וירה צדק לכם","jbo:textNikud":"זִרְעוּ לָכֶם לִצְדָקָה קִצְרוּ לְפִי חֶסֶד נִירוּ לָכֶם נִיר וְעֵת לִדְרוֹשׁ אֶת יְהוָה עַד יָבוֹא וְיֹרֶה צֶדֶק לָכֶם","rdfs:label":"הושע י יב","jbo:sefer":"jbr:tanach-15","titles":[{"title":"הושע י יב"},{"title":"הושע פרק י פסוק יב"}]},{"uri":"jbr:tanach-15-10-13","jbo:text":"חרשתם רשע עולתה קצרתם אכלתם פרי כחש כי בטחת בדרכך ברב גבוריך","jbo:textNikud":"חֲרַשְׁתֶּם רֶשַׁע עַוְלָתָה קְצַרְתֶּם אֲכַלְתֶּם פְּרִי כָחַשׁ כִּי בָטַחְתָּ בְדַרְכְּךָ בְּרֹב גִּבּוֹרֶיךָ","rdfs:label":"הושע י יג","jbo:sefer":"jbr:tanach-15","titles":[{"title":"הושע י יג"},{"title":"הושע פרק י פסוק יג"}]},{"uri":"jbr:tanach-15-10-14","jbo:text":"וקאם שאון בעמך וכל מבצריך יושד כשד שלמן בית ארבאל ביום מלחמה אם על בנים רטשה","jbo:textNikud":"וְקָאם שָׁאוֹן בְּעַמֶּךָ וְכָל מִבְצָרֶיךָ יוּשַּׁד כְּשֹׁד שַׁלְמַן בֵּית אַרְבֵאל בְּיוֹם מִלְחָמָה אֵם עַל בָּנִים רֻטָּשָׁה","rdfs:label":"הושע י יד","jbo:sefer":"jbr:tanach-15","titles":[{"title":"הושע י יד"},{"title":"הושע פרק י פסוק יד"}]},{"uri":"jbr:tanach-15-10-15","jbo:text":"ככה עשה לכם בית אל מפני רעת רעתכם בשחר נדמה נדמה מלך ישראל","jbo:textNikud":"כָּכָה עָשָׂה לָכֶם בֵּית אֵל מִפְּנֵי רָעַת רָעַתְכֶם בַּשַּׁחַר נִדְמֹה נִדְמָה מֶלֶךְ יִשְׂרָאֵל","rdfs:label":"הושע י טו","jbo:sefer":"jbr:tanach-15","titles":[{"title":"הושע י טו"},{"title":"הושע פרק י פסוק טו"}]},{"uri":"jbr:tanach-15-11-1","jbo:text":"כי נער ישראל ואהבהו וממצרים קראתי לבני","jbo:textNikud":"כִּי נַעַר יִשְׂרָאֵל וָאֹהֲבֵהוּ וּמִמִּצְרַיִם קָרָאתִי לִבְנִי","rdfs:label":"הושע יא א","jbo:sefer":"jbr:tanach-15","titles":[{"title":"הושע יא א"},{"title":"הושע פרק יא פסוק א"}]},{"uri":"jbr:tanach-15-11-2","jbo:text":"קראו להם כן הלכו מפניהם לבעלים יזבחו ולפסלים יקטרון","jbo:textNikud":"קָרְאוּ לָהֶם כֵּן הָלְכוּ מִפְּנֵיהֶם לַבְּעָלִים יְזַבֵּחוּ וְלַפְּסִלִים יְקַטֵּרוּן","rdfs:label":"הושע יא ב","jbo:sefer":"jbr:tanach-15","titles":[{"title":"הושע יא ב"},{"title":"הושע פרק יא פסוק ב"}]},{"uri":"jbr:tanach-15-11-3","jbo:text":"ואנכי תרגלתי לאפרים קחם על זרועתיו ולא ידעו כי רפאתים","jbo:textNikud":"וְאָנֹכִי תִרְגַּלְתִּי לְאֶפְרַיִם קָחָם עַל זְרוֹעֹתָיו וְלֹא יָדְעוּ כִּי רְפָאתִים","rdfs:label":"הושע יא ג","jbo:sefer":"jbr:tanach-15","titles":[{"title":"הושע יא ג"},{"title":"הושע פרק יא פסוק ג"}]},{"uri":"jbr:tanach-15-11-4","jbo:text":"בחבלי אדם אמשכם בעבתות אהבה ואהיה להם כמרימי על על לחיהם ואט אליו אוכיל","jbo:textNikud":"בְּחַבְלֵי אָדָם אֶמְשְׁכֵם בַּעֲבֹתוֹת אַהֲבָה וָאֶהְיֶה לָהֶם כִּמְרִימֵי עֹל עַל לְחֵיהֶם וְאַט אֵלָיו אוֹכִיל","rdfs:label":"הושע יא ד","jbo:sefer":"jbr:tanach-15","titles":[{"title":"הושע יא ד"},{"title":"הושע פרק יא פסוק ד"}]},{"uri":"jbr:tanach-15-11-5","jbo:text":"לא ישוב אל ארץ מצרים ואשור הוא מלכו כי מאנו לשוב","jbo:textNikud":"לֹא יָשׁוּב אֶל אֶרֶץ מִצְרַיִם וְאַשּׁוּר הוּא מַלְכּוֹ כִּי מֵאֲנוּ לָשׁוּב","rdfs:label":"הושע יא ה","jbo:sefer":"jbr:tanach-15","titles":[{"title":"הושע יא ה"},{"title":"הושע פרק יא פסוק ה"}]},{"uri":"jbr:tanach-15-11-6","jbo:text":"וחלה חרב בעריו וכלתה בדיו ואכלה ממעצותיהם","jbo:textNikud":"וְחָלָה חֶרֶב בְּעָרָיו וְכִלְּתָה בַדָּיו וְאָכָלָה מִמֹּעֲצוֹתֵיהֶם","rdfs:label":"הושע יא ו","jbo:sefer":"jbr:tanach-15","titles":[{"title":"הושע יא ו"},{"title":"הושע פרק יא פסוק ו"}]},{"uri":"jbr:tanach-15-11-7","jbo:text":"ועמי תלואים למשובתי ואל על יקראהו יחד לא ירומם","jbo:textNikud":"וְעַמִּי תְלוּאִים לִמְשׁוּבָתִי וְאֶל עַל יִקְרָאֻהוּ יַחַד לֹא יְרוֹמֵם","rdfs:label":"הושע יא ז","jbo:sefer":"jbr:tanach-15","titles":[{"title":"הושע יא ז"},{"title":"הושע פרק יא פסוק ז"}]},{"uri":"jbr:tanach-15-11-8","jbo:text":"איך אתנך אפרים אמגנך ישראל איך אתנך כאדמה אשימך כצבאים נהפך עלי לבי יחד נכמרו נחומי","jbo:textNikud":"אֵיךְ אֶתֶּנְךָ אֶפְרַיִם אֲמַגֶּנְךָ יִשְׂרָאֵל אֵיךְ אֶתֶּנְךָ כְאַדְמָה אֲשִׂימְךָ כִּצְבֹאיִם נֶהְפַּךְ עָלַי לִבִּי יַחַד נִכְמְרוּ נִחוּמָי","rdfs:label":"הושע יא ח","jbo:sefer":"jbr:tanach-15","titles":[{"title":"הושע יא ח"},{"title":"הושע פרק יא פסוק ח"}]},{"uri":"jbr:tanach-15-11-9","jbo:text":"לא אעשה חרון אפי לא אשוב לשחת אפרים כי אל אנכי ולא איש בקרבך קדוש ולא אבוא בעיר","jbo:textNikud":"לֹא אֶעֱשֶׂה חֲרוֹן אַפִּי לֹא אָשׁוּב לְשַׁחֵת אֶפְרָיִם כִּי אֵל אָנֹכִי וְלֹא אִישׁ בְּקִרְבְּךָ קָדוֹשׁ וְלֹא אָבוֹא בְּעִיר","rdfs:label":"הושע יא ט","jbo:sefer":"jbr:tanach-15","titles":[{"title":"הושע יא ט"},{"title":"הושע פרק יא פסוק ט"}]},{"uri":"jbr:tanach-15-11-10","jbo:text":"אחרי יהוה ילכו כאריה ישאג כי הוא ישאג ויחרדו בנים מים","jbo:textNikud":"אַחֲרֵי יְהוָה יֵלְכוּ כְּאַרְיֵה יִשְׁאָג כִּי הוּא יִשְׁאַג וְיֶחֶרְדוּ בָנִים מִיָּם","rdfs:label":"הושע יא י","jbo:sefer":"jbr:tanach-15","titles":[{"title":"הושע יא י"},{"title":"הושע פרק יא פסוק י"}]},{"uri":"jbr:tanach-15-11-11","jbo:text":"יחרדו כצפור ממצרים וכיונה מארץ אשור והושבתים על בתיהם נאם יהוה","jbo:textNikud":"יֶחֶרְדוּ כְצִפּוֹר מִמִּצְרַיִם וּכְיוֹנָה מֵאֶרֶץ אַשּׁוּר וְהוֹשַׁבְתִּים עַל בָּתֵּיהֶם נְאֻם יְהוָה","rdfs:label":"הושע יא יא","jbo:sefer":"jbr:tanach-15","titles":[{"title":"הושע יא יא"},{"title":"הושע פרק יא פסוק יא"}]},{"uri":"jbr:tanach-15-12-1","jbo:text":"סבבני בכחש אפרים ובמרמה בית ישראל ויהודה עד רד עם אל ועם קדושים נאמן","jbo:textNikud":"סְבָבֻנִי בְכַחַשׁ אֶפְרַיִם וּבְמִרְמָה בֵּית יִשְׂרָאֵל וִיהוּדָה עֹד רָד עִם אֵל וְעִם קְדוֹשִׁים נֶאֱמָן","rdfs:label":"הושע יב א","jbo:sefer":"jbr:tanach-15","titles":[{"title":"הושע יב א"},{"title":"הושע פרק יב פסוק א"}]},{"uri":"jbr:tanach-15-12-2","jbo:text":"אפרים רעה רוח ורדף קדים כל היום כזב ושד ירבה וברית עם אשור יכרתו ושמן למצרים יובל","jbo:textNikud":"אֶפְרַיִם רֹעֶה רוּחַ וְרֹדֵף קָדִים כָּל הַיּוֹם כָּזָב וָשֹׁד יַרְבֶּה וּבְרִית עִם אַשּׁוּר יִכְרֹתוּ וְשֶׁמֶן לְמִצְרַיִם יוּבָל","rdfs:label":"הושע יב ב","jbo:sefer":"jbr:tanach-15","titles":[{"title":"הושע יב ב"},{"title":"הושע פרק יב פסוק ב"}]},{"uri":"jbr:tanach-15-12-3","jbo:text":"וריב ליהוה עם יהודה ולפקד על יעקב כדרכיו כמעלליו ישיב לו","jbo:textNikud":"וְרִיב לַיהוָה עִם יְהוּדָה וְלִפְקֹד עַל יַעֲקֹב כִּדְרָכָיו כְּמַעֲלָלָיו יָשִׁיב לוֹ","rdfs:label":"הושע יב ג","jbo:sefer":"jbr:tanach-15","titles":[{"title":"הושע יב ג"},{"title":"הושע פרק יב פסוק ג"}]},{"uri":"jbr:tanach-15-12-4","jbo:text":"בבטן עקב את אחיו ובאונו שרה את אלהים","jbo:textNikud":"בַּבֶּטֶן עָקַב אֶת אָחִיו וּבְאוֹנוֹ שָׂרָה אֶת אֱלֹהִים","rdfs:label":"הושע יב ד","jbo:sefer":"jbr:tanach-15","titles":[{"title":"הושע יב ד"},{"title":"הושע פרק יב פסוק ד"}]},{"uri":"jbr:tanach-15-12-5","jbo:text":"וישר אל מלאך ויכל בכה ויתחנן לו בית אל ימצאנו ושם ידבר עמנו","jbo:textNikud":"וָיָּשַׂר אֶל מַלְאָךְ וַיֻּכָל בָּכָה וַיִּתְחַנֶּן לוֹ בֵּית אֵל יִמְצָאֶנּוּ וְשָׁם יְדַבֵּר עִמָּנוּ","rdfs:label":"הושע יב ה","jbo:sefer":"jbr:tanach-15","titles":[{"title":"הושע יב ה"},{"title":"הושע פרק יב פסוק ה"}]},{"uri":"jbr:tanach-15-12-6","jbo:text":"ויהוה אלהי הצבאות יהוה זכרו","jbo:textNikud":"וַיהוָה אֱלֹהֵי הַצְּבָאוֹת יְהוָה זִכְרוֹ","rdfs:label":"הושע יב ו","jbo:sefer":"jbr:tanach-15","titles":[{"title":"הושע יב ו"},{"title":"הושע פרק יב פסוק ו"}]},{"uri":"jbr:tanach-15-12-7","jbo:text":"ואתה באלהיך תשוב חסד ומשפט שמר וקוה אל אלהיך תמיד","jbo:textNikud":"וְאַתָּה בֵּאלֹהֶיךָ תָשׁוּב חֶסֶד וּמִשְׁפָּט שְׁמֹר וְקַוֵּה אֶל אֱלֹהֶיךָ תָּמִיד","rdfs:label":"הושע יב ז","jbo:sefer":"jbr:tanach-15","titles":[{"title":"הושע יב ז"},{"title":"הושע פרק יב פסוק ז"}]},{"uri":"jbr:tanach-15-12-8","jbo:text":"כנען בידו מאזני מרמה לעשק אהב","jbo:textNikud":"כְּנַעַן בְּיָדוֹ מֹאזְנֵי מִרְמָה לַעֲשֹׁק אָהֵב","rdfs:label":"הושע יב ח","jbo:sefer":"jbr:tanach-15","titles":[{"title":"הושע יב ח"},{"title":"הושע פרק יב פסוק ח"}]},{"uri":"jbr:tanach-15-12-9","jbo:text":"ויאמר אפרים אך עשרתי מצאתי און לי כל יגיעי לא ימצאו לי עון אשר חטא","jbo:textNikud":"וַיֹּאמֶר אֶפְרַיִם אַךְ עָשַׁרְתִּי מָצָאתִי אוֹן לִי כָּל יְגִיעַי לֹא יִמְצְאוּ לִי עָוֹן אֲשֶׁר חֵטְא","rdfs:label":"הושע יב ט","jbo:sefer":"jbr:tanach-15","titles":[{"title":"הושע יב ט"},{"title":"הושע פרק יב פסוק ט"}]},{"uri":"jbr:tanach-15-12-10","jbo:text":"ואנכי יהוה אלהיך מארץ מצרים עד אושיבך באהלים כימי מועד","jbo:textNikud":"וְאָנֹכִי יְהוָה אֱלֹהֶיךָ מֵאֶרֶץ מִצְרָיִם עֹד אוֹשִׁיבְךָ בָאֳהָלִים כִּימֵי מוֹעֵד","rdfs:label":"הושע יב י","jbo:sefer":"jbr:tanach-15","titles":[{"title":"הושע יב י"},{"title":"הושע פרק יב פסוק י"}]},{"uri":"jbr:tanach-15-12-11","jbo:text":"ודברתי על הנביאים ואנכי חזון הרביתי וביד הנביאים אדמה","jbo:textNikud":"וְדִבַּרְתִּי עַל הַנְּבִיאִים וְאָנֹכִי חָזוֹן הִרְבֵּיתִי וּבְיַד הַנְּבִיאִים אֲדַמֶּה","rdfs:label":"הושע יב יא","jbo:sefer":"jbr:tanach-15","titles":[{"title":"הושע יב יא"},{"title":"הושע פרק יב פסוק יא"}]},{"uri":"jbr:tanach-15-12-12","jbo:text":"אם גלעד און אך שוא היו בגלגל שורים זבחו גם מזבחותם כגלים על תלמי שדי","jbo:textNikud":"אִם גִּלְעָד אָוֶן אַךְ שָׁוְא הָיוּ בַּגִּלְגָּל שְׁוָרִים זִבֵּחוּ גַּם מִזְבְּחוֹתָם כְּגַלִּים עַל תַּלְמֵי שָׂדָי","rdfs:label":"הושע יב יב","jbo:sefer":"jbr:tanach-15","titles":[{"title":"הושע יב יב"},{"title":"הושע פרק יב פסוק יב"}]},{"uri":"jbr:tanach-15-12-13","jbo:text":"ויברח יעקב שדה ארם ויעבד ישראל באשה ובאשה שמר","jbo:textNikud":"וַיִּבְרַח יַעֲקֹב שְׂדֵה אֲרָם וַיַּעֲבֹד יִשְׂרָאֵל בְּאִשָּׁה וּבְאִשָּׁה שָׁמָר","rdfs:label":"הושע יב יג","jbo:sefer":"jbr:tanach-15","titles":[{"title":"הושע יב יג"},{"title":"הושע פרק יב פסוק יג"}]},{"uri":"jbr:tanach-15-12-14","jbo:text":"ובנביא העלה יהוה את ישראל ממצרים ובנביא נשמר","jbo:textNikud":"וּבְנָבִיא הֶעֱלָה יְהוָה אֶת יִשְׂרָאֵל מִמִּצְרָיִם וּבְנָבִיא נִשְׁמָר","rdfs:label":"הושע יב יד","jbo:sefer":"jbr:tanach-15","titles":[{"title":"הושע יב יד"},{"title":"הושע פרק יב פסוק יד"}]},{"uri":"jbr:tanach-15-12-15","jbo:text":"הכעיס אפרים תמרורים ודמיו עליו יטוש וחרפתו ישיב לו אדניו","jbo:textNikud":"הִכְעִיס אֶפְרַיִם תַּמְרוּרִים וְדָמָיו עָלָיו יִטּוֹשׁ וְחֶרְפָּתוֹ יָשִׁיב לוֹ אֲדֹנָיו","rdfs:label":"הושע יב טו","jbo:sefer":"jbr:tanach-15","titles":[{"title":"הושע יב טו"},{"title":"הושע פרק יב פסוק טו"}]},{"uri":"jbr:tanach-15-13-1","jbo:text":"כדבר אפרים רתת נשא הוא בישראל ויאשם בבעל וימת","jbo:textNikud":"כְּדַבֵּר אֶפְרַיִם רְתֵת נָשָׂא הוּא בְּיִשְׂרָאֵל וַיֶּאְשַׁם בַּבַּעַל וַיָּמֹת","rdfs:label":"הושע יג א","jbo:sefer":"jbr:tanach-15","titles":[{"title":"הושע יג א"},{"title":"הושע פרק יג פסוק א"}]},{"uri":"jbr:tanach-15-13-2","jbo:text":"ועתה יוספו לחטא ויעשו להם מסכה מכספם כתבונם עצבים מעשה חרשים כלה להם הם אמרים זבחי אדם עגלים ישקון","jbo:textNikud":"וְעַתָּה יוֹסִפוּ לַחֲטֹא וַיַּעְשׂוּ לָהֶם מַסֵּכָה מִכַּסְפָּם כִּתְבוּנָם עֲצַבִּים מַעֲשֵׂה חָרָשִׁים כֻּלֹּה לָהֶם הֵם אֹמְרִים זֹבְחֵי אָדָם עֲגָלִים יִשָּׁקוּן","rdfs:label":"הושע יג ב","jbo:sefer":"jbr:tanach-15","titles":[{"title":"הושע יג ב"},{"title":"הושע פרק יג פסוק ב"}]},{"uri":"jbr:tanach-15-13-3","jbo:text":"לכן יהיו כענן בקר וכטל משכים הלך כמץ יסער מגרן וכעשן מארבה","jbo:textNikud":"לָכֵן יִהְיוּ כַּעֲנַן בֹּקֶר וְכַטַּל מַשְׁכִּים הֹלֵךְ כְּמֹץ יְסֹעֵר מִגֹּרֶן וּכְעָשָׁן מֵאֲרֻבָּה","rdfs:label":"הושע יג ג","jbo:sefer":"jbr:tanach-15","titles":[{"title":"הושע יג ג"},{"title":"הושע פרק יג פסוק ג"}]},{"uri":"jbr:tanach-15-13-4","jbo:text":"ואנכי יהוה אלהיך מארץ מצרים ואלהים זולתי לא תדע ומושיע אין בלתי","jbo:textNikud":"וְאָנֹכִי יְהוָה אֱלֹהֶיךָ מֵאֶרֶץ מִצְרָיִם וֵאלֹהִים זוּלָתִי לֹא תֵדָע וּמוֹשִׁיעַ אַיִן בִּלְתִּי","rdfs:label":"הושע יג ד","jbo:sefer":"jbr:tanach-15","titles":[{"title":"הושע יג ד"},{"title":"הושע פרק יג פסוק ד"}]},{"uri":"jbr:tanach-15-13-5","jbo:text":"אני ידעתיך במדבר בארץ תלאבות","jbo:textNikud":"אֲנִי יְדַעְתִּיךָ בַּמִּדְבָּר בְּאֶרֶץ תַּלְאֻבוֹת","rdfs:label":"הושע יג ה","jbo:sefer":"jbr:tanach-15","titles":[{"title":"הושע יג ה"},{"title":"הושע פרק יג פסוק ה"}]},{"uri":"jbr:tanach-15-13-6","jbo:text":"כמרעיתם וישבעו שבעו וירם לבם על כן שכחוני","jbo:textNikud":"כְּמַרְעִיתָם וַיִּשְׂבָּעוּ שָׂבְעוּ וַיָּרָם לִבָּם עַל כֵּן שְׁכֵחוּנִי","rdfs:label":"הושע יג ו","jbo:sefer":"jbr:tanach-15","titles":[{"title":"הושע יג ו"},{"title":"הושע פרק יג פסוק ו"}]},{"uri":"jbr:tanach-15-13-7","jbo:text":"ואהי להם כמו שחל כנמר על דרך אשור","jbo:textNikud":"וָאֱהִי לָהֶם כְּמוֹ שָׁחַל כְּנָמֵר עַל דֶּרֶךְ אָשׁוּר","rdfs:label":"הושע יג ז","jbo:sefer":"jbr:tanach-15","titles":[{"title":"הושע יג ז"},{"title":"הושע פרק יג פסוק ז"}]},{"uri":"jbr:tanach-15-13-8","jbo:text":"אפגשם כדב שכול ואקרע סגור לבם ואכלם שם כלביא חית השדה תבקעם","jbo:textNikud":"אֶפְגְּשֵׁם כְּדֹב שַׁכּוּל וְאֶקְרַע סְגוֹר לִבָּם וְאֹכְלֵם שָׁם כְּלָבִיא חַיַּת הַשָּׂדֶה תְּבַקְּעֵם","rdfs:label":"הושע יג ח","jbo:sefer":"jbr:tanach-15","titles":[{"title":"הושע יג ח"},{"title":"הושע פרק יג פסוק ח"}]},{"uri":"jbr:tanach-15-13-9","jbo:text":"שחתך ישראל כי בי בעזרך","jbo:textNikud":"שִׁחֶתְךָ יִשְׂרָאֵל כִּי בִי בְעֶזְרֶךָ","rdfs:label":"הושע יג ט","jbo:sefer":"jbr:tanach-15","titles":[{"title":"הושע יג ט"},{"title":"הושע פרק יג פסוק ט"}]},{"uri":"jbr:tanach-15-13-10","jbo:text":"אהי מלכך אפוא ויושיעך בכל עריך ושפטיך אשר אמרת תנה לי מלך ושרים","jbo:textNikud":"אֱהִי מַלְכְּךָ אֵפוֹא וְיוֹשִׁיעֲךָ בְּכָל עָרֶיךָ וְשֹׁפְטֶיךָ אֲשֶׁר אָמַרְתָּ תְּנָה לִּי מֶלֶךְ וְשָׂרִים","rdfs:label":"הושע יג י","jbo:sefer":"jbr:tanach-15","titles":[{"title":"הושע יג י"},{"title":"הושע פרק יג פסוק י"}]},{"uri":"jbr:tanach-15-13-11","jbo:text":"אתן לך מלך באפי ואקח בעברתי","jbo:textNikud":"אֶתֶּן לְךָ מֶלֶךְ בְּאַפִּי וְאֶקַּח בְּעֶבְרָתִי","rdfs:label":"הושע יג יא","jbo:sefer":"jbr:tanach-15","titles":[{"title":"הושע יג יא"},{"title":"הושע פרק יג פסוק יא"}]},{"uri":"jbr:tanach-15-13-12","jbo:text":"צרור עון אפרים צפונה חטאתו","jbo:textNikud":"צָרוּר עֲוֹן אֶפְרָיִם צְפוּנָה חַטָּאתוֹ","rdfs:label":"הושע יג יב","jbo:sefer":"jbr:tanach-15","titles":[{"title":"הושע יג יב"},{"title":"הושע פרק יג פסוק יב"}]},{"uri":"jbr:tanach-15-13-13","jbo:text":"חבלי יולדה יבאו לו הוא בן לא חכם כי עת לא יעמד במשבר בנים","jbo:textNikud":"חֶבְלֵי יוֹלֵדָה יָבֹאוּ לוֹ הוּא בֵן לֹא חָכָם כִּי עֵת לֹא יַעֲמֹד בְּמִשְׁבַּר בָּנִים","rdfs:label":"הושע יג יג","jbo:sefer":"jbr:tanach-15","titles":[{"title":"הושע יג יג"},{"title":"הושע פרק יג פסוק יג"}]},{"uri":"jbr:tanach-15-13-14","jbo:text":"מיד שאול אפדם ממות אגאלם אהי דבריך מות אהי קטבך שאול נחם יסתר מעיני","jbo:textNikud":"מִיַּד שְׁאוֹל אֶפְדֵּם מִמָּוֶת אֶגְאָלֵם אֱהִי דְבָרֶיךָ מָוֶת אֱהִי קָטָבְךָ שְׁאוֹל נֹחַם יִסָּתֵר מֵעֵינָי","rdfs:label":"הושע יג יד","jbo:sefer":"jbr:tanach-15","titles":[{"title":"הושע יג יד"},{"title":"הושע פרק יג פסוק יד"}]},{"uri":"jbr:tanach-15-13-15","jbo:text":"כי הוא בן אחים יפריא יבוא קדים רוח יהוה ממדבר עלה ויבוש מקורו ויחרב מעינו הוא ישסה אוצר כל כלי חמדה","jbo:textNikud":"כִּי הוּא בֵּן אַחִים יַפְרִיא יָבוֹא קָדִים רוּחַ יְהוָה מִמִּדְבָּר עֹלֶה וְיֵבוֹשׁ מְקוֹרוֹ וְיֶחֱרַב מַעְיָנוֹ הוּא יִשְׁסֶה אוֹצַר כָּל כְּלִי חֶמְדָּה","rdfs:label":"הושע יג טו","jbo:sefer":"jbr:tanach-15","titles":[{"title":"הושע יג טו"},{"title":"הושע פרק יג פסוק טו"}]},{"uri":"jbr:tanach-15-14-1","jbo:text":"תאשם שמרון כי מרתה באלהיה בחרב יפלו עלליהם ירטשו והריותיו יבקעו","jbo:textNikud":"תֶּאְשַׁם שֹׁמְרוֹן כִּי מָרְתָה בֵּאלֹהֶיהָ בַּחֶרֶב יִפֹּלוּ עֹלְלֵיהֶם יְרֻטָּשׁוּ וְהָרִיּוֹתָיו יְבֻקָּעוּ","rdfs:label":"הושע יד א","jbo:sefer":"jbr:tanach-15","titles":[{"title":"הושע יד א"},{"title":"הושע פרק יד פסוק א"}]},{"uri":"jbr:tanach-15-14-2","jbo:text":"שובה ישראל עד יהוה אלהיך כי כשלת בעונך","jbo:textNikud":"שׁוּבָה יִשְׂרָאֵל עַד יְהוָה אֱלֹהֶיךָ כִּי כָשַׁלְתָּ בַּעֲוֹנֶךָ","rdfs:label":"הושע יד ב","jbo:sefer":"jbr:tanach-15","titles":[{"title":"הושע יד ב"},{"title":"הושע פרק יד פסוק ב"}]},{"uri":"jbr:tanach-15-14-3","jbo:text":"קחו עמכם דברים ושובו אל יהוה אמרו אליו כל תשא עון וקח טוב ונשלמה פרים שפתינו","jbo:textNikud":"קְחוּ עִמָּכֶם דְּבָרִים וְשׁוּבוּ אֶל יְהוָה אִמְרוּ אֵלָיו כָּל תִּשָּׂא עָוֹן וְקַח טוֹב וּנְשַׁלְּמָה פָרִים שְׂפָתֵינוּ","rdfs:label":"הושע יד ג","jbo:sefer":"jbr:tanach-15","titles":[{"title":"הושע יד ג"},{"title":"הושע פרק יד פסוק ג"}]},{"uri":"jbr:tanach-15-14-4","jbo:text":"אשור לא יושיענו על סוס לא נרכב ולא נאמר עוד אלהינו למעשה ידינו אשר בך ירחם יתום","jbo:textNikud":"אַשּׁוּר לֹא יוֹשִׁיעֵנוּ עַל סוּס לֹא נִרְכָּב וְלֹא נֹאמַר עוֹד אֱלֹהֵינוּ לְמַעֲשֵׂה יָדֵינוּ אֲשֶׁר בְּךָ יְרֻחַם יָתוֹם","rdfs:label":"הושע יד ד","jbo:sefer":"jbr:tanach-15","titles":[{"title":"הושע יד ד"},{"title":"הושע פרק יד פסוק ד"}]},{"uri":"jbr:tanach-15-14-5","jbo:text":"ארפא משובתם אהבם נדבה כי שב אפי ממנו","jbo:textNikud":"אֶרְפָּא מְשׁוּבָתָם אֹהֲבֵם נְדָבָה כִּי שָׁב אַפִּי מִמֶּנּוּ","rdfs:label":"הושע יד ה","jbo:sefer":"jbr:tanach-15","titles":[{"title":"הושע יד ה"},{"title":"הושע פרק יד פסוק ה"}]},{"uri":"jbr:tanach-15-14-6","jbo:text":"אהיה כטל לישראל יפרח כשושנה ויך שרשיו כלבנון","jbo:textNikud":"אֶהְיֶה כַטַּל לְיִשְׂרָאֵל יִפְרַח כַּשּׁוֹשַׁנָּה וְיַךְ שָׁרָשָׁיו כַּלְּבָנוֹן","rdfs:label":"הושע יד ו","jbo:sefer":"jbr:tanach-15","titles":[{"title":"הושע יד ו"},{"title":"הושע פרק יד פסוק ו"}]},{"uri":"jbr:tanach-15-14-7","jbo:text":"ילכו ינקותיו ויהי כזית הודו וריח לו כלבנון","jbo:textNikud":"יֵלְכוּ יֹנְקוֹתָיו וִיהִי כַזַּיִת הוֹדוֹ וְרֵיחַ לוֹ כַּלְּבָנוֹן","rdfs:label":"הושע יד ז","jbo:sefer":"jbr:tanach-15","titles":[{"title":"הושע יד ז"},{"title":"הושע פרק יד פסוק ז"}]},{"uri":"jbr:tanach-15-14-8","jbo:text":"ישבו ישבי בצלו יחיו דגן ויפרחו כגפן זכרו כיין לבנון","jbo:textNikud":"יָשֻׁבוּ יֹשְׁבֵי בְצִלּוֹ יְחַיּוּ דָגָן וְיִפְרְחוּ כַגָּפֶן זִכְרוֹ כְּיֵין לְבָנוֹן","rdfs:label":"הושע יד ח","jbo:sefer":"jbr:tanach-15","titles":[{"title":"הושע יד ח"},{"title":"הושע פרק יד פסוק ח"}]},{"uri":"jbr:tanach-15-14-9","jbo:text":"אפרים מה לי עוד לעצבים אני עניתי ואשורנו אני כברוש רענן ממני פריך נמצא","jbo:textNikud":"אֶפְרַיִם מַה לִּי עוֹד לָעֲצַבִּים אֲנִי עָנִיתִי וַאֲשׁוּרֶנּוּ אֲנִי כִּבְרוֹשׁ רַעֲנָן מִמֶּנִּי פֶּרְיְךָ נִמְצָא","rdfs:label":"הושע יד ט","jbo:sefer":"jbr:tanach-15","titles":[{"title":"הושע יד ט"},{"title":"הושע פרק יד פסוק ט"}]},{"uri":"jbr:tanach-15-14-10","jbo:text":"מי חכם ויבן אלה נבון וידעם כי ישרים דרכי יהוה וצדקים ילכו בם ופשעים יכשלו בם","jbo:textNikud":"מִי חָכָם וְיָבֵן אֵלֶּה נָבוֹן וְיֵדָעֵם כִּי יְשָׁרִים דַּרְכֵי יְהוָה וְצַדִּקִים יֵלְכוּ בָם וּפֹשְׁעִים יִכָּשְׁלוּ בָם","rdfs:label":"הושע יד י","jbo:sefer":"jbr:tanach-15","titles":[{"title":"הושע יד י"},{"title":"הושע פרק יד פסוק י"}]}]}