{"subjects":[{"uri":"jbr:tanach-20-1-1","jbo:text":"דבר יהוה אשר היה אל מיכה המרשתי בימי יותם אחז יחזקיה מלכי יהודה אשר חזה על שמרון וירושלם","jbo:textNikud":"דְּבַר יְהוָה אֲשֶׁר הָיָה אֶל מִיכָה הַמֹּרַשְׁתִּי בִּימֵי יוֹתָם אָחָז יְחִזְקִיָּה מַלְכֵי יְהוּדָה אֲשֶׁר חָזָה עַל שֹׁמְרוֹן וִירוּשָׁלִָם","rdfs:label":"מיכה א א","jbo:sefer":"jbr:tanach-20","titles":[{"title":"מיכה א א"},{"title":"מיכה פרק א פסוק א"}]},{"uri":"jbr:tanach-20-1-2","jbo:text":"שמעו עמים כלם הקשיבי ארץ ומלאה ויהי אדני יהוה בכם לעד אדני מהיכל קדשו","jbo:textNikud":"שִׁמְעוּ עַמִּים כֻּלָּם הַקְשִׁיבִי אֶרֶץ וּמְלֹאָהּ וִיהִי אֲדֹנָי יְהוִה בָּכֶם לְעֵד אֲדֹנָי מֵהֵיכַל קָדְשׁוֹ","rdfs:label":"מיכה א ב","jbo:sefer":"jbr:tanach-20","titles":[{"title":"מיכה א ב"},{"title":"מיכה פרק א פסוק ב"}]},{"uri":"jbr:tanach-20-1-3","jbo:text":"כי הנה יהוה יצא ממקומו וירד ודרך על (במותי) במתי ארץ","jbo:textNikud":"כִּי הִנֵּה יְהוָה יֹצֵא מִמְּקוֹמוֹ וְיָרַד וְדָרַךְ עַל (במותי) בָּמֳתֵי אָרֶץ","rdfs:label":"מיכה א ג","jbo:sefer":"jbr:tanach-20","titles":[{"title":"מיכה א ג"},{"title":"מיכה פרק א פסוק ג"}]},{"uri":"jbr:tanach-20-1-4","jbo:text":"ונמסו ההרים תחתיו והעמקים יתבקעו כדונג מפני האש כמים מגרים במורד","jbo:textNikud":"וְנָמַסּוּ הֶהָרִים תַּחְתָּיו וְהָעֲמָקִים יִתְבַּקָּעוּ כַּדּוֹנַג מִפְּנֵי הָאֵשׁ כְּמַיִם מֻגָּרִים בְּמוֹרָד","rdfs:label":"מיכה א ד","jbo:sefer":"jbr:tanach-20","titles":[{"title":"מיכה א ד"},{"title":"מיכה פרק א פסוק ד"}]},{"uri":"jbr:tanach-20-1-5","jbo:text":"בפשע יעקב כל זאת ובחטאות בית ישראל מי פשע יעקב הלוא שמרון ומי במות יהודה הלוא ירושלם","jbo:textNikud":"בְּפֶשַׁע יַעֲקֹב כָּל זֹאת וּבְחַטֹּאות בֵּית יִשְׂרָאֵל מִי פֶשַׁע יַעֲקֹב הֲלוֹא שֹׁמְרוֹן וּמִי בָּמוֹת יְהוּדָה הֲלוֹא יְרוּשָׁלִָם","rdfs:label":"מיכה א ה","jbo:sefer":"jbr:tanach-20","titles":[{"title":"מיכה א ה"},{"title":"מיכה פרק א פסוק ה"}]},{"uri":"jbr:tanach-20-1-6","jbo:text":"ושמתי שמרון לעי השדה למטעי כרם והגרתי לגי אבניה ויסדיה אגלה","jbo:textNikud":"וְשַׂמְתִּי שֹׁמְרוֹן לְעִי הַשָּׂדֶה לְמַטָּעֵי כָרֶם וְהִגַּרְתִּי לַגַּי אֲבָנֶיהָ וִיסֹדֶיהָ אֲגַלֶּה","rdfs:label":"מיכה א ו","jbo:sefer":"jbr:tanach-20","titles":[{"title":"מיכה א ו"},{"title":"מיכה פרק א פסוק ו"}]},{"uri":"jbr:tanach-20-1-7","jbo:text":"וכל פסיליה יכתו וכל אתנניה ישרפו באש וכל עצביה אשים שממה כי מאתנן זונה קבצה ועד אתנן זונה ישובו","jbo:textNikud":"וְכָל פְּסִילֶיהָ יֻכַּתּוּ וְכָל אֶתְנַנֶּיהָ יִשָּׂרְפוּ בָאֵשׁ וְכָל עֲצַבֶּיהָ אָשִׂים שְׁמָמָה כִּי מֵאֶתְנַן זוֹנָה קִבָּצָה וְעַד אֶתְנַן זוֹנָה יָשׁוּבוּ","rdfs:label":"מיכה א ז","jbo:sefer":"jbr:tanach-20","titles":[{"title":"מיכה א ז"},{"title":"מיכה פרק א פסוק ז"}]},{"uri":"jbr:tanach-20-1-8","jbo:text":"על זאת אספדה ואילילה אילכה (שילל) שולל וערום אעשה מספד כתנים ואבל כבנות יענה","jbo:textNikud":"עַל זֹאת אֶסְפְּדָה וְאֵילִילָה אֵילְכָה (שילל) שׁוֹלָל וְעָרוֹם אֶעֱשֶׂה מִסְפֵּד כַּתַּנִּים וְאֵבֶל כִּבְנוֹת יַעֲנָה","rdfs:label":"מיכה א ח","jbo:sefer":"jbr:tanach-20","titles":[{"title":"מיכה א ח"},{"title":"מיכה פרק א פסוק ח"}]},{"uri":"jbr:tanach-20-1-9","jbo:text":"כי אנושה מכותיה כי באה עד יהודה נגע עד שער עמי עד ירושלם","jbo:textNikud":"כִּי אֲנוּשָׁה מַכּוֹתֶיהָ כִּי בָאָה עַד יְהוּדָה נָגַע עַד שַׁעַר עַמִּי עַד יְרוּשָׁלִָם","rdfs:label":"מיכה א ט","jbo:sefer":"jbr:tanach-20","titles":[{"title":"מיכה א ט"},{"title":"מיכה פרק א פסוק ט"}]},{"uri":"jbr:tanach-20-1-10","jbo:text":"בגת אל תגידו בכו אל תבכו בבית לעפרה עפר (התפלשתי) התפלשי","jbo:textNikud":"בְּגַת אַל תַּגִּידוּ בָּכוֹ אַל תִּבְכּוּ בְּבֵית לְעַפְרָה עָפָר (התפלשתי) הִתְפַּלָּשִׁי","rdfs:label":"מיכה א י","jbo:sefer":"jbr:tanach-20","titles":[{"title":"מיכה א י"},{"title":"מיכה פרק א פסוק י"}]},{"uri":"jbr:tanach-20-1-11","jbo:text":"עברי לכם יושבת שפיר עריה בשת לא יצאה יושבת צאנן מספד בית האצל יקח מכם עמדתו","jbo:textNikud":"עִבְרִי לָכֶם יוֹשֶׁבֶת שָׁפִיר עֶרְיָה בֹשֶׁת לֹא יָצְאָה יוֹשֶׁבֶת צַאֲנָן מִסְפַּד בֵּית הָאֵצֶל יִקַּח מִכֶּם עֶמְדָּתוֹ","rdfs:label":"מיכה א יא","jbo:sefer":"jbr:tanach-20","titles":[{"title":"מיכה א יא"},{"title":"מיכה פרק א פסוק יא"}]},{"uri":"jbr:tanach-20-1-12","jbo:text":"כי חלה לטוב יושבת מרות כי ירד רע מאת יהוה לשער ירושלם","jbo:textNikud":"כִּי חָלָה לְטוֹב יוֹשֶׁבֶת מָרוֹת כִּי יָרַד רָע מֵאֵת יְהוָה לְשַׁעַר יְרוּשָׁלִָם","rdfs:label":"מיכה א יב","jbo:sefer":"jbr:tanach-20","titles":[{"title":"מיכה א יב"},{"title":"מיכה פרק א פסוק יב"}]},{"uri":"jbr:tanach-20-1-13","jbo:text":"רתם המרכבה לרכש יושבת לכיש ראשית חטאת היא לבת ציון כי בך נמצאו פשעי ישראל","jbo:textNikud":"רְתֹם הַמֶּרְכָּבָה לָרֶכֶשׁ יוֹשֶׁבֶת לָכִישׁ רֵאשִׁית חַטָּאת הִיא לְבַת צִיּוֹן כִּי בָךְ נִמְצְאוּ פִּשְׁעֵי יִשְׂרָאֵל","rdfs:label":"מיכה א יג","jbo:sefer":"jbr:tanach-20","titles":[{"title":"מיכה א יג"},{"title":"מיכה פרק א פסוק יג"}]},{"uri":"jbr:tanach-20-1-14","jbo:text":"לכן תתני שלוחים על מורשת גת בתי אכזיב לאכזב למלכי ישראל","jbo:textNikud":"לָכֵן תִּתְּנִי שִׁלּוּחִים עַל מוֹרֶשֶׁת גַּת בָּתֵּי אַכְזִיב לְאַכְזָב לְמַלְכֵי יִשְׂרָאֵל","rdfs:label":"מיכה א יד","jbo:sefer":"jbr:tanach-20","titles":[{"title":"מיכה א יד"},{"title":"מיכה פרק א פסוק יד"}]},{"uri":"jbr:tanach-20-1-15","jbo:text":"עד הירש אבי לך יושבת מרשה עד עדלם יבוא כבוד ישראל","jbo:textNikud":"עֹד הַיֹּרֵשׁ אָבִי לָךְ יוֹשֶׁבֶת מָרֵשָׁה עַד עֲדֻלָּם יָבוֹא כְּבוֹד יִשְׂרָאֵל","rdfs:label":"מיכה א טו","jbo:sefer":"jbr:tanach-20","titles":[{"title":"מיכה א טו"},{"title":"מיכה פרק א פסוק טו"}]},{"uri":"jbr:tanach-20-1-16","jbo:text":"קרחי וגזי על בני תענוגיך הרחבי קרחתך כנשר כי גלו ממך","jbo:textNikud":"קָרְחִי וָגֹזִּי עַל בְּנֵי תַּעֲנוּגָיִךְ הַרְחִבִי קָרְחָתֵךְ כַּנֶּשֶׁר כִּי גָלוּ מִמֵּךְ","rdfs:label":"מיכה א טז","jbo:sefer":"jbr:tanach-20","titles":[{"title":"מיכה א טז"},{"title":"מיכה פרק א פסוק טז"}]},{"uri":"jbr:tanach-20-2-1","jbo:text":"הוי חשבי און ופעלי רע על משכבותם באור הבקר יעשוה כי יש לאל ידם","jbo:textNikud":"הוֹי חֹשְׁבֵי אָוֶן וּפֹעֲלֵי רָע עַל מִשְׁכְּבוֹתָם בְּאוֹר הַבֹּקֶר יַעֲשׂוּהָ כִּי יֶשׁ לְאֵל יָדָם","rdfs:label":"מיכה ב א","jbo:sefer":"jbr:tanach-20","titles":[{"title":"מיכה ב א"},{"title":"מיכה פרק ב פסוק א"}]},{"uri":"jbr:tanach-20-2-2","jbo:text":"וחמדו שדות וגזלו ובתים ונשאו ועשקו גבר וביתו ואיש ונחלתו","jbo:textNikud":"וְחָמְדוּ שָׂדוֹת וְגָזָלוּ וּבָתִּים וְנָשָׂאוּ וְעָשְׁקוּ גֶּבֶר וּבֵיתוֹ וְאִישׁ וְנַחֲלָתוֹ","rdfs:label":"מיכה ב ב","jbo:sefer":"jbr:tanach-20","titles":[{"title":"מיכה ב ב"},{"title":"מיכה פרק ב פסוק ב"}]},{"uri":"jbr:tanach-20-2-3","jbo:text":"לכן כה אמר יהוה הנני חשב על המשפחה הזאת רעה אשר לא תמישו משם צוארתיכם ולא תלכו רומה כי עת רעה היא","jbo:textNikud":"לָכֵן כֹּה אָמַר יְהוָה הִנְנִי חֹשֵׁב עַל הַמִּשְׁפָּחָה הַזֹּאת רָעָה אֲשֶׁר לֹא תָמִישׁוּ מִשָּׁם צַוְּארֹתֵיכֶם וְלֹא תֵלְכוּ רוֹמָה כִּי עֵת רָעָה הִיא","rdfs:label":"מיכה ב ג","jbo:sefer":"jbr:tanach-20","titles":[{"title":"מיכה ב ג"},{"title":"מיכה פרק ב פסוק ג"}]},{"uri":"jbr:tanach-20-2-4","jbo:text":"ביום ההוא ישא עליכם משל ונהה נהי נהיה אמר שדוד נשדנו חלק עמי ימיר איך ימיש לי לשובב שדינו יחלק","jbo:textNikud":"בַּיּוֹם הַהוּא יִשָּׂא עֲלֵיכֶם מָשָׁל וְנָהָה נְהִי נִהְיָה אָמַר שָׁדוֹד נְשַׁדֻּנוּ חֵלֶק עַמִּי יָמִיר אֵיךְ יָמִישׁ לִי לְשׁוֹבֵב שָׂדֵינוּ יְחַלֵּק","rdfs:label":"מיכה ב ד","jbo:sefer":"jbr:tanach-20","titles":[{"title":"מיכה ב ד"},{"title":"מיכה פרק ב פסוק ד"}]},{"uri":"jbr:tanach-20-2-5","jbo:text":"לכן לא יהיה לך משליך חבל בגורל בקהל יהוה","jbo:textNikud":"לָכֵן לֹא יִהְיֶה לְךָ מַשְׁלִיךְ חֶבֶל בְּגוֹרָל בִּקְהַל יְהוָה","rdfs:label":"מיכה ב ה","jbo:sefer":"jbr:tanach-20","titles":[{"title":"מיכה ב ה"},{"title":"מיכה פרק ב פסוק ה"}]},{"uri":"jbr:tanach-20-2-6","jbo:text":"אל תטפו יטיפון לא יטפו לאלה לא יסג כלמות","jbo:textNikud":"אַל תַּטִּפוּ יַטִּיפוּן לֹא יַטִּפוּ לָאֵלֶּה לֹא יִסַּג כְּלִמּוֹת","rdfs:label":"מיכה ב ו","jbo:sefer":"jbr:tanach-20","titles":[{"title":"מיכה ב ו"},{"title":"מיכה פרק ב פסוק ו"}]},{"uri":"jbr:tanach-20-2-7","jbo:text":"האמור בית יעקב הקצר רוח יהוה אם אלה מעלליו הלוא דברי ייטיבו עם הישר הולך","jbo:textNikud":"הֶאָמוּר בֵּית יַעֲקֹב הֲקָצַר רוּחַ יְהוָה אִם אֵלֶּה מַעֲלָלָיו הֲלוֹא דְבָרַי יֵיטִיבוּ עִם הַיָּשָׁר הוֹלֵךְ","rdfs:label":"מיכה ב ז","jbo:sefer":"jbr:tanach-20","titles":[{"title":"מיכה ב ז"},{"title":"מיכה פרק ב פסוק ז"}]},{"uri":"jbr:tanach-20-2-8","jbo:text":"ואתמול עמי לאויב יקומם ממול שלמה אדר תפשטון מעברים בטח שובי מלחמה","jbo:textNikud":"וְאֶתְמוּל עַמִּי לְאוֹיֵב יְקוֹמֵם מִמּוּל שַׂלְמָה אֶדֶר תַּפְשִׁטוּן מֵעֹבְרִים בֶּטַח שׁוּבֵי מִלְחָמָה","rdfs:label":"מיכה ב ח","jbo:sefer":"jbr:tanach-20","titles":[{"title":"מיכה ב ח"},{"title":"מיכה פרק ב פסוק ח"}]},{"uri":"jbr:tanach-20-2-9","jbo:text":"נשי עמי תגרשון מבית תענגיה מעל עלליה תקחו הדרי לעולם","jbo:textNikud":"נְשֵׁי עַמִּי תְּגָרְשׁוּן מִבֵּית תַּעֲנֻגֶיהָ מֵעַל עֹלָלֶיהָ תִּקְחוּ הֲדָרִי לְעוֹלָם","rdfs:label":"מיכה ב ט","jbo:sefer":"jbr:tanach-20","titles":[{"title":"מיכה ב ט"},{"title":"מיכה פרק ב פסוק ט"}]},{"uri":"jbr:tanach-20-2-10","jbo:text":"קומו ולכו כי לא זאת המנוחה בעבור טמאה תחבל וחבל נמרץ","jbo:textNikud":"קוּמוּ וּלְכוּ כִּי לֹא זֹאת הַמְּנוּחָה בַּעֲבוּר טָמְאָה תְּחַבֵּל וְחֶבֶל נִמְרָץ","rdfs:label":"מיכה ב י","jbo:sefer":"jbr:tanach-20","titles":[{"title":"מיכה ב י"},{"title":"מיכה פרק ב פסוק י"}]},{"uri":"jbr:tanach-20-2-11","jbo:text":"לו איש הלך רוח ושקר כזב אטף לך ליין ולשכר והיה מטיף העם הזה","jbo:textNikud":"לוּ אִישׁ הֹלֵךְ רוּחַ וָשֶׁקֶר כִּזֵּב אַטִּף לְךָ לַיַּיִן וְלַשֵּׁכָר וְהָיָה מַטִּיף הָעָם הַזֶּה","rdfs:label":"מיכה ב יא","jbo:sefer":"jbr:tanach-20","titles":[{"title":"מיכה ב יא"},{"title":"מיכה פרק ב פסוק יא"}]},{"uri":"jbr:tanach-20-2-12","jbo:text":"אסף אאסף יעקב כלך קבץ אקבץ שארית ישראל יחד אשימנו כצאן בצרה כעדר בתוך הדברו תהימנה מאדם","jbo:textNikud":"אָסֹף אֶאֱסֹף יַעֲקֹב כֻּלָּךְ קַבֵּץ אֲקַבֵּץ שְׁאֵרִית יִשְׂרָאֵל יַחַד אֲשִׂימֶנּוּ כְּצֹאן בָּצְרָה כְּעֵדֶר בְּתוֹךְ הַדָּבְרוֹ תְּהִימֶנָה מֵאָדָם","rdfs:label":"מיכה ב יב","jbo:sefer":"jbr:tanach-20","titles":[{"title":"מיכה ב יב"},{"title":"מיכה פרק ב פסוק יב"}]},{"uri":"jbr:tanach-20-2-13","jbo:text":"עלה הפרץ לפניהם פרצו ויעברו שער ויצאו בו ויעבר מלכם לפניהם ויהוה בראשם","jbo:textNikud":"עָלָה הַפֹּרֵץ לִפְנֵיהֶם פָּרְצוּ וַיַּעֲבֹרוּ שַׁעַר וַיֵּצְאוּ בוֹ וַיַּעֲבֹר מַלְכָּם לִפְנֵיהֶם וַיהוָה בְּרֹאשָׁם","rdfs:label":"מיכה ב יג","jbo:sefer":"jbr:tanach-20","titles":[{"title":"מיכה ב יג"},{"title":"מיכה פרק ב פסוק יג"}]},{"uri":"jbr:tanach-20-3-1","jbo:text":"ואמר שמעו נא ראשי יעקב וקציני בית ישראל הלוא לכם לדעת את המשפט","jbo:textNikud":"וָאֹמַר שִׁמְעוּ נָא רָאשֵׁי יַעֲקֹב וּקְצִינֵי בֵּית יִשְׂרָאֵל הֲלוֹא לָכֶם לָדַעַת אֶת הַמִּשְׁפָּט","rdfs:label":"מיכה ג א","jbo:sefer":"jbr:tanach-20","titles":[{"title":"מיכה ג א"},{"title":"מיכה פרק ג פסוק א"}]},{"uri":"jbr:tanach-20-3-2","jbo:text":"שנאי טוב ואהבי (רעה) רע גזלי עורם מעליהם ושארם מעל עצמותם","jbo:textNikud":"שֹׂנְאֵי טוֹב וְאֹהֲבֵי (רעה) רָע גֹּזְלֵי עוֹרָם מֵעֲלֵיהֶם וּשְׁאֵרָם מֵעַל עַצְמוֹתָם","rdfs:label":"מיכה ג ב","jbo:sefer":"jbr:tanach-20","titles":[{"title":"מיכה ג ב"},{"title":"מיכה פרק ג פסוק ב"}]},{"uri":"jbr:tanach-20-3-3","jbo:text":"ואשר אכלו שאר עמי ועורם מעליהם הפשיטו ואת עצמתיהם פצחו ופרשו כאשר בסיר וכבשר בתוך קלחת","jbo:textNikud":"וַאֲשֶׁר אָכְלוּ שְׁאֵר עַמִּי וְעוֹרָם מֵעֲלֵיהֶם הִפְשִׁיטוּ וְאֶת עַצְמֹתֵיהֶם פִּצֵּחוּ וּפָרְשׂוּ כַּאֲשֶׁר בַּסִּיר וּכְבָשָׂר בְּתוֹךְ קַלָּחַת","rdfs:label":"מיכה ג ג","jbo:sefer":"jbr:tanach-20","titles":[{"title":"מיכה ג ג"},{"title":"מיכה פרק ג פסוק ג"}]},{"uri":"jbr:tanach-20-3-4","jbo:text":"אז יזעקו אל יהוה ולא יענה אותם ויסתר פניו מהם בעת ההיא כאשר הרעו מעלליהם","jbo:textNikud":"אָז יִזְעֲקוּ אֶל יְהוָה וְלֹא יַעֲנֶה אוֹתָם וְיַסְתֵּר פָּנָיו מֵהֶם בָּעֵת הַהִיא כַּאֲשֶׁר הֵרֵעוּ מַעַלְלֵיהֶם","rdfs:label":"מיכה ג ד","jbo:sefer":"jbr:tanach-20","titles":[{"title":"מיכה ג ד"},{"title":"מיכה פרק ג פסוק ד"}]},{"uri":"jbr:tanach-20-3-5","jbo:text":"כה אמר יהוה על הנביאים המתעים את עמי הנשכים בשניהם וקראו שלום ואשר לא יתן על פיהם וקדשו עליו מלחמה","jbo:textNikud":"כֹּה אָמַר יְהוָה עַל הַנְּבִיאִים הַמַּתְעִים אֶת עַמִּי הַנֹּשְׁכִים בְּשִׁנֵּיהֶם וְקָרְאוּ שָׁלוֹם וַאֲשֶׁר לֹא יִתֵּן עַל פִּיהֶם וְקִדְּשׁוּ עָלָיו מִלְחָמָה","rdfs:label":"מיכה ג ה","jbo:sefer":"jbr:tanach-20","titles":[{"title":"מיכה ג ה"},{"title":"מיכה פרק ג פסוק ה"}]},{"uri":"jbr:tanach-20-3-6","jbo:text":"לכן לילה לכם מחזון וחשכה לכם מקסם ובאה השמש על הנביאים וקדר עליהם היום","jbo:textNikud":"לָכֵן לַיְלָה לָכֶם מֵחָזוֹן וְחָשְׁכָה לָכֶם מִקְּסֹם וּבָאָה הַשֶּׁמֶשׁ עַל הַנְּבִיאִים וְקָדַר עֲלֵיהֶם הַיּוֹם","rdfs:label":"מיכה ג ו","jbo:sefer":"jbr:tanach-20","titles":[{"title":"מיכה ג ו"},{"title":"מיכה פרק ג פסוק ו"}]},{"uri":"jbr:tanach-20-3-7","jbo:text":"ובשו החזים וחפרו הקסמים ועטו על שפם כלם כי אין מענה אלהים","jbo:textNikud":"וּבֹשׁוּ הַחֹזִים וְחָפְרוּ הַקֹּסְמִים וְעָטוּ עַל שָׂפָם כֻּלָּם כִּי אֵין מַעֲנֵה אֱלֹהִים","rdfs:label":"מיכה ג ז","jbo:sefer":"jbr:tanach-20","titles":[{"title":"מיכה ג ז"},{"title":"מיכה פרק ג פסוק ז"}]},{"uri":"jbr:tanach-20-3-8","jbo:text":"ואולם אנכי מלאתי כח את רוח יהוה ומשפט וגבורה להגיד ליעקב פשעו ולישראל חטאתו","jbo:textNikud":"וְאוּלָם אָנֹכִי מָלֵאתִי כֹחַ אֶת רוּחַ יְהוָה וּמִשְׁפָּט וּגְבוּרָה לְהַגִּיד לְיַעֲקֹב פִּשְׁעוֹ וּלְיִשְׂרָאֵל חַטָּאתוֹ","rdfs:label":"מיכה ג ח","jbo:sefer":"jbr:tanach-20","titles":[{"title":"מיכה ג ח"},{"title":"מיכה פרק ג פסוק ח"}]},{"uri":"jbr:tanach-20-3-9","jbo:text":"שמעו נא זאת ראשי בית יעקב וקציני בית ישראל המתעבים משפט ואת כל הישרה יעקשו","jbo:textNikud":"שִׁמְעוּ נָא זֹאת רָאשֵׁי בֵּית יַעֲקֹב וּקְצִינֵי בֵּית יִשְׂרָאֵל הַמֲתַעֲבִים מִשְׁפָּט וְאֵת כָּל הַיְשָׁרָה יְעַקֵּשׁוּ","rdfs:label":"מיכה ג ט","jbo:sefer":"jbr:tanach-20","titles":[{"title":"מיכה ג ט"},{"title":"מיכה פרק ג פסוק ט"}]},{"uri":"jbr:tanach-20-3-10","jbo:text":"בנה ציון בדמים וירושלם בעולה","jbo:textNikud":"בֹּנֶה צִיּוֹן בְּדָמִים וִירוּשָׁלִַם בְּעַוְלָה","rdfs:label":"מיכה ג י","jbo:sefer":"jbr:tanach-20","titles":[{"title":"מיכה ג י"},{"title":"מיכה פרק ג פסוק י"}]},{"uri":"jbr:tanach-20-3-11","jbo:text":"ראשיה בשחד ישפטו וכהניה במחיר יורו ונביאיה בכסף יקסמו ועל יהוה ישענו לאמר הלוא יהוה בקרבנו לא תבוא עלינו רעה","jbo:textNikud":"רָאשֶׁיהָ בְּשֹׁחַד יִשְׁפֹּטוּ וְכֹהֲנֶיהָ בִּמְחִיר יוֹרוּ וּנְבִיאֶיהָ בְּכֶסֶף יִקְסֹמוּ וְעַל יְהוָה יִשָּׁעֵנוּ לֵאמֹר הֲלוֹא יְהוָה בְּקִרְבֵּנוּ לֹא תָבוֹא עָלֵינוּ רָעָה","rdfs:label":"מיכה ג יא","jbo:sefer":"jbr:tanach-20","titles":[{"title":"מיכה ג יא"},{"title":"מיכה פרק ג פסוק יא"}]},{"uri":"jbr:tanach-20-3-12","jbo:text":"לכן בגללכם ציון שדה תחרש וירושלם עיין תהיה והר הבית לבמות יער","jbo:textNikud":"לָכֵן בִּגְלַלְכֶם צִיּוֹן שָׂדֶה תֵחָרֵשׁ וִירוּשָׁלִַם עִיִּין תִּהְיֶה וְהַר הַבַּיִת לְבָמוֹת יָעַר","rdfs:label":"מיכה ג יב","jbo:sefer":"jbr:tanach-20","titles":[{"title":"מיכה ג יב"},{"title":"מיכה פרק ג פסוק יב"}]},{"uri":"jbr:tanach-20-4-1","jbo:text":"והיה באחרית הימים יהיה הר בית יהוה נכון בראש ההרים ונשא הוא מגבעות ונהרו עליו עמים","jbo:textNikud":"וְהָיָה בְּאַחֲרִית הַיָּמִים יִהְיֶה הַר בֵּית יְהוָה נָכוֹן בְּרֹאשׁ הֶהָרִים וְנִשָּׂא הוּא מִגְּבָעוֹת וְנָהֲרוּ עָלָיו עַמִּים","rdfs:label":"מיכה ד א","jbo:sefer":"jbr:tanach-20","titles":[{"title":"מיכה ד א"},{"title":"מיכה פרק ד פסוק א"}]},{"uri":"jbr:tanach-20-4-2","jbo:text":"והלכו גוים רבים ואמרו לכו ונעלה אל הר יהוה ואל בית אלהי יעקב ויורנו מדרכיו ונלכה בארחתיו כי מציון תצא תורה ודבר יהוה מירושלם","jbo:textNikud":"וְהָלְכוּ גּוֹיִם רַבִּים וְאָמְרוּ לְכוּ וְנַעֲלֶה אֶל הַר יְהוָה וְאֶל בֵּית אֱלֹהֵי יַעֲקֹב וְיוֹרֵנוּ מִדְּרָכָיו וְנֵלְכָה בְּאֹרְחֹתָיו כִּי מִצִּיּוֹן תֵּצֵא תוֹרָה וּדְבַר יְהוָה מִירוּשָׁלִָם","rdfs:label":"מיכה ד ב","jbo:sefer":"jbr:tanach-20","titles":[{"title":"מיכה ד ב"},{"title":"מיכה פרק ד פסוק ב"}]},{"uri":"jbr:tanach-20-4-3","jbo:text":"ושפט בין עמים רבים והוכיח לגוים עצמים עד רחוק וכתתו חרבתיהם לאתים וחניתתיהם למזמרות לא ישאו גוי אל גוי חרב ולא ילמדון עוד מלחמה","jbo:textNikud":"וְשָׁפַט בֵּין עַמִּים רַבִּים וְהוֹכִיחַ לְגוֹיִם עֲצֻמִים עַד רָחוֹק וְכִתְּתוּ חַרְבֹתֵיהֶם לְאִתִּים וַחֲנִיתֹתֵיהֶם לְמַזְמֵרוֹת לֹא יִשְׂאוּ גּוֹי אֶל גּוֹי חֶרֶב וְלֹא יִלְמְדוּן עוֹד מִלְחָמָה","rdfs:label":"מיכה ד ג","jbo:sefer":"jbr:tanach-20","titles":[{"title":"מיכה ד ג"},{"title":"מיכה פרק ד פסוק ג"}]},{"uri":"jbr:tanach-20-4-4","jbo:text":"וישבו איש תחת גפנו ותחת תאנתו ואין מחריד כי פי יהוה צבאות דבר","jbo:textNikud":"וְיָשְׁבוּ אִישׁ תַּחַת גַּפְנוֹ וְתַחַת תְּאֵנָתוֹ וְאֵין מַחֲרִיד כִּי פִי יְהוָה צְבָאוֹת דִּבֵּר","rdfs:label":"מיכה ד ד","jbo:sefer":"jbr:tanach-20","titles":[{"title":"מיכה ד ד"},{"title":"מיכה פרק ד פסוק ד"}]},{"uri":"jbr:tanach-20-4-5","jbo:text":"כי כל העמים ילכו איש בשם אלהיו ואנחנו נלך בשם יהוה אלהינו לעולם ועד","jbo:textNikud":"כִּי כָּל הָעַמִּים יֵלְכוּ אִישׁ בְּשֵׁם אֱלֹהָיו וַאֲנַחְנוּ נֵלֵךְ בְּשֵׁם יְהוָה אֱלֹהֵינוּ לְעוֹלָם וָעֶד","rdfs:label":"מיכה ד ה","jbo:sefer":"jbr:tanach-20","titles":[{"title":"מיכה ד ה"},{"title":"מיכה פרק ד פסוק ה"}]},{"uri":"jbr:tanach-20-4-6","jbo:text":"ביום ההוא נאם יהוה אספה הצלעה והנדחה אקבצה ואשר הרעתי","jbo:textNikud":"בַּיּוֹם הַהוּא נְאֻם יְהוָה אֹסְפָה הַצֹּלֵעָה וְהַנִּדָּחָה אֲקַבֵּצָה וַאֲשֶׁר הֲרֵעֹתִי","rdfs:label":"מיכה ד ו","jbo:sefer":"jbr:tanach-20","titles":[{"title":"מיכה ד ו"},{"title":"מיכה פרק ד פסוק ו"}]},{"uri":"jbr:tanach-20-4-7","jbo:text":"ושמתי את הצלעה לשארית והנהלאה לגוי עצום ומלך יהוה עליהם בהר ציון מעתה ועד עולם","jbo:textNikud":"וְשַׂמְתִּי אֶת הַצֹּלֵעָה לִשְׁאֵרִית וְהַנַּהֲלָאָה לְגוֹי עָצוּם וּמָלַךְ יְהוָה עֲלֵיהֶם בְּהַר צִיּוֹן מֵעַתָּה וְעַד עוֹלָם","rdfs:label":"מיכה ד ז","jbo:sefer":"jbr:tanach-20","titles":[{"title":"מיכה ד ז"},{"title":"מיכה פרק ד פסוק ז"}]},{"uri":"jbr:tanach-20-4-8","jbo:text":"ואתה מגדל עדר עפל בת ציון עדיך תאתה ובאה הממשלה הראשנה ממלכת לבת ירושלם","jbo:textNikud":"וְאַתָּה מִגְדַּל עֵדֶר עֹפֶל בַּת צִיּוֹן עָדֶיךָ תֵּאתֶה וּבָאָה הַמֶּמְשָׁלָה הָרִאשֹׁנָה מַמְלֶכֶת לְבַת יְרוּשָׁלִָם","rdfs:label":"מיכה ד ח","jbo:sefer":"jbr:tanach-20","titles":[{"title":"מיכה ד ח"},{"title":"מיכה פרק ד פסוק ח"}]},{"uri":"jbr:tanach-20-4-9","jbo:text":"עתה למה תריעי רע המלך אין בך אם יועצך אבד כי החזיקך חיל כיולדה","jbo:textNikud":"עַתָּה לָמָּה תָרִיעִי רֵעַ הֲמֶלֶךְ אֵין בָּךְ אִם יוֹעֲצֵךְ אָבָד כִּי הֶחֱזִיקֵךְ חִיל כַּיּוֹלֵדָה","rdfs:label":"מיכה ד ט","jbo:sefer":"jbr:tanach-20","titles":[{"title":"מיכה ד ט"},{"title":"מיכה פרק ד פסוק ט"}]},{"uri":"jbr:tanach-20-4-10","jbo:text":"חולי וגחי בת ציון כיולדה כי עתה תצאי מקריה ושכנת בשדה ובאת עד בבל שם תנצלי שם יגאלך יהוה מכף איביך","jbo:textNikud":"חוּלִי וָגֹחִי בַּת צִיּוֹן כַּיּוֹלֵדָה כִּי עַתָּה תֵצְאִי מִקִּרְיָה וְשָׁכַנְתְּ בַּשָּׂדֶה וּבָאת עַד בָּבֶל שָׁם תִּנָּצֵלִי שָׁם יִגְאָלֵךְ יְהוָה מִכַּף אֹיְבָיִךְ","rdfs:label":"מיכה ד י","jbo:sefer":"jbr:tanach-20","titles":[{"title":"מיכה ד י"},{"title":"מיכה פרק ד פסוק י"}]},{"uri":"jbr:tanach-20-4-11","jbo:text":"ועתה נאספו עליך גוים רבים האמרים תחנף ותחז בציון עינינו","jbo:textNikud":"וְעַתָּה נֶאֶסְפוּ עָלַיִךְ גּוֹיִם רַבִּים הָאֹמְרִים תֶּחֱנָף וְתַחַז בְּצִיּוֹן עֵינֵינוּ","rdfs:label":"מיכה ד יא","jbo:sefer":"jbr:tanach-20","titles":[{"title":"מיכה ד יא"},{"title":"מיכה פרק ד פסוק יא"}]},{"uri":"jbr:tanach-20-4-12","jbo:text":"והמה לא ידעו מחשבות יהוה ולא הבינו עצתו כי קבצם כעמיר גרנה","jbo:textNikud":"וְהֵמָּה לֹא יָדְעוּ מַחְשְׁבוֹת יְהוָה וְלֹא הֵבִינוּ עֲצָתוֹ כִּי קִבְּצָם כֶּעָמִיר גֹּרְנָה","rdfs:label":"מיכה ד יב","jbo:sefer":"jbr:tanach-20","titles":[{"title":"מיכה ד יב"},{"title":"מיכה פרק ד פסוק יב"}]},{"uri":"jbr:tanach-20-4-13","jbo:text":"קומי ודושי בת ציון כי קרנך אשים ברזל ופרסתיך אשים נחושה והדקות עמים רבים והחרמתי ליהוה בצעם וחילם לאדון כל הארץ","jbo:textNikud":"קוּמִי וָדוֹשִׁי בַת צִיּוֹן כִּי קַרְנֵךְ אָשִׂים בַּרְזֶל וּפַרְסֹתַיִךְ אָשִׂים נְחוּשָׁה וַהֲדִקּוֹת עַמִּים רַבִּים וְהַחֲרַמְתִּי לַיהוָה בִּצְעָם וְחֵילָם לַאֲדוֹן כָּל הָאָרֶץ","rdfs:label":"מיכה ד יג","jbo:sefer":"jbr:tanach-20","titles":[{"title":"מיכה ד יג"},{"title":"מיכה פרק ד פסוק יג"}]},{"uri":"jbr:tanach-20-4-14","jbo:text":"עתה תתגדדי בת גדוד מצור שם עלינו בשבט יכו על הלחי את שפט ישראל","jbo:textNikud":"עַתָּה תִּתְגֹּדְדִי בַת גְּדוּד מָצוֹר שָׂם עָלֵינוּ בַּשֵּׁבֶט יַכּוּ עַל הַלְּחִי אֵת שֹׁפֵט יִשְׂרָאֵל","rdfs:label":"מיכה ד יד","jbo:sefer":"jbr:tanach-20","titles":[{"title":"מיכה ד יד"},{"title":"מיכה פרק ד פסוק יד"}]},{"uri":"jbr:tanach-20-5-1","jbo:text":"ואתה בית לחם אפרתה צעיר להיות באלפי יהודה ממך לי יצא להיות מושל בישראל ומוצאתיו מקדם מימי עולם","jbo:textNikud":"וְאַתָּה בֵּית לֶחֶם אֶפְרָתָה צָעִיר לִהְיוֹת בְּאַלְפֵי יְהוּדָה מִמְּךָ לִי יֵצֵא לִהְיוֹת מוֹשֵׁל בְּיִשְׂרָאֵל וּמוֹצָאֹתָיו מִקֶּדֶם מִימֵי עוֹלָם","rdfs:label":"מיכה ה א","jbo:sefer":"jbr:tanach-20","titles":[{"title":"מיכה ה א"},{"title":"מיכה פרק ה פסוק א"}]},{"uri":"jbr:tanach-20-5-2","jbo:text":"לכן יתנם עד עת יולדה ילדה ויתר אחיו ישובון על בני ישראל","jbo:textNikud":"לָכֵן יִתְּנֵם עַד עֵת יוֹלֵדָה יָלָדָה וְיֶתֶר אֶחָיו יְשׁוּבוּן עַל בְּנֵי יִשְׂרָאֵל","rdfs:label":"מיכה ה ב","jbo:sefer":"jbr:tanach-20","titles":[{"title":"מיכה ה ב"},{"title":"מיכה פרק ה פסוק ב"}]},{"uri":"jbr:tanach-20-5-3","jbo:text":"ועמד ורעה בעז יהוה בגאון שם יהוה אלהיו וישבו כי עתה יגדל עד אפסי ארץ","jbo:textNikud":"וְעָמַד וְרָעָה בְּעֹז יְהוָה בִּגְאוֹן שֵׁם יְהוָה אֱלֹהָיו וְיָשָׁבוּ כִּי עַתָּה יִגְדַּל עַד אַפְסֵי אָרֶץ","rdfs:label":"מיכה ה ג","jbo:sefer":"jbr:tanach-20","titles":[{"title":"מיכה ה ג"},{"title":"מיכה פרק ה פסוק ג"}]},{"uri":"jbr:tanach-20-5-4","jbo:text":"והיה זה שלום אשור כי יבוא בארצנו וכי ידרך בארמנתינו והקמנו עליו שבעה רעים ושמנה נסיכי אדם","jbo:textNikud":"וְהָיָה זֶה שָׁלוֹם אַשּׁוּר כִּי יָבוֹא בְאַרְצֵנוּ וְכִי יִדְרֹךְ בְּאַרְמְנֹתֵינוּ וַהֲקֵמֹנוּ עָלָיו שִׁבְעָה רֹעִים וּשְׁמֹנָה נְסִיכֵי אָדָם","rdfs:label":"מיכה ה ד","jbo:sefer":"jbr:tanach-20","titles":[{"title":"מיכה ה ד"},{"title":"מיכה פרק ה פסוק ד"}]},{"uri":"jbr:tanach-20-5-5","jbo:text":"ורעו את ארץ אשור בחרב ואת ארץ נמרד בפתחיה והציל מאשור כי יבוא בארצנו וכי ידרך בגבולנו","jbo:textNikud":"וְרָעוּ אֶת אֶרֶץ אַשּׁוּר בַּחֶרֶב וְאֶת אֶרֶץ נִמְרֹד בִּפְתָחֶיהָ וְהִצִּיל מֵאַשּׁוּר כִּי יָבוֹא בְאַרְצֵנוּ וְכִי יִדְרֹךְ בִּגְבוּלֵנוּ","rdfs:label":"מיכה ה ה","jbo:sefer":"jbr:tanach-20","titles":[{"title":"מיכה ה ה"},{"title":"מיכה פרק ה פסוק ה"}]},{"uri":"jbr:tanach-20-5-6","jbo:text":"והיה שארית יעקב בקרב עמים רבים כטל מאת יהוה כרביבים עלי עשב אשר לא יקוה לאיש ולא ייחל לבני אדם","jbo:textNikud":"וְהָיָה שְׁאֵרִית יַעֲקֹב בְּקֶרֶב עַמִּים רַבִּים כְּטַל מֵאֵת יְהוָה כִּרְבִיבִים עֲלֵי עֵשֶׂב אֲשֶׁר לֹא יְקַוֶּה לְאִישׁ וְלֹא יְיַחֵל לִבְנֵי אָדָם","rdfs:label":"מיכה ה ו","jbo:sefer":"jbr:tanach-20","titles":[{"title":"מיכה ה ו"},{"title":"מיכה פרק ה פסוק ו"}]},{"uri":"jbr:tanach-20-5-7","jbo:text":"והיה שארית יעקב בגוים בקרב עמים רבים כאריה בבהמות יער ככפיר בעדרי צאן אשר אם עבר ורמס וטרף ואין מציל","jbo:textNikud":"וְהָיָה שְׁאֵרִית יַעֲקֹב בַּגּוֹיִם בְּקֶרֶב עַמִּים רַבִּים כְּאַרְיֵה בְּבַהֲמוֹת יַעַר כִּכְפִיר בְּעֶדְרֵי צֹאן אֲשֶׁר אִם עָבַר וְרָמַס וְטָרַף וְאֵין מַצִּיל","rdfs:label":"מיכה ה ז","jbo:sefer":"jbr:tanach-20","titles":[{"title":"מיכה ה ז"},{"title":"מיכה פרק ה פסוק ז"}]},{"uri":"jbr:tanach-20-5-8","jbo:text":"תרם ידך על צריך וכל איביך יכרתו","jbo:textNikud":"תָּרֹם יָדְךָ עַל צָרֶיךָ וְכָל אֹיְבֶיךָ יִכָּרֵתוּ","rdfs:label":"מיכה ה ח","jbo:sefer":"jbr:tanach-20","titles":[{"title":"מיכה ה ח"},{"title":"מיכה פרק ה פסוק ח"}]},{"uri":"jbr:tanach-20-5-9","jbo:text":"והיה ביום ההוא נאם יהוה והכרתי סוסיך מקרבך והאבדתי מרכבתיך","jbo:textNikud":"וְהָיָה בַיּוֹם הַהוּא נְאֻם יְהוָה וְהִכְרַתִּי סוּסֶיךָ מִקִּרְבֶּךָ וְהַאֲבַדְתִּי מַרְכְּבֹתֶיךָ","rdfs:label":"מיכה ה ט","jbo:sefer":"jbr:tanach-20","titles":[{"title":"מיכה ה ט"},{"title":"מיכה פרק ה פסוק ט"}]},{"uri":"jbr:tanach-20-5-10","jbo:text":"והכרתי ערי ארצך והרסתי כל מבצריך","jbo:textNikud":"וְהִכְרַתִּי עָרֵי אַרְצֶךָ וְהָרַסְתִּי כָּל מִבְצָרֶיךָ","rdfs:label":"מיכה ה י","jbo:sefer":"jbr:tanach-20","titles":[{"title":"מיכה ה י"},{"title":"מיכה פרק ה פסוק י"}]},{"uri":"jbr:tanach-20-5-11","jbo:text":"והכרתי כשפים מידך ומעוננים לא יהיו לך","jbo:textNikud":"וְהִכְרַתִּי כְשָׁפִים מִיָּדֶךָ וּמְעוֹנְנִים לֹא יִהְיוּ לָךְ","rdfs:label":"מיכה ה יא","jbo:sefer":"jbr:tanach-20","titles":[{"title":"מיכה ה יא"},{"title":"מיכה פרק ה פסוק יא"}]},{"uri":"jbr:tanach-20-5-12","jbo:text":"והכרתי פסיליך ומצבותיך מקרבך ולא תשתחוה עוד למעשה ידיך","jbo:textNikud":"וְהִכְרַתִּי פְסִילֶיךָ וּמַצֵּבוֹתֶיךָ מִקִּרְבֶּךָ וְלֹא תִשְׁתַּחֲוֶה עוֹד לְמַעֲשֵׂה יָדֶיךָ","rdfs:label":"מיכה ה יב","jbo:sefer":"jbr:tanach-20","titles":[{"title":"מיכה ה יב"},{"title":"מיכה פרק ה פסוק יב"}]},{"uri":"jbr:tanach-20-5-13","jbo:text":"ונתשתי אשיריך מקרבך והשמדתי עריך","jbo:textNikud":"וְנָתַשְׁתִּי אֲשֵׁירֶיךָ מִקִּרְבֶּךָ וְהִשְׁמַדְתִּי עָרֶיךָ","rdfs:label":"מיכה ה יג","jbo:sefer":"jbr:tanach-20","titles":[{"title":"מיכה ה יג"},{"title":"מיכה פרק ה פסוק יג"}]},{"uri":"jbr:tanach-20-5-14","jbo:text":"ועשיתי באף ובחמה נקם את הגוים אשר לא שמעו","jbo:textNikud":"וְעָשִׂיתִי בְּאַף וּבְחֵמָה נָקָם אֶת הַגּוֹיִם אֲשֶׁר לֹא שָׁמֵעוּ","rdfs:label":"מיכה ה יד","jbo:sefer":"jbr:tanach-20","titles":[{"title":"מיכה ה יד"},{"title":"מיכה פרק ה פסוק יד"}]},{"uri":"jbr:tanach-20-6-1","jbo:text":"שמעו נא את אשר יהוה אמר קום ריב את ההרים ותשמענה הגבעות קולך","jbo:textNikud":"שִׁמְעוּ נָא אֵת אֲשֶׁר יְהוָה אֹמֵר קוּם רִיב אֶת הֶהָרִים וְתִשְׁמַעְנָה הַגְּבָעוֹת קוֹלֶךָ","rdfs:label":"מיכה ו א","jbo:sefer":"jbr:tanach-20","titles":[{"title":"מיכה ו א"},{"title":"מיכה פרק ו פסוק א"}]},{"uri":"jbr:tanach-20-6-2","jbo:text":"שמעו הרים את ריב יהוה והאתנים מסדי ארץ כי ריב ליהוה עם עמו ועם ישראל יתוכח","jbo:textNikud":"שִׁמְעוּ הָרִים אֶת רִיב יְהוָה וְהָאֵתָנִים מֹסְדֵי אָרֶץ כִּי רִיב לַיהוָה עִם עַמּוֹ וְעִם יִשְׂרָאֵל יִתְוַכָּח","rdfs:label":"מיכה ו ב","jbo:sefer":"jbr:tanach-20","titles":[{"title":"מיכה ו ב"},{"title":"מיכה פרק ו פסוק ב"}]},{"uri":"jbr:tanach-20-6-3","jbo:text":"עמי מה עשיתי לך ומה הלאתיך ענה בי","jbo:textNikud":"עַמִּי מֶה עָשִׂיתִי לְךָ וּמָה הֶלְאֵתִיךָ עֲנֵה בִי","rdfs:label":"מיכה ו ג","jbo:sefer":"jbr:tanach-20","titles":[{"title":"מיכה ו ג"},{"title":"מיכה פרק ו פסוק ג"}]},{"uri":"jbr:tanach-20-6-4","jbo:text":"כי העלתיך מארץ מצרים ומבית עבדים פדיתיך ואשלח לפניך את משה אהרן ומרים","jbo:textNikud":"כִּי הֶעֱלִתִיךָ מֵאֶרֶץ מִצְרַיִם וּמִבֵּית עֲבָדִים פְּדִיתִיךָ וָאֶשְׁלַח לְפָנֶיךָ אֶת מֹשֶׁה אַהֲרֹן וּמִרְיָם","rdfs:label":"מיכה ו ד","jbo:sefer":"jbr:tanach-20","titles":[{"title":"מיכה ו ד"},{"title":"מיכה פרק ו פסוק ד"}]},{"uri":"jbr:tanach-20-6-5","jbo:text":"עמי זכר נא מה יעץ בלק מלך מואב ומה ענה אתו בלעם בן בעור מן השטים עד הגלגל למען דעת צדקות יהוה","jbo:textNikud":"עַמִּי זְכָר נָא מַה יָּעַץ בָּלָק מֶלֶךְ מוֹאָב וּמֶה עָנָה אֹתוֹ בִּלְעָם בֶּן בְּעוֹר מִן הַשִּׁטִּים עַד הַגִּלְגָּל לְמַעַן דַּעַת צִדְקוֹת יְהוָה","rdfs:label":"מיכה ו ה","jbo:sefer":"jbr:tanach-20","titles":[{"title":"מיכה ו ה"},{"title":"מיכה פרק ו פסוק ה"}]},{"uri":"jbr:tanach-20-6-6","jbo:text":"במה אקדם יהוה אכף לאלהי מרום האקדמנו בעולות בעגלים בני שנה","jbo:textNikud":"בַּמָּה אֲקַדֵּם יְהוָה אִכַּף לֵאלֹהֵי מָרוֹם הַאֲקַדְּמֶנּוּ בְעוֹלוֹת בַּעֲגָלִים בְּנֵי שָׁנָה","rdfs:label":"מיכה ו ו","jbo:sefer":"jbr:tanach-20","titles":[{"title":"מיכה ו ו"},{"title":"מיכה פרק ו פסוק ו"}]},{"uri":"jbr:tanach-20-6-7","jbo:text":"הירצה יהוה באלפי אילים ברבבות נחלי שמן האתן בכורי פשעי פרי בטני חטאת נפשי","jbo:textNikud":"הֲיִרְצֶה יְהוָה בְּאַלְפֵי אֵילִים בְּרִבְבוֹת נַחֲלֵי שָׁמֶן הַאֶתֵּן בְּכוֹרִי פִּשְׁעִי פְּרִי בִטְנִי חַטַּאת נַפְשִׁי","rdfs:label":"מיכה ו ז","jbo:sefer":"jbr:tanach-20","titles":[{"title":"מיכה ו ז"},{"title":"מיכה פרק ו פסוק ז"}]},{"uri":"jbr:tanach-20-6-8","jbo:text":"הגיד לך אדם מה טוב ומה יהוה דורש ממך כי אם עשות משפט ואהבת חסד והצנע לכת עם אלהיך","jbo:textNikud":"הִגִּיד לְךָ אָדָם מַה טּוֹב וּמָה יְהוָה דּוֹרֵשׁ מִמְּךָ כִּי אִם עֲשׂוֹת מִשְׁפָּט וְאַהֲבַת חֶסֶד וְהַצְנֵעַ לֶכֶת עִם אֱלֹהֶיךָ","rdfs:label":"מיכה ו ח","jbo:sefer":"jbr:tanach-20","titles":[{"title":"מיכה ו ח"},{"title":"מיכה פרק ו פסוק ח"}]},{"uri":"jbr:tanach-20-6-9","jbo:text":"קול יהוה לעיר יקרא ותושיה יראה שמך שמעו מטה ומי יעדה","jbo:textNikud":"קוֹל יְהוָה לָעִיר יִקְרָא וְתוּשִׁיָּה יִרְאֶה שְׁמֶךָ שִׁמְעוּ מַטֶּה וּמִי יְעָדָהּ","rdfs:label":"מיכה ו ט","jbo:sefer":"jbr:tanach-20","titles":[{"title":"מיכה ו ט"},{"title":"מיכה פרק ו פסוק ט"}]},{"uri":"jbr:tanach-20-6-10","jbo:text":"עוד האש בית רשע אצרות רשע ואיפת רזון זעומה","jbo:textNikud":"עוֹד הַאִשׁ בֵּית רָשָׁע אֹצְרוֹת רֶשַׁע וְאֵיפַת רָזוֹן זְעוּמָה","rdfs:label":"מיכה ו י","jbo:sefer":"jbr:tanach-20","titles":[{"title":"מיכה ו י"},{"title":"מיכה פרק ו פסוק י"}]},{"uri":"jbr:tanach-20-6-11","jbo:text":"האזכה במאזני רשע ובכיס אבני מרמה","jbo:textNikud":"הַאֶזְכֶּה בְּמֹאזְנֵי רֶשַׁע וּבְכִיס אַבְנֵי מִרְמָה","rdfs:label":"מיכה ו יא","jbo:sefer":"jbr:tanach-20","titles":[{"title":"מיכה ו יא"},{"title":"מיכה פרק ו פסוק יא"}]},{"uri":"jbr:tanach-20-6-12","jbo:text":"אשר עשיריה מלאו חמס וישביה דברו שקר ולשונם רמיה בפיהם","jbo:textNikud":"אֲשֶׁר עֲשִׁירֶיהָ מָלְאוּ חָמָס וְיֹשְׁבֶיהָ דִּבְּרוּ שָׁקֶר וּלְשׁוֹנָם רְמִיָּה בְּפִיהֶם","rdfs:label":"מיכה ו יב","jbo:sefer":"jbr:tanach-20","titles":[{"title":"מיכה ו יב"},{"title":"מיכה פרק ו פסוק יב"}]},{"uri":"jbr:tanach-20-6-13","jbo:text":"וגם אני החליתי הכותך השמם על חטאתך","jbo:textNikud":"וְגַם אֲנִי הֶחֱלֵיתִי הַכּוֹתֶךָ הַשְׁמֵם עַל חַטֹּאתֶךָ","rdfs:label":"מיכה ו יג","jbo:sefer":"jbr:tanach-20","titles":[{"title":"מיכה ו יג"},{"title":"מיכה פרק ו פסוק יג"}]},{"uri":"jbr:tanach-20-6-14","jbo:text":"אתה תאכל ולא תשבע וישחך בקרבך ותסג ולא תפליט ואשר תפלט לחרב אתן","jbo:textNikud":"אַתָּה תֹאכַל וְלֹא תִשְׂבָּע וְיֶשְׁחֲךָ בְּקִרְבֶּךָ וְתַסֵּג וְלֹא תַפְלִיט וַאֲשֶׁר תְּפַלֵּט לַחֶרֶב אֶתֵּן","rdfs:label":"מיכה ו יד","jbo:sefer":"jbr:tanach-20","titles":[{"title":"מיכה ו יד"},{"title":"מיכה פרק ו פסוק יד"}]},{"uri":"jbr:tanach-20-6-15","jbo:text":"אתה תזרע ולא תקצור אתה תדרך זית ולא תסוך שמן ותירוש ולא תשתה יין","jbo:textNikud":"אַתָּה תִזְרַע וְלֹא תִקְצוֹר אַתָּה תִדְרֹךְ זַיִת וְלֹא תָסוּךְ שֶׁמֶן וְתִירוֹשׁ וְלֹא תִשְׁתֶּה יָּיִן","rdfs:label":"מיכה ו טו","jbo:sefer":"jbr:tanach-20","titles":[{"title":"מיכה ו טו"},{"title":"מיכה פרק ו פסוק טו"}]},{"uri":"jbr:tanach-20-6-16","jbo:text":"וישתמר חקות עמרי וכל מעשה בית אחאב ותלכו במעצותם למען תתי אתך לשמה וישביה לשרקה וחרפת עמי תשאו","jbo:textNikud":"וְיִשְׁתַּמֵּר חֻקּוֹת עָמְרִי וְכֹל מַעֲשֵׂה בֵית אַחְאָב וַתֵּלְכוּ בְּמֹעֲצוֹתָם לְמַעַן תִּתִּי אֹתְךָ לְשַׁמָּה וְיֹשְׁבֶיהָ לִשְׁרֵקָה וְחֶרְפַּת עַמִּי תִּשָּׂאוּ","rdfs:label":"מיכה ו טז","jbo:sefer":"jbr:tanach-20","titles":[{"title":"מיכה ו טז"},{"title":"מיכה פרק ו פסוק טז"}]},{"uri":"jbr:tanach-20-7-1","jbo:text":"אללי לי כי הייתי כאספי קיץ כעללת בציר אין אשכול לאכול בכורה אותה נפשי","jbo:textNikud":"אַלְלַי לִי כִּי הָיִיתִי כְּאָסְפֵּי קַיִץ כְּעֹלְלֹת בָּצִיר אֵין אֶשְׁכּוֹל לֶאֱכוֹל בִּכּוּרָה אִוְּתָה נַפְשִׁי","rdfs:label":"מיכה ז א","jbo:sefer":"jbr:tanach-20","titles":[{"title":"מיכה ז א"},{"title":"מיכה פרק ז פסוק א"}]},{"uri":"jbr:tanach-20-7-2","jbo:text":"אבד חסיד מן הארץ וישר באדם אין כלם לדמים יארבו איש את אחיהו יצודו חרם","jbo:textNikud":"אָבַד חָסִיד מִן הָאָרֶץ וְיָשָׁר בָּאָדָם אָיִן כֻּלָּם לְדָמִים יֶאֱרֹבוּ אִישׁ אֶת אָחִיהוּ יָצוּדוּ חֵרֶם","rdfs:label":"מיכה ז ב","jbo:sefer":"jbr:tanach-20","titles":[{"title":"מיכה ז ב"},{"title":"מיכה פרק ז פסוק ב"}]},{"uri":"jbr:tanach-20-7-3","jbo:text":"על הרע כפים להיטיב השר שאל והשפט בשלום והגדול דבר הות נפשו הוא ויעבתוה","jbo:textNikud":"עַל הָרַע כַּפַּיִם לְהֵיטִיב הַשַּׂר שֹׁאֵל וְהַשֹּׁפֵט בַּשִּׁלּוּם וְהַגָּדוֹל דֹּבֵר הַוַּת נַפְשׁוֹ הוּא וַיְעַבְּתוּהָ","rdfs:label":"מיכה ז ג","jbo:sefer":"jbr:tanach-20","titles":[{"title":"מיכה ז ג"},{"title":"מיכה פרק ז פסוק ג"}]},{"uri":"jbr:tanach-20-7-4","jbo:text":"טובם כחדק ישר ממסוכה יום מצפיך פקדתך באה עתה תהיה מבוכתם","jbo:textNikud":"טוֹבָם כְּחֵדֶק יָשָׁר מִמְּסוּכָה יוֹם מְצַפֶּיךָ פְּקֻדָּתְךָ בָאָה עַתָּה תִהְיֶה מְבוּכָתָם","rdfs:label":"מיכה ז ד","jbo:sefer":"jbr:tanach-20","titles":[{"title":"מיכה ז ד"},{"title":"מיכה פרק ז פסוק ד"}]},{"uri":"jbr:tanach-20-7-5","jbo:text":"אל תאמינו ברע אל תבטחו באלוף משכבת חיקך שמר פתחי פיך","jbo:textNikud":"אַל תַּאֲמִינוּ בְרֵעַ אַל תִּבְטְחוּ בְּאַלּוּף מִשֹּׁכֶבֶת חֵיקֶךָ שְׁמֹר פִּתְחֵי פִיךָ","rdfs:label":"מיכה ז ה","jbo:sefer":"jbr:tanach-20","titles":[{"title":"מיכה ז ה"},{"title":"מיכה פרק ז פסוק ה"}]},{"uri":"jbr:tanach-20-7-6","jbo:text":"כי בן מנבל אב בת קמה באמה כלה בחמתה איבי איש אנשי ביתו","jbo:textNikud":"כִּי בֵן מְנַבֵּל אָב בַּת קָמָה בְאִמָּהּ כַּלָּה בַּחֲמֹתָהּ אֹיְבֵי אִישׁ אַנְשֵׁי בֵיתוֹ","rdfs:label":"מיכה ז ו","jbo:sefer":"jbr:tanach-20","titles":[{"title":"מיכה ז ו"},{"title":"מיכה פרק ז פסוק ו"}]},{"uri":"jbr:tanach-20-7-7","jbo:text":"ואני ביהוה אצפה אוחילה לאלהי ישעי ישמעני אלהי","jbo:textNikud":"וַאֲנִי בַּיהוָה אֲצַפֶּה אוֹחִילָה לֵאלֹהֵי יִשְׁעִי יִשְׁמָעֵנִי אֱלֹהָי","rdfs:label":"מיכה ז ז","jbo:sefer":"jbr:tanach-20","titles":[{"title":"מיכה ז ז"},{"title":"מיכה פרק ז פסוק ז"}]},{"uri":"jbr:tanach-20-7-8","jbo:text":"אל תשמחי איבתי לי כי נפלתי קמתי כי אשב בחשך יהוה אור לי","jbo:textNikud":"אַל תִּשְׂמְחִי אֹיַבְתִּי לִי כִּי נָפַלְתִּי קָמְתִּי כִּי אֵשֵׁב בַּחֹשֶׁךְ יְהוָה אוֹר לִי","rdfs:label":"מיכה ז ח","jbo:sefer":"jbr:tanach-20","titles":[{"title":"מיכה ז ח"},{"title":"מיכה פרק ז פסוק ח"}]},{"uri":"jbr:tanach-20-7-9","jbo:text":"זעף יהוה אשא כי חטאתי לו עד אשר יריב ריבי ועשה משפטי יוציאני לאור אראה בצדקתו","jbo:textNikud":"זַעַף יְהוָה אֶשָּׂא כִּי חָטָאתִי לוֹ עַד אֲשֶׁר יָרִיב רִיבִי וְעָשָׂה מִשְׁפָּטִי יוֹצִיאֵנִי לָאוֹר אֶרְאֶה בְּצִדְקָתוֹ","rdfs:label":"מיכה ז ט","jbo:sefer":"jbr:tanach-20","titles":[{"title":"מיכה ז ט"},{"title":"מיכה פרק ז פסוק ט"}]},{"uri":"jbr:tanach-20-7-10","jbo:text":"ותרא איבתי ותכסה בושה האמרה אלי איו יהוה אלהיך עיני תראינה בה עתה תהיה למרמס כטיט חוצות","jbo:textNikud":"וְתֵרֶא אֹיַבְתִּי וּתְכַסֶּהָ בוּשָׁה הָאֹמְרָה אֵלַי אַיּוֹ יְהוָה אֱלֹהָיִךְ עֵינַי תִּרְאֶינָּה בָּהּ עַתָּה תִּהְיֶה לְמִרְמָס כְּטִיט חוּצוֹת","rdfs:label":"מיכה ז י","jbo:sefer":"jbr:tanach-20","titles":[{"title":"מיכה ז י"},{"title":"מיכה פרק ז פסוק י"}]},{"uri":"jbr:tanach-20-7-11","jbo:text":"יום לבנות גדריך יום ההוא ירחק חק","jbo:textNikud":"יוֹם לִבְנוֹת גְּדֵרָיִךְ יוֹם הַהוּא יִרְחַק חֹק","rdfs:label":"מיכה ז יא","jbo:sefer":"jbr:tanach-20","titles":[{"title":"מיכה ז יא"},{"title":"מיכה פרק ז פסוק יא"}]},{"uri":"jbr:tanach-20-7-12","jbo:text":"יום הוא ועדיך יבוא למני אשור וערי מצור ולמני מצור ועד נהר וים מים והר ההר","jbo:textNikud":"יוֹם הוּא וְעָדֶיךָ יָבוֹא לְמִנִּי אַשּׁוּר וְעָרֵי מָצוֹר וּלְמִנִּי מָצוֹר וְעַד נָהָר וְיָם מִיָּם וְהַר הָהָר","rdfs:label":"מיכה ז יב","jbo:sefer":"jbr:tanach-20","titles":[{"title":"מיכה ז יב"},{"title":"מיכה פרק ז פסוק יב"}]},{"uri":"jbr:tanach-20-7-13","jbo:text":"והיתה הארץ לשממה על ישביה מפרי מעלליהם","jbo:textNikud":"וְהָיְתָה הָאָרֶץ לִשְׁמָמָה עַל יֹשְׁבֶיהָ מִפְּרִי מַעַלְלֵיהֶם","rdfs:label":"מיכה ז יג","jbo:sefer":"jbr:tanach-20","titles":[{"title":"מיכה ז יג"},{"title":"מיכה פרק ז פסוק יג"}]},{"uri":"jbr:tanach-20-7-14","jbo:text":"רעה עמך בשבטך צאן נחלתך שכני לבדד יער בתוך כרמל ירעו בשן וגלעד כימי עולם","jbo:textNikud":"רְעֵה עַמְּךָ בְשִׁבְטֶךָ צֹאן נַחֲלָתֶךָ שֹׁכְנִי לְבָדָד יַעַר בְּתוֹךְ כַּרְמֶל יִרְעוּ בָשָׁן וְגִלְעָד כִּימֵי עוֹלָם","rdfs:label":"מיכה ז יד","jbo:sefer":"jbr:tanach-20","titles":[{"title":"מיכה ז יד"},{"title":"מיכה פרק ז פסוק יד"}]},{"uri":"jbr:tanach-20-7-15","jbo:text":"כימי צאתך מארץ מצרים אראנו נפלאות","jbo:textNikud":"כִּימֵי צֵאתְךָ מֵאֶרֶץ מִצְרָיִם אַרְאֶנּוּ נִפְלָאוֹת","rdfs:label":"מיכה ז טו","jbo:sefer":"jbr:tanach-20","titles":[{"title":"מיכה ז טו"},{"title":"מיכה פרק ז פסוק טו"}]},{"uri":"jbr:tanach-20-7-16","jbo:text":"יראו גוים ויבשו מכל גבורתם ישימו יד על פה אזניהם תחרשנה","jbo:textNikud":"יִרְאוּ גוֹיִם וְיֵבֹשׁוּ מִכֹּל גְּבוּרָתָם יָשִׂימוּ יָד עַל פֶּה אָזְנֵיהֶם תֶּחֱרַשְׁנָה","rdfs:label":"מיכה ז טז","jbo:sefer":"jbr:tanach-20","titles":[{"title":"מיכה ז טז"},{"title":"מיכה פרק ז פסוק טז"}]},{"uri":"jbr:tanach-20-7-17","jbo:text":"ילחכו עפר כנחש כזחלי ארץ ירגזו ממסגרתיהם אל יהוה אלהינו יפחדו ויראו ממך","jbo:textNikud":"יְלַחֲכוּ עָפָר כַּנָּחָשׁ כְּזֹחֲלֵי אֶרֶץ יִרְגְּזוּ מִמִּסְגְּרֹתֵיהֶם אֶל יְהוָה אֱלֹהֵינוּ יִפְחָדוּ וְיִרְאוּ מִמֶּךָּ","rdfs:label":"מיכה ז יז","jbo:sefer":"jbr:tanach-20","titles":[{"title":"מיכה ז יז"},{"title":"מיכה פרק ז פסוק יז"}]},{"uri":"jbr:tanach-20-7-18","jbo:text":"מי אל כמוך נשא עון ועבר על פשע לשארית נחלתו לא החזיק לעד אפו כי חפץ חסד הוא","jbo:textNikud":"מִי אֵל כָּמוֹךָ נֹשֵׂא עָוֹן וְעֹבֵר עַל פֶּשַׁע לִשְׁאֵרִית נַחֲלָתוֹ לֹא הֶחֱזִיק לָעַד אַפּוֹ כִּי חָפֵץ חֶסֶד הוּא","rdfs:label":"מיכה ז יח","jbo:sefer":"jbr:tanach-20","titles":[{"title":"מיכה ז יח"},{"title":"מיכה פרק ז פסוק יח"}]},{"uri":"jbr:tanach-20-7-19","jbo:text":"ישוב ירחמנו יכבש עונתינו ותשליך במצלות ים כל חטאותם","jbo:textNikud":"יָשׁוּב יְרַחֲמֵנוּ יִכְבֹּשׁ עֲוֹנֹתֵינוּ וְתַשְׁלִיךְ בִּמְצֻלוֹת יָם כָּל חַטֹּאותָם","rdfs:label":"מיכה ז יט","jbo:sefer":"jbr:tanach-20","titles":[{"title":"מיכה ז יט"},{"title":"מיכה פרק ז פסוק יט"}]},{"uri":"jbr:tanach-20-7-20","jbo:text":"תתן אמת ליעקב חסד לאברהם אשר נשבעת לאבתינו מימי קדם","jbo:textNikud":"תִּתֵּן אֱמֶת לְיַעֲקֹב חֶסֶד לְאַבְרָהָם אֲשֶׁר נִשְׁבַּעְתָּ לַאֲבֹתֵינוּ מִימֵי קֶדֶם","rdfs:label":"מיכה ז כ","jbo:sefer":"jbr:tanach-20","titles":[{"title":"מיכה ז כ"},{"title":"מיכה פרק ז פסוק כ"}]}]}