{"subjects":[{"uri":"jbr:tanach-31-1-1","jbo:text":"ויהי בימי שפט השפטים ויהי רעב בארץ וילך איש מבית לחם יהודה לגור בשדי מואב הוא ואשתו ושני בניו","jbo:textNikud":"וַיְהִי בִּימֵי שְׁפֹט הַשֹּׁפְטִים וַיְהִי רָעָב בָּאָרֶץ וַיֵּלֶךְ אִישׁ מִבֵּית לֶחֶם יְהוּדָה לָגוּר בִּשְׂדֵי מוֹאָב הוּא וְאִשְׁתּוֹ וּשְׁנֵי בָנָיו","rdfs:label":"רות א א","jbo:sefer":"jbr:tanach-31","titles":[{"title":"רות א א"},{"title":"רות פרק א פסוק א"}]},{"uri":"jbr:tanach-31-1-2","jbo:text":"ושם האיש אלימלך ושם אשתו נעמי ושם שני בניו מחלון וכליון אפרתים מבית לחם יהודה ויבאו שדי מואב ויהיו שם","jbo:textNikud":"וְשֵׁם הָאִישׁ אֱלִימֶלֶךְ וְשֵׁם אִשְׁתּוֹ נָעֳמִי וְשֵׁם שְׁנֵי בָנָיו מַחְלוֹן וְכִלְיוֹן אֶפְרָתִים מִבֵּית לֶחֶם יְהוּדָה וַיָּבֹאוּ שְׂדֵי מוֹאָב וַיִּהְיוּ שָׁם","rdfs:label":"רות א ב","jbo:sefer":"jbr:tanach-31","titles":[{"title":"רות א ב"},{"title":"רות פרק א פסוק ב"}]},{"uri":"jbr:tanach-31-1-3","jbo:text":"וימת אלימלך איש נעמי ותשאר היא ושני בניה","jbo:textNikud":"וַיָּמָת אֱלִימֶלֶךְ אִישׁ נָעֳמִי וַתִּשָּׁאֵר הִיא וּשְׁנֵי בָנֶיהָ","rdfs:label":"רות א ג","jbo:sefer":"jbr:tanach-31","titles":[{"title":"רות א ג"},{"title":"רות פרק א פסוק ג"}]},{"uri":"jbr:tanach-31-1-4","jbo:text":"וישאו להם נשים מאביות שם האחת ערפה ושם השנית רות וישבו שם כעשר שנים","jbo:textNikud":"וַיִּשְׂאוּ לָהֶם נָשִׁים מֹאֲבִיּוֹת שֵׁם הָאַחַת עָרְפָּה וְשֵׁם הַשֵּׁנִית רוּת וַיֵּשְׁבוּ שָׁם כְּעֶשֶׂר שָׁנִים","rdfs:label":"רות א ד","jbo:sefer":"jbr:tanach-31","titles":[{"title":"רות א ד"},{"title":"רות פרק א פסוק ד"}]},{"uri":"jbr:tanach-31-1-5","jbo:text":"וימותו גם שניהם מחלון וכליון ותשאר האשה משני ילדיה ומאישה","jbo:textNikud":"וַיָּמוּתוּ גַם שְׁנֵיהֶם מַחְלוֹן וְכִלְיוֹן וַתִּשָּׁאֵר הָאִשָּׁה מִשְּׁנֵי יְלָדֶיהָ וּמֵאִישָׁהּ","rdfs:label":"רות א ה","jbo:sefer":"jbr:tanach-31","titles":[{"title":"רות א ה"},{"title":"רות פרק א פסוק ה"}]},{"uri":"jbr:tanach-31-1-6","jbo:text":"ותקם היא וכלתיה ותשב משדי מואב כי שמעה בשדה מואב כי פקד יהוה את עמו לתת להם לחם","jbo:textNikud":"וַתָּקָם הִיא וְכַלֹּתֶיהָ וַתָּשָׁב מִשְּׂדֵי מוֹאָב כִּי שָׁמְעָה בִּשְׂדֵה מוֹאָב כִּי פָקַד יְהוָה אֶת עַמּוֹ לָתֵת לָהֶם לָחֶם","rdfs:label":"רות א ו","jbo:sefer":"jbr:tanach-31","titles":[{"title":"רות א ו"},{"title":"רות פרק א פסוק ו"}]},{"uri":"jbr:tanach-31-1-7","jbo:text":"ותצא מן המקום אשר היתה שמה ושתי כלתיה עמה ותלכנה בדרך לשוב אל ארץ יהודה","jbo:textNikud":"וַתֵּצֵא מִן הַמָּקוֹם אֲשֶׁר הָיְתָה שָׁמָּה וּשְׁתֵּי כַלֹּתֶיהָ עִמָּהּ וַתֵּלַכְנָה בַדֶּרֶךְ לָשׁוּב אֶל אֶרֶץ יְהוּדָה","rdfs:label":"רות א ז","jbo:sefer":"jbr:tanach-31","titles":[{"title":"רות א ז"},{"title":"רות פרק א פסוק ז"}]},{"uri":"jbr:tanach-31-1-8","jbo:text":"ותאמר נעמי לשתי כלתיה לכנה שבנה אשה לבית אמה (יעשה) יעש יהוה עמכם חסד כאשר עשיתם עם המתים ועמדי","jbo:textNikud":"וַתֹּאמֶר נָעֳמִי לִשְׁתֵּי כַלֹּתֶיהָ לֵכְנָה שֹּׁבְנָה אִשָּׁה לְבֵית אִמָּהּ (יעשה) יַעַשׂ יְהוָה עִמָּכֶם חֶסֶד כַּאֲשֶׁר עֲשִׂיתֶם עִם הַמֵּתִים וְעִמָּדִי","rdfs:label":"רות א ח","jbo:sefer":"jbr:tanach-31","titles":[{"title":"רות א ח"},{"title":"רות פרק א פסוק ח"}]},{"uri":"jbr:tanach-31-1-9","jbo:text":"יתן יהוה לכם ומצאן מנוחה אשה בית אישה ותשק להן ותשאנה קולן ותבכינה","jbo:textNikud":"יִתֵּן יְהוָה לָכֶם וּמְצֶאןָ מְנוּחָה אִשָּׁה בֵּית אִישָׁהּ וַתִּשַּׁק לָהֶן וַתִּשֶּׂאנָה קוֹלָן וַתִּבְכֶּינָה","rdfs:label":"רות א ט","jbo:sefer":"jbr:tanach-31","titles":[{"title":"רות א ט"},{"title":"רות פרק א פסוק ט"}]},{"uri":"jbr:tanach-31-1-10","jbo:text":"ותאמרנה לה כי אתך נשוב לעמך","jbo:textNikud":"וַתֹּאמַרְנָה לָּהּ כִּי אִתָּךְ נָשׁוּב לְעַמֵּךְ","rdfs:label":"רות א י","jbo:sefer":"jbr:tanach-31","titles":[{"title":"רות א י"},{"title":"רות פרק א פסוק י"}]},{"uri":"jbr:tanach-31-1-11","jbo:text":"ותאמר נעמי שבנה בנתי למה תלכנה עמי העוד לי בנים במעי והיו לכם לאנשים","jbo:textNikud":"וַתֹּאמֶר נָעֳמִי שֹׁבְנָה בְנֹתַי לָמָּה תֵלַכְנָה עִמִּי הַעוֹד לִי בָנִים בְּמֵעַי וְהָיוּ לָכֶם לַאֲנָשִׁים","rdfs:label":"רות א יא","jbo:sefer":"jbr:tanach-31","titles":[{"title":"רות א יא"},{"title":"רות פרק א פסוק יא"}]},{"uri":"jbr:tanach-31-1-12","jbo:text":"שבנה בנתי לכן כי זקנתי מהיות לאיש כי אמרתי יש לי תקוה גם הייתי הלילה לאיש וגם ילדתי בנים","jbo:textNikud":"שֹׁבְנָה בְנֹתַי לֵכְןָ כִּי זָקַנְתִּי מִהְיוֹת לְאִישׁ כִּי אָמַרְתִּי יֶשׁ לִי תִקְוָה גַּם הָיִיתִי הַלַּיְלָה לְאִישׁ וְגַם יָלַדְתִּי בָנִים","rdfs:label":"רות א יב","jbo:sefer":"jbr:tanach-31","titles":[{"title":"רות א יב"},{"title":"רות פרק א פסוק יב"}]},{"uri":"jbr:tanach-31-1-13","jbo:text":"הלהן תשברנה עד אשר יגדלו הלהן תעגנה לבלתי היות לאיש אל בנתי כי מר לי מאד מכם כי יצאה בי יד יהוה","jbo:textNikud":"הֲלָהֵן תְּשַׂבֵּרְנָה עַד אֲשֶׁר יִגְדָּלוּ הֲלָהֵן תֵּעָגֵנָה לְבִלְתִּי הֱיוֹת לְאִישׁ אַל בְּנֹתַי כִּי מַר לִי מְאֹד מִכֶּם כִּי יָצְאָה בִי יַד יְהוָה","rdfs:label":"רות א יג","jbo:sefer":"jbr:tanach-31","titles":[{"title":"רות א יג"},{"title":"רות פרק א פסוק יג"}]},{"uri":"jbr:tanach-31-1-14","jbo:text":"ותשנה קולן ותבכינה עוד ותשק ערפה לחמותה ורות דבקה בה","jbo:textNikud":"וַתִּשֶּׂנָה קוֹלָן וַתִּבְכֶּינָה עוֹד וַתִּשַּׁק עָרְפָּה לַחֲמוֹתָהּ וְרוּת דָּבְקָה בָּהּ","rdfs:label":"רות א יד","jbo:sefer":"jbr:tanach-31","titles":[{"title":"רות א יד"},{"title":"רות פרק א פסוק יד"}]},{"uri":"jbr:tanach-31-1-15","jbo:text":"ותאמר הנה שבה יבמתך אל עמה ואל אלהיה שובי אחרי יבמתך","jbo:textNikud":"וַתֹּאמֶר הִנֵּה שָׁבָה יְבִמְתֵּךְ אֶל עַמָּהּ וְאֶל אֱלֹהֶיהָ שׁוּבִי אַחֲרֵי יְבִמְתֵּךְ","rdfs:label":"רות א טו","jbo:sefer":"jbr:tanach-31","titles":[{"title":"רות א טו"},{"title":"רות פרק א פסוק טו"}]},{"uri":"jbr:tanach-31-1-16","jbo:text":"ותאמר רות אל תפגעי בי לעזבך לשוב מאחריך כי אל אשר תלכי אלך ובאשר תליני אלין עמך עמי ואלהיך אלהי","jbo:textNikud":"וַתֹּאמֶר רוּת אַל תִּפְגְּעִי בִי לְעָזְבֵךְ לָשׁוּב מֵאַחֲרָיִךְ כִּי אֶל אֲשֶׁר תֵּלְכִי אֵלֵךְ וּבַאֲשֶׁר תָּלִינִי אָלִין עַמֵּךְ עַמִּי וֵאלֹהַיִךְ אֱלֹהָי","rdfs:label":"רות א טז","jbo:sefer":"jbr:tanach-31","titles":[{"title":"רות א טז"},{"title":"רות פרק א פסוק טז"}]},{"uri":"jbr:tanach-31-1-17","jbo:text":"באשר תמותי אמות ושם אקבר כה יעשה יהוה לי וכה יסיף כי המות יפריד ביני ובינך","jbo:textNikud":"בַּאֲשֶׁר תָּמוּתִי אָמוּת וְשָׁם אֶקָּבֵר כֹּה יַעֲשֶׂה יְהוָה לִי וְכֹה יֹסִיף כִּי הַמָּוֶת יַפְרִיד בֵּינִי וּבֵינֵךְ","rdfs:label":"רות א יז","jbo:sefer":"jbr:tanach-31","titles":[{"title":"רות א יז"},{"title":"רות פרק א פסוק יז"}]},{"uri":"jbr:tanach-31-1-18","jbo:text":"ותרא כי מתאמצת היא ללכת אתה ותחדל לדבר אליה","jbo:textNikud":"וַתֵּרֶא כִּי מִתְאַמֶּצֶת הִיא לָלֶכֶת אִתָּהּ וַתֶּחְדַּל לְדַבֵּר אֵלֶיהָ","rdfs:label":"רות א יח","jbo:sefer":"jbr:tanach-31","titles":[{"title":"רות א יח"},{"title":"רות פרק א פסוק יח"}]},{"uri":"jbr:tanach-31-1-19","jbo:text":"ותלכנה שתיהם עד באנה בית לחם ויהי כבאנה בית לחם ותהם כל העיר עליהן ותאמרנה הזאת נעמי","jbo:textNikud":"וַתֵּלַכְנָה שְׁתֵּיהֶם עַד בֹּאָנָה בֵּית לָחֶם וַיְהִי כְּבֹאָנָה בֵּית לֶחֶם וַתֵּהֹם כָּל הָעִיר עֲלֵיהֶן וַתֹּאמַרְנָה הֲזֹאת נָעֳמִי","rdfs:label":"רות א יט","jbo:sefer":"jbr:tanach-31","titles":[{"title":"רות א יט"},{"title":"רות פרק א פסוק יט"}]},{"uri":"jbr:tanach-31-1-20","jbo:text":"ותאמר אליהן אל תקראנה לי נעמי קראן לי מרא כי המר שדי לי מאד","jbo:textNikud":"וַתֹּאמֶר אֲלֵיהֶן אַל תִּקְרֶאנָה לִי נָעֳמִי קְרֶאןָ לִי מָרָא כִּי הֵמַר שַׁדַּי לִי מְאֹד","rdfs:label":"רות א כ","jbo:sefer":"jbr:tanach-31","titles":[{"title":"רות א כ"},{"title":"רות פרק א פסוק כ"}]},{"uri":"jbr:tanach-31-1-21","jbo:text":"אני מלאה הלכתי וריקם השיבני יהוה למה תקראנה לי נעמי ויהוה ענה בי ושדי הרע לי","jbo:textNikud":"אֲנִי מְלֵאָה הָלַכְתִּי וְרֵיקָם הֱשִׁיבַנִי יְהוָה לָמָּה תִקְרֶאנָה לִי נָעֳמִי וַיהוָה עָנָה בִי וְשַׁדַּי הֵרַע לִי","rdfs:label":"רות א כא","jbo:sefer":"jbr:tanach-31","titles":[{"title":"רות א כא"},{"title":"רות פרק א פסוק כא"}]},{"uri":"jbr:tanach-31-1-22","jbo:text":"ותשב נעמי ורות המואביה כלתה עמה השבה משדי מואב והמה באו בית לחם בתחלת קציר שערים","jbo:textNikud":"וַתָּשָׁב נָעֳמִי וְרוּת הַמּוֹאֲבִיָּה כַלָּתָהּ עִמָּהּ הַשָּׁבָה מִשְּׂדֵי מוֹאָב וְהֵמָּה בָּאוּ בֵּית לֶחֶם בִּתְחִלַּת קְצִיר שְׂעֹרִים","rdfs:label":"רות א כב","jbo:sefer":"jbr:tanach-31","titles":[{"title":"רות א כב"},{"title":"רות פרק א פסוק כב"}]},{"uri":"jbr:tanach-31-2-1","jbo:text":"ולנעמי (מידע) מודע לאישה איש גבור חיל ממשפחת אלימלך ושמו בעז","jbo:textNikud":"וּלְנָעֳמִי (מידע) מוֹדַע לְאִישָׁהּ אִישׁ גִּבּוֹר חַיִל מִמִּשְׁפַּחַת אֱלִימֶלֶךְ וּשְׁמוֹ בֹּעַז","rdfs:label":"רות ב א","jbo:sefer":"jbr:tanach-31","titles":[{"title":"רות ב א"},{"title":"רות פרק ב פסוק א"}]},{"uri":"jbr:tanach-31-2-2","jbo:text":"ותאמר רות המואביה אל נעמי אלכה נא השדה ואלקטה בשבלים אחר אשר אמצא חן בעיניו ותאמר לה לכי בתי","jbo:textNikud":"וַתֹּאמֶר רוּת הַמּוֹאֲבִיָּה אֶל נָעֳמִי אֵלְכָה נָּא הַשָּׂדֶה וַאֲלַקֳטָה בַשִּׁבֳּלִים אַחַר אֲשֶׁר אֶמְצָא חֵן בְּעֵינָיו וַתֹּאמֶר לָהּ לְכִי בִתִּי","rdfs:label":"רות ב ב","jbo:sefer":"jbr:tanach-31","titles":[{"title":"רות ב ב"},{"title":"רות פרק ב פסוק ב"}]},{"uri":"jbr:tanach-31-2-3","jbo:text":"ותלך ותבוא ותלקט בשדה אחרי הקצרים ויקר מקרה חלקת השדה לבעז אשר ממשפחת אלימלך","jbo:textNikud":"וַתֵּלֶךְ וַתָּבוֹא וַתְּלַקֵּט בַּשָּׂדֶה אַחֲרֵי הַקֹּצְרִים וַיִּקֶר מִקְרֶהָ חֶלְקַת הַשָּׂדֶה לְבֹעַז אֲשֶׁר מִמִּשְׁפַּחַת אֱלִימֶלֶךְ","rdfs:label":"רות ב ג","jbo:sefer":"jbr:tanach-31","titles":[{"title":"רות ב ג"},{"title":"רות פרק ב פסוק ג"}]},{"uri":"jbr:tanach-31-2-4","jbo:text":"והנה בעז בא מבית לחם ויאמר לקוצרים יהוה עמכם ויאמרו לו יברכך יהוה","jbo:textNikud":"וְהִנֵּה בֹעַז בָּא מִבֵּית לֶחֶם וַיֹּאמֶר לַקּוֹצְרִים יְהוָה עִמָּכֶם וַיֹּאמְרוּ לוֹ יְבָרֶכְךָ יְהוָה","rdfs:label":"רות ב ד","jbo:sefer":"jbr:tanach-31","titles":[{"title":"רות ב ד"},{"title":"רות פרק ב פסוק ד"}]},{"uri":"jbr:tanach-31-2-5","jbo:text":"ויאמר בעז לנערו הנצב על הקוצרים למי הנערה הזאת","jbo:textNikud":"וַיֹּאמֶר בֹּעַז לְנַעֲרוֹ הַנִּצָּב עַל הַקּוֹצְרִים לְמִי הַנַּעֲרָה הַזֹּאת","rdfs:label":"רות ב ה","jbo:sefer":"jbr:tanach-31","titles":[{"title":"רות ב ה"},{"title":"רות פרק ב פסוק ה"}]},{"uri":"jbr:tanach-31-2-6","jbo:text":"ויען הנער הנצב על הקוצרים ויאמר נערה מואביה היא השבה עם נעמי משדה מואב","jbo:textNikud":"וַיַּעַן הַנַּעַר הַנִּצָּב עַל הַקּוֹצְרִים וַיֹּאמַר נַעֲרָה מוֹאֲבִיָּה הִיא הַשָּׁבָה עִם נָעֳמִי מִשְּׂדֵה מוֹאָב","rdfs:label":"רות ב ו","jbo:sefer":"jbr:tanach-31","titles":[{"title":"רות ב ו"},{"title":"רות פרק ב פסוק ו"}]},{"uri":"jbr:tanach-31-2-7","jbo:text":"ותאמר אלקטה נא ואספתי בעמרים אחרי הקוצרים ותבוא ותעמוד מאז הבקר ועד עתה זה שבתה הבית מעט","jbo:textNikud":"וַתֹּאמֶר אֲלַקֳטָה נָּא וְאָסַפְתִּי בָעֳמָרִים אַחֲרֵי הַקּוֹצְרִים וַתָּבוֹא וַתַּעֲמוֹד מֵאָז הַבֹּקֶר וְעַד עַתָּה זֶה שִׁבְתָּהּ הַבַּיִת מְעָט","rdfs:label":"רות ב ז","jbo:sefer":"jbr:tanach-31","titles":[{"title":"רות ב ז"},{"title":"רות פרק ב פסוק ז"}]},{"uri":"jbr:tanach-31-2-8","jbo:text":"ויאמר בעז אל רות הלוא שמעת בתי אל תלכי ללקט בשדה אחר וגם לא תעבורי מזה וכה תדבקין עם נערתי","jbo:textNikud":"וַיֹּאמֶר בֹּעַז אֶל רוּת הֲלוֹא שָׁמַעַתְּ בִּתִּי אַל תֵּלְכִי לִלְקֹט בְּשָׂדֶה אַחֵר וְגַם לֹא תַעֲבוּרִי מִזֶּה וְכֹה תִדְבָּקִין עִם נַעֲרֹתָי","rdfs:label":"רות ב ח","jbo:sefer":"jbr:tanach-31","titles":[{"title":"רות ב ח"},{"title":"רות פרק ב פסוק ח"}]},{"uri":"jbr:tanach-31-2-9","jbo:text":"עיניך בשדה אשר יקצרון והלכת אחריהן הלוא צויתי את הנערים לבלתי נגעך וצמת והלכת אל הכלים ושתית מאשר ישאבון הנערים","jbo:textNikud":"עֵינַיִךְ בַּשָּׂדֶה אֲשֶׁר יִקְצֹרוּן וְהָלַכְתְּ אַחֲרֵיהֶן הֲלוֹא צִוִּיתִי אֶת הַנְּעָרִים לְבִלְתִּי נָגְעֵךְ וְצָמִת וְהָלַכְתְּ אֶל הַכֵּלִים וְשָׁתִית מֵאֲשֶׁר יִשְׁאֲבוּן הַנְּעָרִים","rdfs:label":"רות ב ט","jbo:sefer":"jbr:tanach-31","titles":[{"title":"רות ב ט"},{"title":"רות פרק ב פסוק ט"}]},{"uri":"jbr:tanach-31-2-10","jbo:text":"ותפל על פניה ותשתחו ארצה ותאמר אליו מדוע מצאתי חן בעיניך להכירני ואנכי נכריה","jbo:textNikud":"וַתִּפֹּל עַל פָּנֶיהָ וַתִּשְׁתַּחוּ אָרְצָה וַתֹּאמֶר אֵלָיו מַדּוּעַ מָצָאתִי חֵן בְּעֵינֶיךָ לְהַכִּירֵנִי וְאָנֹכִי נָכְרִיָּה","rdfs:label":"רות ב י","jbo:sefer":"jbr:tanach-31","titles":[{"title":"רות ב י"},{"title":"רות פרק ב פסוק י"}]},{"uri":"jbr:tanach-31-2-11","jbo:text":"ויען בעז ויאמר לה הגד הגד לי כל אשר עשית את חמותך אחרי מות אישך ותעזבי אביך ואמך וארץ מולדתך ותלכי אל עם אשר לא ידעת תמול שלשום","jbo:textNikud":"וַיַּעַן בֹּעַז וַיֹּאמֶר לָהּ הֻגֵּד הֻגַּד לִי כֹּל אֲשֶׁר עָשִׂית אֶת חֲמוֹתֵךְ אַחֲרֵי מוֹת אִישֵׁךְ וַתַּעַזְבִי אָבִיךְ וְאִמֵּךְ וְאֶרֶץ מוֹלַדְתֵּךְ וַתֵּלְכִי אֶל עַם אֲשֶׁר לֹא יָדַעַתְּ תְּמוֹל שִׁלְשׁוֹם","rdfs:label":"רות ב יא","jbo:sefer":"jbr:tanach-31","titles":[{"title":"רות ב יא"},{"title":"רות פרק ב פסוק יא"}]},{"uri":"jbr:tanach-31-2-12","jbo:text":"ישלם יהוה פעלך ותהי משכרתך שלמה מעם יהוה אלהי ישראל אשר באת לחסות תחת כנפיו","jbo:textNikud":"יְשַׁלֵּם יְהוָה פָּעֳלֵךְ וּתְהִי מַשְׂכֻּרְתֵּךְ שְׁלֵמָה מֵעִם יְהוָה אֱלֹהֵי יִשְׂרָאֵל אֲשֶׁר בָּאת לַחֲסוֹת תַּחַת כְּנָפָיו","rdfs:label":"רות ב יב","jbo:sefer":"jbr:tanach-31","titles":[{"title":"רות ב יב"},{"title":"רות פרק ב פסוק יב"}]},{"uri":"jbr:tanach-31-2-13","jbo:text":"ותאמר אמצא חן בעיניך אדני כי נחמתני וכי דברת על לב שפחתך ואנכי לא אהיה כאחת שפחתיך","jbo:textNikud":"וַתֹּאמֶר אֶמְצָא חֵן בְּעֵינֶיךָ אֲדֹנִי כִּי נִחַמְתָּנִי וְכִי דִבַּרְתָּ עַל לֵב שִׁפְחָתֶךָ וְאָנֹכִי לֹא אֶהְיֶה כְּאַחַת שִׁפְחֹתֶיךָ","rdfs:label":"רות ב יג","jbo:sefer":"jbr:tanach-31","titles":[{"title":"רות ב יג"},{"title":"רות פרק ב פסוק יג"}]},{"uri":"jbr:tanach-31-2-14","jbo:text":"ויאמר לה בעז לעת האכל גשי הלם ואכלת מן הלחם וטבלת פתך בחמץ ותשב מצד הקוצרים ויצבט לה קלי ותאכל ותשבע ותתר","jbo:textNikud":"וַיֹּאמֶר לָה בֹעַז לְעֵת הָאֹכֶל גֹּשִׁי הֲלֹם וְאָכַלְתְּ מִן הַלֶּחֶם וְטָבַלְתְּ פִּתֵּךְ בַּחֹמֶץ וַתֵּשֶׁב מִצַּד הַקּוֹצְרִים וַיִּצְבָּט לָהּ קָלִי וַתֹּאכַל וַתִּשְׂבַּע וַתֹּתַר","rdfs:label":"רות ב יד","jbo:sefer":"jbr:tanach-31","titles":[{"title":"רות ב יד"},{"title":"רות פרק ב פסוק יד"}]},{"uri":"jbr:tanach-31-2-15","jbo:text":"ותקם ללקט ויצו בעז את נעריו לאמר גם בין העמרים תלקט ולא תכלימוה","jbo:textNikud":"וַתָּקָם לְלַקֵּט וַיְצַו בֹּעַז אֶת נְעָרָיו לֵאמֹר גַּם בֵּין הָעֳמָרִים תְּלַקֵּט וְלֹא תַכְלִימוּהָ","rdfs:label":"רות ב טו","jbo:sefer":"jbr:tanach-31","titles":[{"title":"רות ב טו"},{"title":"רות פרק ב פסוק טו"}]},{"uri":"jbr:tanach-31-2-16","jbo:text":"וגם של תשלו לה מן הצבתים ועזבתם ולקטה ולא תגערו בה","jbo:textNikud":"וְגַם שֹׁל תָּשֹׁלּוּ לָהּ מִן הַצְּבָתִים וַעֲזַבְתֶּם וְלִקְּטָה וְלֹא תִגְעֲרוּ בָהּ","rdfs:label":"רות ב טז","jbo:sefer":"jbr:tanach-31","titles":[{"title":"רות ב טז"},{"title":"רות פרק ב פסוק טז"}]},{"uri":"jbr:tanach-31-2-17","jbo:text":"ותלקט בשדה עד הערב ותחבט את אשר לקטה ויהי כאיפה שערים","jbo:textNikud":"וַתְּלַקֵּט בַּשָּׂדֶה עַד הָעָרֶב וַתַּחְבֹּט אֵת אֲשֶׁר לִקֵּטָה וַיְהִי כְּאֵיפָה שְׂעֹרִים","rdfs:label":"רות ב יז","jbo:sefer":"jbr:tanach-31","titles":[{"title":"רות ב יז"},{"title":"רות פרק ב פסוק יז"}]},{"uri":"jbr:tanach-31-2-18","jbo:text":"ותשא ותבוא העיר ותרא חמותה את אשר לקטה ותוצא ותתן לה את אשר הותרה משבעה","jbo:textNikud":"וַתִּשָּׂא וַתָּבוֹא הָעִיר וַתֵּרֶא חֲמוֹתָהּ אֵת אֲשֶׁר לִקֵּטָה וַתּוֹצֵא וַתִּתֶּן לָהּ אֵת אֲשֶׁר הוֹתִרָה מִשָּׂבְעָהּ","rdfs:label":"רות ב יח","jbo:sefer":"jbr:tanach-31","titles":[{"title":"רות ב יח"},{"title":"רות פרק ב פסוק יח"}]},{"uri":"jbr:tanach-31-2-19","jbo:text":"ותאמר לה חמותה איפה לקטת היום ואנה עשית יהי מכירך ברוך ותגד לחמותה את אשר עשתה עמו ותאמר שם האיש אשר עשיתי עמו היום בעז","jbo:textNikud":"וַתֹּאמֶר לָהּ חֲמוֹתָהּ אֵיפֹה לִקַּטְתְּ הַיּוֹם וְאָנָה עָשִׂית יְהִי מַכִּירֵךְ בָּרוּךְ וַתַּגֵּד לַחֲמוֹתָהּ אֵת אֲשֶׁר עָשְׂתָה עִמּוֹ וַתֹּאמֶר שֵׁם הָאִישׁ אֲשֶׁר עָשִׂיתִי עִמּוֹ הַיּוֹם בֹּעַז","rdfs:label":"רות ב יט","jbo:sefer":"jbr:tanach-31","titles":[{"title":"רות ב יט"},{"title":"רות פרק ב פסוק יט"}]},{"uri":"jbr:tanach-31-2-20","jbo:text":"ותאמר נעמי לכלתה ברוך הוא ליהוה אשר לא עזב חסדו את החיים ואת המתים ותאמר לה נעמי קרוב לנו האיש מגאלנו הוא","jbo:textNikud":"וַתֹּאמֶר נָעֳמִי לְכַלָּתָהּ בָּרוּךְ הוּא לַיהוָה אֲשֶׁר לֹא עָזַב חַסְדּוֹ אֶת הַחַיִּים וְאֶת הַמֵּתִים וַתֹּאמֶר לָהּ נָעֳמִי קָרוֹב לָנוּ הָאִישׁ מִגֹּאֲלֵנוּ הוּא","rdfs:label":"רות ב כ","jbo:sefer":"jbr:tanach-31","titles":[{"title":"רות ב כ"},{"title":"רות פרק ב פסוק כ"}]},{"uri":"jbr:tanach-31-2-21","jbo:text":"ותאמר רות המואביה גם כי אמר אלי עם הנערים אשר לי תדבקין עד אם כלו את כל הקציר אשר לי","jbo:textNikud":"וַתֹּאמֶר רוּת הַמּוֹאֲבִיָּה גַּם כִּי אָמַר אֵלַי עִם הַנְּעָרִים אֲשֶׁר לִי תִּדְבָּקִין עַד אִם כִּלּוּ אֵת כָּל הַקָּצִיר אֲשֶׁר לִי","rdfs:label":"רות ב כא","jbo:sefer":"jbr:tanach-31","titles":[{"title":"רות ב כא"},{"title":"רות פרק ב פסוק כא"}]},{"uri":"jbr:tanach-31-2-22","jbo:text":"ותאמר נעמי אל רות כלתה טוב בתי כי תצאי עם נערותיו ולא יפגעו בך בשדה אחר","jbo:textNikud":"וַתֹּאמֶר נָעֳמִי אֶל רוּת כַּלָּתָהּ טוֹב בִּתִּי כִּי תֵצְאִי עִם נַעֲרוֹתָיו וְלֹא יִפְגְּעוּ בָךְ בְּשָׂדֶה אַחֵר","rdfs:label":"רות ב כב","jbo:sefer":"jbr:tanach-31","titles":[{"title":"רות ב כב"},{"title":"רות פרק ב פסוק כב"}]},{"uri":"jbr:tanach-31-2-23","jbo:text":"ותדבק בנערות בעז ללקט עד כלות קציר השערים וקציר החטים ותשב את חמותה","jbo:textNikud":"וַתִּדְבַּק בְּנַעֲרוֹת בֹּעַז לְלַקֵּט עַד כְּלוֹת קְצִיר הַשְּׂעֹרִים וּקְצִיר הַחִטִּים וַתֵּשֶׁב אֶת חֲמוֹתָהּ","rdfs:label":"רות ב כג","jbo:sefer":"jbr:tanach-31","titles":[{"title":"רות ב כג"},{"title":"רות פרק ב פסוק כג"}]},{"uri":"jbr:tanach-31-3-1","jbo:text":"ותאמר לה נעמי חמותה בתי הלא אבקש לך מנוח אשר ייטב לך","jbo:textNikud":"וַתֹּאמֶר לָהּ נָעֳמִי חֲמוֹתָהּ בִּתִּי הֲלֹא אֲבַקֶּשׁ לָךְ מָנוֹחַ אֲשֶׁר יִיטַב לָךְ","rdfs:label":"רות ג א","jbo:sefer":"jbr:tanach-31","titles":[{"title":"רות ג א"},{"title":"רות פרק ג פסוק א"}]},{"uri":"jbr:tanach-31-3-2","jbo:text":"ועתה הלא בעז מדעתנו אשר היית את נערותיו הנה הוא זרה את גרן השערים הלילה","jbo:textNikud":"וְעַתָּה הֲלֹא בֹעַז מֹדַעְתָּנוּ אֲשֶׁר הָיִית אֶת נַעֲרוֹתָיו הִנֵּה הוּא זֹרֶה אֶת גֹּרֶן הַשְּׂעֹרִים הַלָּיְלָה","rdfs:label":"רות ג ב","jbo:sefer":"jbr:tanach-31","titles":[{"title":"רות ג ב"},{"title":"רות פרק ג פסוק ב"}]},{"uri":"jbr:tanach-31-3-3","jbo:text":"ורחצת וסכת ושמת (שמלתך) שמלתיך עליך (וירדתי) וירדת הגרן אל תודעי לאיש עד כלתו לאכל ולשתות","jbo:textNikud":"וְרָחַצְתְּ וָסַכְתְּ וְשַׂמְתְּ (שמלתך) שִׂמְלֹתַיִךְ עָלַיִךְ (וירדתי) וְיָרַדְתְּ הַגֹּרֶן אַל תִּוָּדְעִי לָאִישׁ עַד כַּלֹּתוֹ לֶאֱכֹל וְלִשְׁתּוֹת","rdfs:label":"רות ג ג","jbo:sefer":"jbr:tanach-31","titles":[{"title":"רות ג ג"},{"title":"רות פרק ג פסוק ג"}]},{"uri":"jbr:tanach-31-3-4","jbo:text":"ויהי בשכבו וידעת את המקום אשר ישכב שם ובאת וגלית מרגלתיו (ושכבתי) ושכבת והוא יגיד לך את אשר תעשין","jbo:textNikud":"וִיהִי בְשָׁכְבוֹ וְיָדַעַתְּ אֶת הַמָּקוֹם אֲשֶׁר יִשְׁכַּב שָׁם וּבָאת וְגִלִּית מַרְגְּלֹתָיו (ושכבתי) וְשָׁכָבְתְּ וְהוּא יַגִּיד לָךְ אֵת אֲשֶׁר תַּעֲשִׂין","rdfs:label":"רות ג ד","jbo:sefer":"jbr:tanach-31","titles":[{"title":"רות ג ד"},{"title":"רות פרק ג פסוק ד"}]},{"uri":"jbr:tanach-31-3-5","jbo:text":"ותאמר אליה כל אשר תאמרי אלי אעשה","jbo:textNikud":"וַתֹּאמֶר אֵלֶיהָ כֹּל אֲשֶׁר תֹּאמְרִי אֵלַי אֶעֱשֶׂה","rdfs:label":"רות ג ה","jbo:sefer":"jbr:tanach-31","titles":[{"title":"רות ג ה"},{"title":"רות פרק ג פסוק ה"}]},{"uri":"jbr:tanach-31-3-6","jbo:text":"ותרד הגרן ותעש ככל אשר צותה חמותה","jbo:textNikud":"וַתֵּרֶד הַגֹּרֶן וַתַּעַשׂ כְּכֹל אֲשֶׁר צִוַּתָּה חֲמוֹתָהּ","rdfs:label":"רות ג ו","jbo:sefer":"jbr:tanach-31","titles":[{"title":"רות ג ו"},{"title":"רות פרק ג פסוק ו"}]},{"uri":"jbr:tanach-31-3-7","jbo:text":"ויאכל בעז וישת וייטב לבו ויבא לשכב בקצה הערמה ותבא בלט ותגל מרגלתיו ותשכב","jbo:textNikud":"וַיֹּאכַל בֹּעַז וַיֵּשְׁתְּ וַיִּיטַב לִבּוֹ וַיָּבֹא לִשְׁכַּב בִּקְצֵה הָעֲרֵמָה וַתָּבֹא בַלָּט וַתְּגַל מַרְגְּלֹתָיו וַתִּשְׁכָּב","rdfs:label":"רות ג ז","jbo:sefer":"jbr:tanach-31","titles":[{"title":"רות ג ז"},{"title":"רות פרק ג פסוק ז"}]},{"uri":"jbr:tanach-31-3-8","jbo:text":"ויהי בחצי הלילה ויחרד האיש וילפת והנה אשה שכבת מרגלתיו","jbo:textNikud":"וַיְהִי בַּחֲצִי הַלַּיְלָה וַיֶּחֱרַד הָאִישׁ וַיִּלָּפֵת וְהִנֵּה אִשָּׁה שֹׁכֶבֶת מַרְגְּלֹתָיו","rdfs:label":"רות ג ח","jbo:sefer":"jbr:tanach-31","titles":[{"title":"רות ג ח"},{"title":"רות פרק ג פסוק ח"}]},{"uri":"jbr:tanach-31-3-9","jbo:text":"ויאמר מי את ותאמר אנכי רות אמתך ופרשת כנפך על אמתך כי גאל אתה","jbo:textNikud":"וַיֹּאמֶר מִי אָתּ וַתֹּאמֶר אָנֹכִי רוּת אֲמָתֶךָ וּפָרַשְׂתָּ כְנָפֶךָ עַל אֲמָתְךָ כִּי גֹאֵל אָתָּה","rdfs:label":"רות ג ט","jbo:sefer":"jbr:tanach-31","titles":[{"title":"רות ג ט"},{"title":"רות פרק ג פסוק ט"}]},{"uri":"jbr:tanach-31-3-10","jbo:text":"ויאמר ברוכה את ליהוה בתי היטבת חסדך האחרון מן הראשון לבלתי לכת אחרי הבחורים אם דל ואם עשיר","jbo:textNikud":"וַיֹּאמֶר בְּרוּכָה אַתְּ לַיהוָה בִּתִּי הֵיטַבְתְּ חַסְדֵּךְ הָאַחֲרוֹן מִן הָרִאשׁוֹן לְבִלְתִּי לֶכֶת אַחֲרֵי הַבַּחוּרִים אִם דַּל וְאִם עָשִׁיר","rdfs:label":"רות ג י","jbo:sefer":"jbr:tanach-31","titles":[{"title":"רות ג י"},{"title":"רות פרק ג פסוק י"}]},{"uri":"jbr:tanach-31-3-11","jbo:text":"ועתה בתי אל תיראי כל אשר תאמרי אעשה לך כי יודע כל שער עמי כי אשת חיל את","jbo:textNikud":"וְעַתָּה בִּתִּי אַל תִּירְאִי כֹּל אֲשֶׁר תֹּאמְרִי אֶעֱשֶׂה לָּךְ כִּי יוֹדֵעַ כָּל שַׁעַר עַמִּי כִּי אֵשֶׁת חַיִל אָתְּ","rdfs:label":"רות ג יא","jbo:sefer":"jbr:tanach-31","titles":[{"title":"רות ג יא"},{"title":"רות פרק ג פסוק יא"}]},{"uri":"jbr:tanach-31-3-12","jbo:text":"ועתה כי אמנם כי (אם) גאל אנכי וגם יש גאל קרוב ממני","jbo:textNikud":"וְעַתָּה כִּי אָמְנָם כִּי (אם) גֹאֵל אָנֹכִי וְגַם יֵשׁ גֹּאֵל קָרוֹב מִמֶּנִּי","rdfs:label":"רות ג יב","jbo:sefer":"jbr:tanach-31","titles":[{"title":"רות ג יב"},{"title":"רות פרק ג פסוק יב"}]},{"uri":"jbr:tanach-31-3-13","jbo:text":"ליני הלילה והיה בבקר אם יגאלך טוב יגאל ואם לא יחפץ לגאלך וגאלתיך אנכי חי יהוה שכבי עד הבקר","jbo:textNikud":"לִינִי הַלַּיְלָה וְהָיָה בַבֹּקֶר אִם יִגְאָלֵךְ טוֹב יִגְאָל וְאִם לֹא יַחְפֹּץ לְגָאֳלֵךְ וּגְאַלְתִּיךְ אָנֹכִי חַי יְהוָה שִׁכְבִי עַד הַבֹּקֶר","rdfs:label":"רות ג יג","jbo:sefer":"jbr:tanach-31","titles":[{"title":"רות ג יג"},{"title":"רות פרק ג פסוק יג"}]},{"uri":"jbr:tanach-31-3-14","jbo:text":"ותשכב (מרגלתו) מרגלותיו עד הבקר ותקם (בטרום) בטרם יכיר איש את רעהו ויאמר אל יודע כי באה האשה הגרן","jbo:textNikud":"וַתִּשְׁכַּב (מרגלתו) מַרְגְּלוֹתָיו עַד הַבֹּקֶר וַתָּקָם (בטרום) בְּטֶרֶם יַכִּיר אִישׁ אֶת רֵעֵהוּ וַיֹּאמֶר אַל יִוָּדַע כִּי בָאָה הָאִשָּׁה הַגֹּרֶן","rdfs:label":"רות ג יד","jbo:sefer":"jbr:tanach-31","titles":[{"title":"רות ג יד"},{"title":"רות פרק ג פסוק יד"}]},{"uri":"jbr:tanach-31-3-15","jbo:text":"ויאמר הבי המטפחת אשר עליך ואחזי בה ותאחז בה וימד שש שערים וישת עליה ויבא העיר","jbo:textNikud":"וַיֹּאמֶר הָבִי הַמִּטְפַּחַת אֲשֶׁר עָלַיִךְ וְאֶחֳזִי בָהּ וַתֹּאחֶז בָּהּ וַיָּמָד שֵׁשׁ שְׂעֹרִים וַיָּשֶׁת עָלֶיהָ וַיָּבֹא הָעִיר","rdfs:label":"רות ג טו","jbo:sefer":"jbr:tanach-31","titles":[{"title":"רות ג טו"},{"title":"רות פרק ג פסוק טו"}]},{"uri":"jbr:tanach-31-3-16","jbo:text":"ותבוא אל חמותה ותאמר מי את בתי ותגד לה את כל אשר עשה לה האיש","jbo:textNikud":"וַתָּבוֹא אֶל חֲמוֹתָהּ וַתֹּאמֶר מִי אַתְּ בִּתִּי וַתַּגֶּד לָהּ אֵת כָּל אֲשֶׁר עָשָׂה לָהּ הָאִישׁ","rdfs:label":"רות ג טז","jbo:sefer":"jbr:tanach-31","titles":[{"title":"רות ג טז"},{"title":"רות פרק ג פסוק טז"}]},{"uri":"jbr:tanach-31-3-17","jbo:text":"ותאמר שש השערים האלה נתן לי כי אמר אלי אל תבואי ריקם אל חמותך","jbo:textNikud":"וַתֹּאמֶר שֵׁשׁ הַשְּׂעֹרִים הָאֵלֶּה נָתַן לִי כִּי אָמַר אֵלַי אַל תָּבוֹאִי רֵיקָם אֶל חֲמוֹתֵךְ","rdfs:label":"רות ג יז","jbo:sefer":"jbr:tanach-31","titles":[{"title":"רות ג יז"},{"title":"רות פרק ג פסוק יז"}]},{"uri":"jbr:tanach-31-3-18","jbo:text":"ותאמר שבי בתי עד אשר תדעין איך יפל דבר כי לא ישקט האיש כי אם כלה הדבר היום","jbo:textNikud":"וַתֹּאמֶר שְׁבִי בִתִּי עַד אֲשֶׁר תֵּדְעִין אֵיךְ יִפֹּל דָּבָר כִּי לֹא יִשְׁקֹט הָאִישׁ כִּי אִם כִּלָּה הַדָּבָר הַיּוֹם","rdfs:label":"רות ג יח","jbo:sefer":"jbr:tanach-31","titles":[{"title":"רות ג יח"},{"title":"רות פרק ג פסוק יח"}]},{"uri":"jbr:tanach-31-4-1","jbo:text":"ובעז עלה השער וישב שם והנה הגאל עבר אשר דבר בעז ויאמר סורה שבה פה פלני אלמני ויסר וישב","jbo:textNikud":"וּבֹעַז עָלָה הַשַּׁעַר וַיֵּשֶׁב שָׁם וְהִנֵּה הַגֹּאֵל עֹבֵר אֲשֶׁר דִּבֶּר בֹּעַז וַיֹּאמֶר סוּרָה שְׁבָה פֹּה פְּלֹנִי אַלְמֹנִי וַיָּסַר וַיֵּשֵׁב","rdfs:label":"רות ד א","jbo:sefer":"jbr:tanach-31","titles":[{"title":"רות ד א"},{"title":"רות פרק ד פסוק א"}]},{"uri":"jbr:tanach-31-4-2","jbo:text":"ויקח עשרה אנשים מזקני העיר ויאמר שבו פה וישבו","jbo:textNikud":"וַיִּקַּח עֲשָׂרָה אֲנָשִׁים מִזִּקְנֵי הָעִיר וַיֹּאמֶר שְׁבוּ פֹה וַיֵּשֵׁבוּ","rdfs:label":"רות ד ב","jbo:sefer":"jbr:tanach-31","titles":[{"title":"רות ד ב"},{"title":"רות פרק ד פסוק ב"}]},{"uri":"jbr:tanach-31-4-3","jbo:text":"ויאמר לגאל חלקת השדה אשר לאחינו לאלימלך מכרה נעמי השבה משדה מואב","jbo:textNikud":"וַיֹּאמֶר לַגֹּאֵל חֶלְקַת הַשָּׂדֶה אֲשֶׁר לְאָחִינוּ לֶאֱלִימֶלֶךְ מָכְרָה נָעֳמִי הַשָּׁבָה מִשְּׂדֵה מוֹאָב","rdfs:label":"רות ד ג","jbo:sefer":"jbr:tanach-31","titles":[{"title":"רות ד ג"},{"title":"רות פרק ד פסוק ג"}]},{"uri":"jbr:tanach-31-4-4","jbo:text":"ואני אמרתי אגלה אזנך לאמר קנה נגד הישבים ונגד זקני עמי אם תגאל גאל ואם לא יגאל הגידה לי (ואדע) ואדעה כי אין זולתך לגאול ואנכי אחריך ויאמר אנכי אגאל","jbo:textNikud":"וַאֲנִי אָמַרְתִּי אֶגְלֶה אָזְנְךָ לֵאמֹר קְנֵה נֶגֶד הַיֹּשְׁבִים וְנֶגֶד זִקְנֵי עַמִּי אִם תִּגְאַל גְּאָל וְאִם לֹא יִגְאַל הַגִּידָה לִּי (ואדע) וְאֵדְעָה כִּי אֵין זוּלָתְךָ לִגְאוֹל וְאָנֹכִי אַחֲרֶיךָ וַיֹּאמֶר אָנֹכִי אֶגְאָל","rdfs:label":"רות ד ד","jbo:sefer":"jbr:tanach-31","titles":[{"title":"רות ד ד"},{"title":"רות פרק ד פסוק ד"}]},{"uri":"jbr:tanach-31-4-5","jbo:text":"ויאמר בעז ביום קנותך השדה מיד נעמי ומאת רות המואביה אשת המת (קניתי) קניתה להקים שם המת על נחלתו","jbo:textNikud":"וַיֹּאמֶר בֹּעַז בְּיוֹם קְנוֹתְךָ הַשָּׂדֶה מִיַּד נָעֳמִי וּמֵאֵת רוּת הַמּוֹאֲבִיָּה אֵשֶׁת הַמֵּת (קניתי) קָנִיתָה לְהָקִים שֵׁם הַמֵּת עַל נַחֲלָתוֹ","rdfs:label":"רות ד ה","jbo:sefer":"jbr:tanach-31","titles":[{"title":"רות ד ה"},{"title":"רות פרק ד פסוק ה"}]},{"uri":"jbr:tanach-31-4-6","jbo:text":"ויאמר הגאל לא אוכל (לגאול) לגאל לי פן אשחית את נחלתי גאל לך אתה את גאלתי כי לא אוכל לגאל","jbo:textNikud":"וַיֹּאמֶר הַגֹּאֵל לֹא אוּכַל (לגאול) לִגְאָל לִי פֶּן אַשְׁחִית אֶת נַחֲלָתִי גְּאַל לְךָ אַתָּה אֶת גְּאֻלָּתִי כִּי לֹא אוּכַל לִגְאֹל","rdfs:label":"רות ד ו","jbo:sefer":"jbr:tanach-31","titles":[{"title":"רות ד ו"},{"title":"רות פרק ד פסוק ו"}]},{"uri":"jbr:tanach-31-4-7","jbo:text":"וזאת לפנים בישראל על הגאולה ועל התמורה לקים כל דבר שלף איש נעלו ונתן לרעהו וזאת התעודה בישראל","jbo:textNikud":"וְזֹאת לְפָנִים בְּיִשְׂרָאֵל עַל הַגְּאוּלָּה וְעַל הַתְּמוּרָה לְקַיֵּם כָּל דָּבָר שָׁלַף אִישׁ נַעֲלוֹ וְנָתַן לְרֵעֵהוּ וְזֹאת הַתְּעוּדָה בְּיִשְׂרָאֵל","rdfs:label":"רות ד ז","jbo:sefer":"jbr:tanach-31","titles":[{"title":"רות ד ז"},{"title":"רות פרק ד פסוק ז"}]},{"uri":"jbr:tanach-31-4-8","jbo:text":"ויאמר הגאל לבעז קנה לך וישלף נעלו","jbo:textNikud":"וַיֹּאמֶר הַגֹּאֵל לְבֹעַז קְנֵה לָךְ וַיִּשְׁלֹף נַעֲלוֹ","rdfs:label":"רות ד ח","jbo:sefer":"jbr:tanach-31","titles":[{"title":"רות ד ח"},{"title":"רות פרק ד פסוק ח"}]},{"uri":"jbr:tanach-31-4-9","jbo:text":"ויאמר בעז לזקנים וכל העם עדים אתם היום כי קניתי את כל אשר לאלימלך ואת כל אשר לכליון ומחלון מיד נעמי","jbo:textNikud":"וַיֹּאמֶר בֹּעַז לַזְּקֵנִים וְכָל הָעָם עֵדִים אַתֶּם הַיּוֹם כִּי קָנִיתִי אֶת כָּל אֲשֶׁר לֶאֱלִימֶלֶךְ וְאֵת כָּל אֲשֶׁר לְכִלְיוֹן וּמַחְלוֹן מִיַּד נָעֳמִי","rdfs:label":"רות ד ט","jbo:sefer":"jbr:tanach-31","titles":[{"title":"רות ד ט"},{"title":"רות פרק ד פסוק ט"}]},{"uri":"jbr:tanach-31-4-10","jbo:text":"וגם את רות המאביה אשת מחלון קניתי לי לאשה להקים שם המת על נחלתו ולא יכרת שם המת מעם אחיו ומשער מקומו עדים אתם היום","jbo:textNikud":"וְגַם אֶת רוּת הַמֹּאֲבִיָּה אֵשֶׁת מַחְלוֹן קָנִיתִי לִי לְאִשָּׁה לְהָקִים שֵׁם הַמֵּת עַל נַחֲלָתוֹ וְלֹא יִכָּרֵת שֵׁם הַמֵּת מֵעִם אֶחָיו וּמִשַּׁעַר מְקוֹמוֹ עֵדִים אַתֶּם הַיּוֹם","rdfs:label":"רות ד י","jbo:sefer":"jbr:tanach-31","titles":[{"title":"רות ד י"},{"title":"רות פרק ד פסוק י"}]},{"uri":"jbr:tanach-31-4-11","jbo:text":"ויאמרו כל העם אשר בשער והזקנים עדים יתן יהוה את האשה הבאה אל ביתך כרחל וכלאה אשר בנו שתיהם את בית ישראל ועשה חיל באפרתה וקרא שם בבית לחם","jbo:textNikud":"וַיֹּאמְרוּ כָּל הָעָם אֲשֶׁר בַּשַּׁעַר וְהַזְּקֵנִים עֵדִים יִתֵּן יְהוָה אֶת הָאִשָּׁה הַבָּאָה אֶל בֵּיתֶךָ כְּרָחֵל וּכְלֵאָה אֲשֶׁר בָּנוּ שְׁתֵּיהֶם אֶת בֵּית יִשְׂרָאֵל וַעֲשֵׂה חַיִל בְּאֶפְרָתָה וּקְרָא שֵׁם בְּבֵית לָחֶם","rdfs:label":"רות ד יא","jbo:sefer":"jbr:tanach-31","titles":[{"title":"רות ד יא"},{"title":"רות פרק ד פסוק יא"}]},{"uri":"jbr:tanach-31-4-12","jbo:text":"ויהי ביתך כבית פרץ אשר ילדה תמר ליהודה מן הזרע אשר יתן יהוה לך מן הנערה הזאת","jbo:textNikud":"וִיהִי בֵיתְךָ כְּבֵית פֶּרֶץ אֲשֶׁר יָלְדָה תָמָר לִיהוּדָה מִן הַזֶּרַע אֲשֶׁר יִתֵּן יְהוָה לְךָ מִן הַנַּעֲרָה הַזֹּאת","rdfs:label":"רות ד יב","jbo:sefer":"jbr:tanach-31","titles":[{"title":"רות ד יב"},{"title":"רות פרק ד פסוק יב"}]},{"uri":"jbr:tanach-31-4-13","jbo:text":"ויקח בעז את רות ותהי לו לאשה ויבא אליה ויתן יהוה לה הריון ותלד בן","jbo:textNikud":"וַיִּקַּח בֹּעַז אֶת רוּת וַתְּהִי לוֹ לְאִשָּׁה וַיָּבֹא אֵלֶיהָ וַיִּתֵּן יְהוָה לָהּ הֵרָיוֹן וַתֵּלֶד בֵּן","rdfs:label":"רות ד יג","jbo:sefer":"jbr:tanach-31","titles":[{"title":"רות ד יג"},{"title":"רות פרק ד פסוק יג"}]},{"uri":"jbr:tanach-31-4-14","jbo:text":"ותאמרנה הנשים אל נעמי ברוך יהוה אשר לא השבית לך גאל היום ויקרא שמו בישראל","jbo:textNikud":"וַתֹּאמַרְנָה הַנָּשִׁים אֶל נָעֳמִי בָּרוּךְ יְהוָה אֲשֶׁר לֹא הִשְׁבִּית לָךְ גֹּאֵל הַיּוֹם וְיִקָּרֵא שְׁמוֹ בְּיִשְׂרָאֵל","rdfs:label":"רות ד יד","jbo:sefer":"jbr:tanach-31","titles":[{"title":"רות ד יד"},{"title":"רות פרק ד פסוק יד"}]},{"uri":"jbr:tanach-31-4-15","jbo:text":"והיה לך למשיב נפש ולכלכל את שיבתך כי כלתך אשר אהבתך ילדתו אשר היא טובה לך משבעה בנים","jbo:textNikud":"וְהָיָה לָךְ לְמֵשִׁיב נֶפֶשׁ וּלְכַלְכֵּל אֶת שֵׂיבָתֵךְ כִּי כַלָּתֵךְ אֲשֶׁר אֲהֵבַתֶךְ יְלָדַתּוּ אֲשֶׁר הִיא טוֹבָה לָךְ מִשִּׁבְעָה בָּנִים","rdfs:label":"רות ד טו","jbo:sefer":"jbr:tanach-31","titles":[{"title":"רות ד טו"},{"title":"רות פרק ד פסוק טו"}]},{"uri":"jbr:tanach-31-4-16","jbo:text":"ותקח נעמי את הילד ותשתהו בחיקה ותהי לו לאמנת","jbo:textNikud":"וַתִּקַּח נָעֳמִי אֶת הַיֶּלֶד וַתְּשִׁתֵהוּ בְחֵיקָהּ וַתְּהִי לוֹ לְאֹמֶנֶת","rdfs:label":"רות ד טז","jbo:sefer":"jbr:tanach-31","titles":[{"title":"רות ד טז"},{"title":"רות פרק ד פסוק טז"}]},{"uri":"jbr:tanach-31-4-17","jbo:text":"ותקראנה לו השכנות שם לאמר ילד בן לנעמי ותקראנה שמו עובד הוא אבי ישי אבי דוד","jbo:textNikud":"וַתִּקְרֶאנָה לוֹ הַשְּׁכֵנוֹת שֵׁם לֵאמֹר יֻלַּד בֵּן לְנָעֳמִי וַתִּקְרֶאנָה שְׁמוֹ עוֹבֵד הוּא אֲבִי יִשַׁי אֲבִי דָוִד","rdfs:label":"רות ד יז","jbo:sefer":"jbr:tanach-31","titles":[{"title":"רות ד יז"},{"title":"רות פרק ד פסוק יז"}]},{"uri":"jbr:tanach-31-4-18","jbo:text":"ואלה תולדות פרץ פרץ הוליד את חצרון","jbo:textNikud":"וְאֵלֶּה תּוֹלְדוֹת פָּרֶץ פֶּרֶץ הוֹלִיד אֶת חֶצְרוֹן","rdfs:label":"רות ד יח","jbo:sefer":"jbr:tanach-31","titles":[{"title":"רות ד יח"},{"title":"רות פרק ד פסוק יח"}]},{"uri":"jbr:tanach-31-4-19","jbo:text":"וחצרון הוליד את רם ורם הוליד את עמינדב","jbo:textNikud":"וְחֶצְרוֹן הוֹלִיד אֶת רָם וְרָם הוֹלִיד אֶת עַמִּינָדָב","rdfs:label":"רות ד יט","jbo:sefer":"jbr:tanach-31","titles":[{"title":"רות ד יט"},{"title":"רות פרק ד פסוק יט"}]},{"uri":"jbr:tanach-31-4-20","jbo:text":"ועמינדב הוליד את נחשון ונחשון הוליד את שלמה","jbo:textNikud":"וְעַמִּינָדָב הוֹלִיד אֶת נַחְשׁוֹן וְנַחְשׁוֹן הוֹלִיד אֶת שַׂלְמָה","rdfs:label":"רות ד כ","jbo:sefer":"jbr:tanach-31","titles":[{"title":"רות ד כ"},{"title":"רות פרק ד פסוק כ"}]},{"uri":"jbr:tanach-31-4-21","jbo:text":"ושלמון הוליד את בעז ובעז הוליד את עובד","jbo:textNikud":"וְשַׂלְמוֹן הוֹלִיד אֶת בֹּעַז וּבֹעַז הוֹלִיד אֶת עוֹבֵד","rdfs:label":"רות ד כא","jbo:sefer":"jbr:tanach-31","titles":[{"title":"רות ד כא"},{"title":"רות פרק ד פסוק כא"}]},{"uri":"jbr:tanach-31-4-22","jbo:text":"ועבד הוליד את ישי וישי הוליד את דוד","jbo:textNikud":"וְעֹבֵד הוֹלִיד אֶת יִשָׁי וְיִשַׁי הוֹלִיד אֶת דָּוִד","rdfs:label":"רות ד כב","jbo:sefer":"jbr:tanach-31","titles":[{"title":"רות ד כב"},{"title":"רות פרק ד פסוק כב"}]}]}