{"subjects":[{"uri":"jbr:tanach-17-1-1","jbo:text":"דברי עמוס אשר היה בנקדים מתקוע אשר חזה על ישראל בימי עזיה מלך יהודה ובימי ירבעם בן יואש מלך ישראל שנתים לפני הרעש","jbo:textNikud":"דִּבְרֵי עָמוֹס אֲשֶׁר הָיָה בַנֹּקְדִים מִתְּקוֹעַ אֲשֶׁר חָזָה עַל יִשְׂרָאֵל בִּימֵי עֻזִּיָּה מֶלֶךְ יְהוּדָה וּבִימֵי יָרָבְעָם בֶּן יוֹאָשׁ מֶלֶךְ יִשְׂרָאֵל שְׁנָתַיִם לִפְנֵי הָרָעַשׁ","rdfs:label":"עמוס א א","jbo:sefer":"jbr:tanach-17","titles":[{"title":"עמוס א א"},{"title":"עמוס פרק א פסוק א"}]},{"uri":"jbr:tanach-17-1-2","jbo:text":"ויאמר יהוה מציון ישאג ומירושלם יתן קולו ואבלו נאות הרעים ויבש ראש הכרמל","jbo:textNikud":"וַיֹּאמַר יְהוָה מִצִּיּוֹן יִשְׁאָג וּמִירוּשָׁלִַם יִתֵּן קוֹלוֹ וְאָבְלוּ נְאוֹת הָרֹעִים וְיָבֵשׁ רֹאשׁ הַכַּרְמֶל","rdfs:label":"עמוס א ב","jbo:sefer":"jbr:tanach-17","titles":[{"title":"עמוס א ב"},{"title":"עמוס פרק א פסוק ב"}]},{"uri":"jbr:tanach-17-1-3","jbo:text":"כה אמר יהוה על שלשה פשעי דמשק ועל ארבעה לא אשיבנו על דושם בחרצות הברזל את הגלעד","jbo:textNikud":"כֹּה אָמַר יְהוָה עַל שְׁלֹשָׁה פִּשְׁעֵי דַמֶּשֶׂק וְעַל אַרְבָּעָה לֹא אֲשִׁיבֶנּוּ עַל דּוּשָׁם בַּחֲרֻצוֹת הַבַּרְזֶל אֶת הַגִּלְעָד","rdfs:label":"עמוס א ג","jbo:sefer":"jbr:tanach-17","titles":[{"title":"עמוס א ג"},{"title":"עמוס פרק א פסוק ג"}]},{"uri":"jbr:tanach-17-1-4","jbo:text":"ושלחתי אש בבית חזאל ואכלה ארמנות בן הדד","jbo:textNikud":"וְשִׁלַּחְתִּי אֵשׁ בְּבֵית חֲזָאֵל וְאָכְלָה אַרְמְנוֹת בֶּן הֲדָד","rdfs:label":"עמוס א ד","jbo:sefer":"jbr:tanach-17","titles":[{"title":"עמוס א ד"},{"title":"עמוס פרק א פסוק ד"}]},{"uri":"jbr:tanach-17-1-5","jbo:text":"ושברתי בריח דמשק והכרתי יושב מבקעת און ותומך שבט מבית עדן וגלו עם ארם קירה אמר יהוה","jbo:textNikud":"וְשָׁבַרְתִּי בְּרִיחַ דַּמֶּשֶׂק וְהִכְרַתִּי יוֹשֵׁב מִבִּקְעַת אָוֶן וְתוֹמֵךְ שֵׁבֶט מִבֵּית עֶדֶן וְגָלוּ עַם אֲרָם קִירָה אָמַר יְהוָה","rdfs:label":"עמוס א ה","jbo:sefer":"jbr:tanach-17","titles":[{"title":"עמוס א ה"},{"title":"עמוס פרק א פסוק ה"}]},{"uri":"jbr:tanach-17-1-6","jbo:text":"כה אמר יהוה על שלשה פשעי עזה ועל ארבעה לא אשיבנו על הגלותם גלות שלמה להסגיר לאדום","jbo:textNikud":"כֹּה אָמַר יְהוָה עַל שְׁלֹשָׁה פִּשְׁעֵי עַזָּה וְעַל אַרְבָּעָה לֹא אֲשִׁיבֶנּוּ עַל הַגְלוֹתָם גָּלוּת שְׁלֵמָה לְהַסְגִּיר לֶאֱדוֹם","rdfs:label":"עמוס א ו","jbo:sefer":"jbr:tanach-17","titles":[{"title":"עמוס א ו"},{"title":"עמוס פרק א פסוק ו"}]},{"uri":"jbr:tanach-17-1-7","jbo:text":"ושלחתי אש בחומת עזה ואכלה ארמנתיה","jbo:textNikud":"וְשִׁלַּחְתִּי אֵשׁ בְּחוֹמַת עַזָּה וְאָכְלָה אַרְמְנֹתֶיהָ","rdfs:label":"עמוס א ז","jbo:sefer":"jbr:tanach-17","titles":[{"title":"עמוס א ז"},{"title":"עמוס פרק א פסוק ז"}]},{"uri":"jbr:tanach-17-1-8","jbo:text":"והכרתי יושב מאשדוד ותומך שבט מאשקלון והשיבותי ידי על עקרון ואבדו שארית פלשתים אמר אדני יהוה","jbo:textNikud":"וְהִכְרַתִּי יוֹשֵׁב מֵאַשְׁדּוֹד וְתוֹמֵךְ שֵׁבֶט מֵאַשְׁקְלוֹן וַהֲשִׁיבוֹתִי יָדִי עַל עֶקְרוֹן וְאָבְדוּ שְׁאֵרִית פְּלִשְׁתִּים אָמַר אֲדֹנָי יְהוִה","rdfs:label":"עמוס א ח","jbo:sefer":"jbr:tanach-17","titles":[{"title":"עמוס א ח"},{"title":"עמוס פרק א פסוק ח"}]},{"uri":"jbr:tanach-17-1-9","jbo:text":"כה אמר יהוה על שלשה פשעי צר ועל ארבעה לא אשיבנו על הסגירם גלות שלמה לאדום ולא זכרו ברית אחים","jbo:textNikud":"כֹּה אָמַר יְהוָה עַל שְׁלֹשָׁה פִּשְׁעֵי צֹר וְעַל אַרְבָּעָה לֹא אֲשִׁיבֶנּוּ עַל הַסְגִּירָם גָּלוּת שְׁלֵמָה לֶאֱדוֹם וְלֹא זָכְרוּ בְּרִית אַחִים","rdfs:label":"עמוס א ט","jbo:sefer":"jbr:tanach-17","titles":[{"title":"עמוס א ט"},{"title":"עמוס פרק א פסוק ט"}]},{"uri":"jbr:tanach-17-1-10","jbo:text":"ושלחתי אש בחומת צר ואכלה ארמנתיה","jbo:textNikud":"וְשִׁלַּחְתִּי אֵשׁ בְּחוֹמַת צֹר וְאָכְלָה אַרְמְנֹתֶיהָ","rdfs:label":"עמוס א י","jbo:sefer":"jbr:tanach-17","titles":[{"title":"עמוס א י"},{"title":"עמוס פרק א פסוק י"}]},{"uri":"jbr:tanach-17-1-11","jbo:text":"כה אמר יהוה על שלשה פשעי אדום ועל ארבעה לא אשיבנו על רדפו בחרב אחיו ושחת רחמיו ויטרף לעד אפו ועברתו שמרה נצח","jbo:textNikud":"כֹּה אָמַר יְהוָה עַל שְׁלֹשָׁה פִּשְׁעֵי אֱדוֹם וְעַל אַרְבָּעָה לֹא אֲשִׁיבֶנּוּ עַל רָדְפוֹ בַחֶרֶב אָחִיו וְשִׁחֵת רַחֲמָיו וַיִּטְרֹף לָעַד אַפּוֹ וְעֶבְרָתוֹ שְׁמָרָה נֶצַח","rdfs:label":"עמוס א יא","jbo:sefer":"jbr:tanach-17","titles":[{"title":"עמוס א יא"},{"title":"עמוס פרק א פסוק יא"}]},{"uri":"jbr:tanach-17-1-12","jbo:text":"ושלחתי אש בתימן ואכלה ארמנות בצרה","jbo:textNikud":"וְשִׁלַּחְתִּי אֵשׁ בְּתֵימָן וְאָכְלָה אַרְמְנוֹת בָּצְרָה","rdfs:label":"עמוס א יב","jbo:sefer":"jbr:tanach-17","titles":[{"title":"עמוס א יב"},{"title":"עמוס פרק א פסוק יב"}]},{"uri":"jbr:tanach-17-1-13","jbo:text":"כה אמר יהוה על שלשה פשעי בני עמון ועל ארבעה לא אשיבנו על בקעם הרות הגלעד למען הרחיב את גבולם","jbo:textNikud":"כֹּה אָמַר יְהוָה עַל שְׁלֹשָׁה פִּשְׁעֵי בְנֵי עַמּוֹן וְעַל אַרְבָּעָה לֹא אֲשִׁיבֶנּוּ עַל בִּקְעָם הָרוֹת הַגִּלְעָד לְמַעַן הַרְחִיב אֶת גְּבוּלָם","rdfs:label":"עמוס א יג","jbo:sefer":"jbr:tanach-17","titles":[{"title":"עמוס א יג"},{"title":"עמוס פרק א פסוק יג"}]},{"uri":"jbr:tanach-17-1-14","jbo:text":"והצתי אש בחומת רבה ואכלה ארמנותיה בתרועה ביום מלחמה בסער ביום סופה","jbo:textNikud":"וְהִצַּתִּי אֵשׁ בְּחוֹמַת רַבָּה וְאָכְלָה אַרְמְנוֹתֶיהָ בִּתְרוּעָה בְּיוֹם מִלְחָמָה בְּסַעַר בְּיוֹם סוּפָה","rdfs:label":"עמוס א יד","jbo:sefer":"jbr:tanach-17","titles":[{"title":"עמוס א יד"},{"title":"עמוס פרק א פסוק יד"}]},{"uri":"jbr:tanach-17-1-15","jbo:text":"והלך מלכם בגולה הוא ושריו יחדו אמר יהוה","jbo:textNikud":"וְהָלַךְ מַלְכָּם בַּגּוֹלָה הוּא וְשָׂרָיו יַחְדָּו אָמַר יְהוָה","rdfs:label":"עמוס א טו","jbo:sefer":"jbr:tanach-17","titles":[{"title":"עמוס א טו"},{"title":"עמוס פרק א פסוק טו"}]},{"uri":"jbr:tanach-17-2-1","jbo:text":"כה אמר יהוה על שלשה פשעי מואב ועל ארבעה לא אשיבנו על שרפו עצמות מלך אדום לשיד","jbo:textNikud":"כֹּה אָמַר יְהוָה עַל שְׁלֹשָׁה פִּשְׁעֵי מוֹאָב וְעַל אַרְבָּעָה לֹא אֲשִׁיבֶנּוּ עַל שָׂרְפוֹ עַצְמוֹת מֶלֶךְ אֱדוֹם לַשִּׂיד","rdfs:label":"עמוס ב א","jbo:sefer":"jbr:tanach-17","titles":[{"title":"עמוס ב א"},{"title":"עמוס פרק ב פסוק א"}]},{"uri":"jbr:tanach-17-2-2","jbo:text":"ושלחתי אש במואב ואכלה ארמנות הקריות ומת בשאון מואב בתרועה בקול שופר","jbo:textNikud":"וְשִׁלַּחְתִּי אֵשׁ בְּמוֹאָב וְאָכְלָה אַרְמְנוֹת הַקְּרִיּוֹת וּמֵת בְּשָׁאוֹן מוֹאָב בִּתְרוּעָה בְּקוֹל שׁוֹפָר","rdfs:label":"עמוס ב ב","jbo:sefer":"jbr:tanach-17","titles":[{"title":"עמוס ב ב"},{"title":"עמוס פרק ב פסוק ב"}]},{"uri":"jbr:tanach-17-2-3","jbo:text":"והכרתי שופט מקרבה וכל שריה אהרוג עמו אמר יהוה","jbo:textNikud":"וְהִכְרַתִּי שׁוֹפֵט מִקִּרְבָּהּ וְכָל שָׂרֶיהָ אֶהֱרוֹג עִמּוֹ אָמַר יְהוָה","rdfs:label":"עמוס ב ג","jbo:sefer":"jbr:tanach-17","titles":[{"title":"עמוס ב ג"},{"title":"עמוס פרק ב פסוק ג"}]},{"uri":"jbr:tanach-17-2-4","jbo:text":"כה אמר יהוה על שלשה פשעי יהודה ועל ארבעה לא אשיבנו על מאסם את תורת יהוה וחקיו לא שמרו ויתעום כזביהם אשר הלכו אבותם אחריהם","jbo:textNikud":"כֹּה אָמַר יְהוָה עַל שְׁלֹשָׁה פִּשְׁעֵי יְהוּדָה וְעַל אַרְבָּעָה לֹא אֲשִׁיבֶנּוּ עַל מָאֳסָם אֶת תּוֹרַת יְהוָה וְחֻקָּיו לֹא שָׁמָרוּ וַיַּתְעוּם כִּזְבֵיהֶם אֲשֶׁר הָלְכוּ אֲבוֹתָם אַחֲרֵיהֶם","rdfs:label":"עמוס ב ד","jbo:sefer":"jbr:tanach-17","titles":[{"title":"עמוס ב ד"},{"title":"עמוס פרק ב פסוק ד"}]},{"uri":"jbr:tanach-17-2-5","jbo:text":"ושלחתי אש ביהודה ואכלה ארמנות ירושלם","jbo:textNikud":"וְשִׁלַּחְתִּי אֵשׁ בִּיהוּדָה וְאָכְלָה אַרְמְנוֹת יְרוּשָׁלִָם","rdfs:label":"עמוס ב ה","jbo:sefer":"jbr:tanach-17","titles":[{"title":"עמוס ב ה"},{"title":"עמוס פרק ב פסוק ה"}]},{"uri":"jbr:tanach-17-2-6","jbo:text":"כה אמר יהוה על שלשה פשעי ישראל ועל ארבעה לא אשיבנו על מכרם בכסף צדיק ואביון בעבור נעלים","jbo:textNikud":"כֹּה אָמַר יְהוָה עַל שְׁלֹשָׁה פִּשְׁעֵי יִשְׂרָאֵל וְעַל אַרְבָּעָה לֹא אֲשִׁיבֶנּוּ עַל מִכְרָם בַּכֶּסֶף צַדִּיק וְאֶבְיוֹן בַּעֲבוּר נַעֲלָיִם","rdfs:label":"עמוס ב ו","jbo:sefer":"jbr:tanach-17","titles":[{"title":"עמוס ב ו"},{"title":"עמוס פרק ב פסוק ו"}]},{"uri":"jbr:tanach-17-2-7","jbo:text":"השאפים על עפר ארץ בראש דלים ודרך ענוים יטו ואיש ואביו ילכו אל הנערה למען חלל את שם קדשי","jbo:textNikud":"הַשֹּׁאֲפִים עַל עֲפַר אֶרֶץ בְּרֹאשׁ דַּלִּים וְדֶרֶךְ עֲנָוִים יַטּוּ וְאִישׁ וְאָבִיו יֵלְכוּ אֶל הַנַּעֲרָה לְמַעַן חַלֵּל אֶת שֵׁם קָדְשִׁי","rdfs:label":"עמוס ב ז","jbo:sefer":"jbr:tanach-17","titles":[{"title":"עמוס ב ז"},{"title":"עמוס פרק ב פסוק ז"}]},{"uri":"jbr:tanach-17-2-8","jbo:text":"ועל בגדים חבלים יטו אצל כל מזבח ויין ענושים ישתו בית אלהיהם","jbo:textNikud":"וְעַל בְּגָדִים חֲבֻלִים יַטּוּ אֵצֶל כָּל מִזְבֵּחַ וְיֵין עֲנוּשִׁים יִשְׁתּוּ בֵּית אֱלֹהֵיהֶם","rdfs:label":"עמוס ב ח","jbo:sefer":"jbr:tanach-17","titles":[{"title":"עמוס ב ח"},{"title":"עמוס פרק ב פסוק ח"}]},{"uri":"jbr:tanach-17-2-9","jbo:text":"ואנכי השמדתי את האמרי מפניהם אשר כגבה ארזים גבהו וחסן הוא כאלונים ואשמיד פריו ממעל ושרשיו מתחת","jbo:textNikud":"וְאָנֹכִי הִשְׁמַדְתִּי אֶת הָאֱמֹרִי מִפְּנֵיהֶם אֲשֶׁר כְּגֹבַהּ אֲרָזִים גָּבְהוֹ וְחָסֹן הוּא כָּאַלּוֹנִים וָאַשְׁמִיד פִּרְיוֹ מִמַּעַל וְשָׁרָשָׁיו מִתָּחַת","rdfs:label":"עמוס ב ט","jbo:sefer":"jbr:tanach-17","titles":[{"title":"עמוס ב ט"},{"title":"עמוס פרק ב פסוק ט"}]},{"uri":"jbr:tanach-17-2-10","jbo:text":"ואנכי העליתי אתכם מארץ מצרים ואולך אתכם במדבר ארבעים שנה לרשת את ארץ האמרי","jbo:textNikud":"וְאָנֹכִי הֶעֱלֵיתִי אֶתְכֶם מֵאֶרֶץ מִצְרָיִם וָאוֹלֵךְ אֶתְכֶם בַּמִּדְבָּר אַרְבָּעִים שָׁנָה לָרֶשֶׁת אֶת אֶרֶץ הָאֱמֹרִי","rdfs:label":"עמוס ב י","jbo:sefer":"jbr:tanach-17","titles":[{"title":"עמוס ב י"},{"title":"עמוס פרק ב פסוק י"}]},{"uri":"jbr:tanach-17-2-11","jbo:text":"ואקים מבניכם לנביאים ומבחוריכם לנזרים האף אין זאת בני ישראל נאם יהוה","jbo:textNikud":"וָאָקִים מִבְּנֵיכֶם לִנְבִיאִים וּמִבַּחוּרֵיכֶם לִנְזִרִים הַאַף אֵין זֹאת בְּנֵי יִשְׂרָאֵל נְאֻם יְהוָה","rdfs:label":"עמוס ב יא","jbo:sefer":"jbr:tanach-17","titles":[{"title":"עמוס ב יא"},{"title":"עמוס פרק ב פסוק יא"}]},{"uri":"jbr:tanach-17-2-12","jbo:text":"ותשקו את הנזרים יין ועל הנביאים צויתם לאמר לא תנבאו","jbo:textNikud":"וַתַּשְׁקוּ אֶת הַנְּזִרִים יָיִן וְעַל הַנְּבִיאִים צִוִּיתֶם לֵאמֹר לֹא תִּנָּבְאוּ","rdfs:label":"עמוס ב יב","jbo:sefer":"jbr:tanach-17","titles":[{"title":"עמוס ב יב"},{"title":"עמוס פרק ב פסוק יב"}]},{"uri":"jbr:tanach-17-2-13","jbo:text":"הנה אנכי מעיק תחתיכם כאשר תעיק העגלה המלאה לה עמיר","jbo:textNikud":"הִנֵּה אָנֹכִי מֵעִיק תַּחְתֵּיכֶם כַּאֲשֶׁר תָּעִיק הָעֲגָלָה הַמְלֵאָה לָהּ עָמִיר","rdfs:label":"עמוס ב יג","jbo:sefer":"jbr:tanach-17","titles":[{"title":"עמוס ב יג"},{"title":"עמוס פרק ב פסוק יג"}]},{"uri":"jbr:tanach-17-2-14","jbo:text":"ואבד מנוס מקל וחזק לא יאמץ כחו וגבור לא ימלט נפשו","jbo:textNikud":"וְאָבַד מָנוֹס מִקָּל וְחָזָק לֹא יְאַמֵּץ כֹּחוֹ וְגִבּוֹר לֹא יְמַלֵּט נַפְשׁוֹ","rdfs:label":"עמוס ב יד","jbo:sefer":"jbr:tanach-17","titles":[{"title":"עמוס ב יד"},{"title":"עמוס פרק ב פסוק יד"}]},{"uri":"jbr:tanach-17-2-15","jbo:text":"ותפש הקשת לא יעמד וקל ברגליו לא ימלט ורכב הסוס לא ימלט נפשו","jbo:textNikud":"וְתֹפֵשׂ הַקֶּשֶׁת לֹא יַעֲמֹד וְקַל בְּרַגְלָיו לֹא יְמַלֵּט וְרֹכֵב הַסּוּס לֹא יְמַלֵּט נַפְשׁוֹ","rdfs:label":"עמוס ב טו","jbo:sefer":"jbr:tanach-17","titles":[{"title":"עמוס ב טו"},{"title":"עמוס פרק ב פסוק טו"}]},{"uri":"jbr:tanach-17-2-16","jbo:text":"ואמיץ לבו בגבורים ערום ינוס ביום ההוא נאם יהוה","jbo:textNikud":"וְאַמִּיץ לִבּוֹ בַּגִּבּוֹרִים עָרוֹם יָנוּס בַּיּוֹם הַהוּא נְאֻם יְהוָה","rdfs:label":"עמוס ב טז","jbo:sefer":"jbr:tanach-17","titles":[{"title":"עמוס ב טז"},{"title":"עמוס פרק ב פסוק טז"}]},{"uri":"jbr:tanach-17-3-1","jbo:text":"שמעו את הדבר הזה אשר דבר יהוה עליכם בני ישראל על כל המשפחה אשר העליתי מארץ מצרים לאמר","jbo:textNikud":"שִׁמְעוּ אֶת הַדָּבָר הַזֶּה אֲשֶׁר דִּבֶּר יְהוָה עֲלֵיכֶם בְּנֵי יִשְׂרָאֵל עַל כָּל הַמִּשְׁפָּחָה אֲשֶׁר הֶעֱלֵיתִי מֵאֶרֶץ מִצְרַיִם לֵאמֹר","rdfs:label":"עמוס ג א","jbo:sefer":"jbr:tanach-17","titles":[{"title":"עמוס ג א"},{"title":"עמוס פרק ג פסוק א"}]},{"uri":"jbr:tanach-17-3-2","jbo:text":"רק אתכם ידעתי מכל משפחות האדמה על כן אפקד עליכם את כל עונתיכם","jbo:textNikud":"רַק אֶתְכֶם יָדַעְתִּי מִכֹּל מִשְׁפְּחוֹת הָאֲדָמָה עַל כֵּן אֶפְקֹד עֲלֵיכֶם אֵת כָּל עֲוֹנֹתֵיכֶם","rdfs:label":"עמוס ג ב","jbo:sefer":"jbr:tanach-17","titles":[{"title":"עמוס ג ב"},{"title":"עמוס פרק ג פסוק ב"}]},{"uri":"jbr:tanach-17-3-3","jbo:text":"הילכו שנים יחדו בלתי אם נועדו","jbo:textNikud":"הֲיֵלְכוּ שְׁנַיִם יַחְדָּו בִּלְתִּי אִם נוֹעָדוּ","rdfs:label":"עמוס ג ג","jbo:sefer":"jbr:tanach-17","titles":[{"title":"עמוס ג ג"},{"title":"עמוס פרק ג פסוק ג"}]},{"uri":"jbr:tanach-17-3-4","jbo:text":"הישאג אריה ביער וטרף אין לו היתן כפיר קולו ממענתו בלתי אם לכד","jbo:textNikud":"הֲיִשְׁאַג אַרְיֵה בַּיַּעַר וְטֶרֶף אֵין לוֹ הֲיִתֵּן כְּפִיר קוֹלוֹ מִמְּעֹנָתוֹ בִּלְתִּי אִם לָכָד","rdfs:label":"עמוס ג ד","jbo:sefer":"jbr:tanach-17","titles":[{"title":"עמוס ג ד"},{"title":"עמוס פרק ג פסוק ד"}]},{"uri":"jbr:tanach-17-3-5","jbo:text":"התפל צפור על פח הארץ ומוקש אין לה היעלה פח מן האדמה ולכוד לא ילכוד","jbo:textNikud":"הֲתִפֹּל צִפּוֹר עַל פַּח הָאָרֶץ וּמוֹקֵשׁ אֵין לָהּ הֲיַעֲלֶה פַּח מִן הָאֲדָמָה וְלָכוֹד לֹא יִלְכּוֹד","rdfs:label":"עמוס ג ה","jbo:sefer":"jbr:tanach-17","titles":[{"title":"עמוס ג ה"},{"title":"עמוס פרק ג פסוק ה"}]},{"uri":"jbr:tanach-17-3-6","jbo:text":"אם יתקע שופר בעיר ועם לא יחרדו אם תהיה רעה בעיר ויהוה לא עשה","jbo:textNikud":"אִם יִתָּקַע שׁוֹפָר בְּעִיר וְעָם לֹא יֶחֱרָדוּ אִם תִּהְיֶה רָעָה בְּעִיר וַיהוָה לֹא עָשָׂה","rdfs:label":"עמוס ג ו","jbo:sefer":"jbr:tanach-17","titles":[{"title":"עמוס ג ו"},{"title":"עמוס פרק ג פסוק ו"}]},{"uri":"jbr:tanach-17-3-7","jbo:text":"כי לא יעשה אדני יהוה דבר כי אם גלה סודו אל עבדיו הנביאים","jbo:textNikud":"כִּי לֹא יַעֲשֶׂה אֲדֹנָי יְהוִה דָּבָר כִּי אִם גָּלָה סוֹדוֹ אֶל עֲבָדָיו הַנְּבִיאִים","rdfs:label":"עמוס ג ז","jbo:sefer":"jbr:tanach-17","titles":[{"title":"עמוס ג ז"},{"title":"עמוס פרק ג פסוק ז"}]},{"uri":"jbr:tanach-17-3-8","jbo:text":"אריה שאג מי לא יירא אדני יהוה דבר מי לא ינבא","jbo:textNikud":"אַרְיֵה שָׁאָג מִי לֹא יִירָא אֲדֹנָי יְהוִה דִּבֶּר מִי לֹא יִנָּבֵא","rdfs:label":"עמוס ג ח","jbo:sefer":"jbr:tanach-17","titles":[{"title":"עמוס ג ח"},{"title":"עמוס פרק ג פסוק ח"}]},{"uri":"jbr:tanach-17-3-9","jbo:text":"השמיעו על ארמנות באשדוד ועל ארמנות בארץ מצרים ואמרו האספו על הרי שמרון וראו מהומת רבות בתוכה ועשוקים בקרבה","jbo:textNikud":"הַשְׁמִיעוּ עַל אַרְמְנוֹת בְּאַשְׁדּוֹד וְעַל אַרְמְנוֹת בְּאֶרֶץ מִצְרָיִם וְאִמְרוּ הֵאָסְפוּ עַל הָרֵי שֹׁמְרוֹן וּרְאוּ מְהוּמֹת רַבּוֹת בְּתוֹכָהּ וַעֲשׁוּקִים בְּקִרְבָּהּ","rdfs:label":"עמוס ג ט","jbo:sefer":"jbr:tanach-17","titles":[{"title":"עמוס ג ט"},{"title":"עמוס פרק ג פסוק ט"}]},{"uri":"jbr:tanach-17-3-10","jbo:text":"ולא ידעו עשות נכחה נאם יהוה האוצרים חמס ושד בארמנותיהם","jbo:textNikud":"וְלֹא יָדְעוּ עֲשׂוֹת נְכֹחָה נְאֻם יְהוָה הָאוֹצְרִים חָמָס וָשֹׁד בְּאַרְמְנוֹתֵיהֶם","rdfs:label":"עמוס ג י","jbo:sefer":"jbr:tanach-17","titles":[{"title":"עמוס ג י"},{"title":"עמוס פרק ג פסוק י"}]},{"uri":"jbr:tanach-17-3-11","jbo:text":"לכן כה אמר אדני יהוה צר וסביב הארץ והורד ממך עזך ונבזו ארמנותיך","jbo:textNikud":"לָכֵן כֹּה אָמַר אֲדֹנָי יְהוִה צַר וּסְבִיב הָאָרֶץ וְהוֹרִד מִמֵּךְ עֻזֵּךְ וְנָבֹזּוּ אַרְמְנוֹתָיִךְ","rdfs:label":"עמוס ג יא","jbo:sefer":"jbr:tanach-17","titles":[{"title":"עמוס ג יא"},{"title":"עמוס פרק ג פסוק יא"}]},{"uri":"jbr:tanach-17-3-12","jbo:text":"כה אמר יהוה כאשר יציל הרעה מפי הארי שתי כרעים או בדל אזן כן ינצלו בני ישראל הישבים בשמרון בפאת מטה ובדמשק ערש","jbo:textNikud":"כֹּה אָמַר יְהוָה כַּאֲשֶׁר יַצִּיל הָרֹעֶה מִפִּי הָאֲרִי שְׁתֵּי כְרָעַיִם אוֹ בְדַל אֹזֶן כֵּן יִנָּצְלוּ בְּנֵי יִשְׂרָאֵל הַיֹּשְׁבִים בְּשֹׁמְרוֹן בִּפְאַת מִטָּה וּבִדְמֶשֶׁק עָרֶשׂ","rdfs:label":"עמוס ג יב","jbo:sefer":"jbr:tanach-17","titles":[{"title":"עמוס ג יב"},{"title":"עמוס פרק ג פסוק יב"}]},{"uri":"jbr:tanach-17-3-13","jbo:text":"שמעו והעידו בבית יעקב נאם אדני יהוה אלהי הצבאות","jbo:textNikud":"שִׁמְעוּ וְהָעִידוּ בְּבֵית יַעֲקֹב נְאֻם אֲדֹנָי יְהוִה אֱלֹהֵי הַצְּבָאוֹת","rdfs:label":"עמוס ג יג","jbo:sefer":"jbr:tanach-17","titles":[{"title":"עמוס ג יג"},{"title":"עמוס פרק ג פסוק יג"}]},{"uri":"jbr:tanach-17-3-14","jbo:text":"כי ביום פקדי פשעי ישראל עליו ופקדתי על מזבחות בית אל ונגדעו קרנות המזבח ונפלו לארץ","jbo:textNikud":"כִּי בְּיוֹם פָּקְדִי פִשְׁעֵי יִשְׂרָאֵל עָלָיו וּפָקַדְתִּי עַל מִזְבְּחוֹת בֵּית אֵל וְנִגְדְּעוּ קַרְנוֹת הַמִּזְבֵּחַ וְנָפְלוּ לָאָרֶץ","rdfs:label":"עמוס ג יד","jbo:sefer":"jbr:tanach-17","titles":[{"title":"עמוס ג יד"},{"title":"עמוס פרק ג פסוק יד"}]},{"uri":"jbr:tanach-17-3-15","jbo:text":"והכיתי בית החרף על בית הקיץ ואבדו בתי השן וספו בתים רבים נאם יהוה","jbo:textNikud":"וְהִכֵּיתִי בֵית הַחֹרֶף עַל בֵּית הַקָּיִץ וְאָבְדוּ בָּתֵּי הַשֵּׁן וְסָפוּ בָּתִּים רַבִּים נְאֻם יְהוָה","rdfs:label":"עמוס ג טו","jbo:sefer":"jbr:tanach-17","titles":[{"title":"עמוס ג טו"},{"title":"עמוס פרק ג פסוק טו"}]},{"uri":"jbr:tanach-17-4-1","jbo:text":"שמעו הדבר הזה פרות הבשן אשר בהר שמרון העשקות דלים הרצצות אביונים האמרת לאדניהם הביאה ונשתה","jbo:textNikud":"שִׁמְעוּ הַדָּבָר הַזֶּה פָּרוֹת הַבָּשָׁן אֲשֶׁר בְּהַר שֹׁמְרוֹן הָעֹשְׁקוֹת דַּלִּים הָרֹצְצוֹת אֶבְיוֹנִים הָאֹמְרֹת לַאֲדֹנֵיהֶם הָבִיאָה וְנִשְׁתֶּה","rdfs:label":"עמוס ד א","jbo:sefer":"jbr:tanach-17","titles":[{"title":"עמוס ד א"},{"title":"עמוס פרק ד פסוק א"}]},{"uri":"jbr:tanach-17-4-2","jbo:text":"נשבע אדני יהוה בקדשו כי הנה ימים באים עליכם ונשא אתכם בצנות ואחריתכן בסירות דוגה","jbo:textNikud":"נִשְׁבַּע אֲדֹנָי יְהוִה בְּקָדְשׁוֹ כִּי הִנֵּה יָמִים בָּאִים עֲלֵיכֶם וְנִשָּׂא אֶתְכֶם בְּצִנּוֹת וְאַחֲרִיתְכֶן בְּסִירוֹת דּוּגָה","rdfs:label":"עמוס ד ב","jbo:sefer":"jbr:tanach-17","titles":[{"title":"עמוס ד ב"},{"title":"עמוס פרק ד פסוק ב"}]},{"uri":"jbr:tanach-17-4-3","jbo:text":"ופרצים תצאנה אשה נגדה והשלכתנה ההרמונה נאם יהוה","jbo:textNikud":"וּפְרָצִים תֵּצֶאנָה אִשָּׁה נֶגְדָּהּ וְהִשְׁלַכְתֶּנָה הַהַרְמוֹנָה נְאֻם יְהוָה","rdfs:label":"עמוס ד ג","jbo:sefer":"jbr:tanach-17","titles":[{"title":"עמוס ד ג"},{"title":"עמוס פרק ד פסוק ג"}]},{"uri":"jbr:tanach-17-4-4","jbo:text":"באו בית אל ופשעו הגלגל הרבו לפשע והביאו לבקר זבחיכם לשלשת ימים מעשרתיכם","jbo:textNikud":"בֹּאוּ בֵית אֵל וּפִשְׁעוּ הַגִּלְגָּל הַרְבּוּ לִפְשֹׁעַ וְהָבִיאוּ לַבֹּקֶר זִבְחֵיכֶם לִשְׁלֹשֶׁת יָמִים מַעְשְׂרֹתֵיכֶם","rdfs:label":"עמוס ד ד","jbo:sefer":"jbr:tanach-17","titles":[{"title":"עמוס ד ד"},{"title":"עמוס פרק ד פסוק ד"}]},{"uri":"jbr:tanach-17-4-5","jbo:text":"וקטר מחמץ תודה וקראו נדבות השמיעו כי כן אהבתם בני ישראל נאם אדני יהוה","jbo:textNikud":"וְקַטֵּר מֵחָמֵץ תּוֹדָה וְקִרְאוּ נְדָבוֹת הַשְׁמִיעוּ כִּי כֵן אֲהַבְתֶּם בְּנֵי יִשְׂרָאֵל נְאֻם אֲדֹנָי יְהוִה","rdfs:label":"עמוס ד ה","jbo:sefer":"jbr:tanach-17","titles":[{"title":"עמוס ד ה"},{"title":"עמוס פרק ד פסוק ה"}]},{"uri":"jbr:tanach-17-4-6","jbo:text":"וגם אני נתתי לכם נקיון שנים בכל עריכם וחסר לחם בכל מקומתיכם ולא שבתם עדי נאם יהוה","jbo:textNikud":"וְגַם אֲנִי נָתַתִּי לָכֶם נִקְיוֹן שִׁנַּיִם בְּכָל עָרֵיכֶם וְחֹסֶר לֶחֶם בְּכֹל מְקוֹמֹתֵיכֶם וְלֹא שַׁבְתֶּם עָדַי נְאֻם יְהוָה","rdfs:label":"עמוס ד ו","jbo:sefer":"jbr:tanach-17","titles":[{"title":"עמוס ד ו"},{"title":"עמוס פרק ד פסוק ו"}]},{"uri":"jbr:tanach-17-4-7","jbo:text":"וגם אנכי מנעתי מכם את הגשם בעוד שלשה חדשים לקציר והמטרתי על עיר אחת ועל עיר אחת לא אמטיר חלקה אחת תמטר וחלקה אשר לא תמטיר עליה תיבש","jbo:textNikud":"וְגַם אָנֹכִי מָנַעְתִּי מִכֶּם אֶת הַגֶּשֶׁם בְּעוֹד שְׁלֹשָׁה חֳדָשִׁים לַקָּצִיר וְהִמְטַרְתִּי עַל עִיר אֶחָת וְעַל עִיר אַחַת לֹא אַמְטִיר חֶלְקָה אַחַת תִּמָּטֵר וְחֶלְקָה אֲשֶׁר לֹא תַמְטִיר עָלֶיהָ תִּיבָשׁ","rdfs:label":"עמוס ד ז","jbo:sefer":"jbr:tanach-17","titles":[{"title":"עמוס ד ז"},{"title":"עמוס פרק ד פסוק ז"}]},{"uri":"jbr:tanach-17-4-8","jbo:text":"ונעו שתים שלש ערים אל עיר אחת לשתות מים ולא ישבעו ולא שבתם עדי נאם יהוה","jbo:textNikud":"וְנָעוּ שְׁתַּיִם שָׁלֹשׁ עָרִים אֶל עִיר אַחַת לִשְׁתּוֹת מַיִם וְלֹא יִשְׂבָּעוּ וְלֹא שַׁבְתֶּם עָדַי נְאֻם יְהוָה","rdfs:label":"עמוס ד ח","jbo:sefer":"jbr:tanach-17","titles":[{"title":"עמוס ד ח"},{"title":"עמוס פרק ד פסוק ח"}]},{"uri":"jbr:tanach-17-4-9","jbo:text":"הכיתי אתכם בשדפון ובירקון הרבות גנותיכם וכרמיכם ותאניכם וזיתיכם יאכל הגזם ולא שבתם עדי נאם יהוה","jbo:textNikud":"הִכֵּיתִי אֶתְכֶם בַּשִּׁדָּפוֹן וּבַיֵּרָקוֹן הַרְבּוֹת גַּנּוֹתֵיכֶם וְכַרְמֵיכֶם וּתְאֵנֵיכֶם וְזֵיתֵיכֶם יֹאכַל הַגָּזָם וְלֹא שַׁבְתֶּם עָדַי נְאֻם יְהוָה","rdfs:label":"עמוס ד ט","jbo:sefer":"jbr:tanach-17","titles":[{"title":"עמוס ד ט"},{"title":"עמוס פרק ד פסוק ט"}]},{"uri":"jbr:tanach-17-4-10","jbo:text":"שלחתי בכם דבר בדרך מצרים הרגתי בחרב בחוריכם עם שבי סוסיכם ואעלה באש מחניכם ובאפכם ולא שבתם עדי נאם יהוה","jbo:textNikud":"שִׁלַּחְתִּי בָכֶם דֶּבֶר בְּדֶרֶךְ מִצְרַיִם הָרַגְתִּי בַחֶרֶב בַּחוּרֵיכֶם עִם שְׁבִי סוּסֵיכֶם וָאַעֲלֶה בְּאֹשׁ מַחֲנֵיכֶם וּבְאַפְּכֶם וְלֹא שַׁבְתֶּם עָדַי נְאֻם יְהוָה","rdfs:label":"עמוס ד י","jbo:sefer":"jbr:tanach-17","titles":[{"title":"עמוס ד י"},{"title":"עמוס פרק ד פסוק י"}]},{"uri":"jbr:tanach-17-4-11","jbo:text":"הפכתי בכם כמהפכת אלהים את סדם ואת עמרה ותהיו כאוד מצל משרפה ולא שבתם עדי נאם יהוה","jbo:textNikud":"הָפַכְתִּי בָכֶם כְּמַהְפֵּכַת אֱלֹהִים אֶת סְדֹם וְאֶת עֲמֹרָה וַתִּהְיוּ כְּאוּד מֻצָּל מִשְּׂרֵפָה וְלֹא שַׁבְתֶּם עָדַי נְאֻם יְהוָה","rdfs:label":"עמוס ד יא","jbo:sefer":"jbr:tanach-17","titles":[{"title":"עמוס ד יא"},{"title":"עמוס פרק ד פסוק יא"}]},{"uri":"jbr:tanach-17-4-12","jbo:text":"לכן כה אעשה לך ישראל עקב כי זאת אעשה לך הכון לקראת אלהיך ישראל","jbo:textNikud":"לָכֵן כֹּה אֶעֱשֶׂה לְּךָ יִשְׂרָאֵל עֵקֶב כִּי זֹאת אֶעֱשֶׂה לָּךְ הִכּוֹן לִקְרַאת אֱלֹהֶיךָ יִשְׂרָאֵל","rdfs:label":"עמוס ד יב","jbo:sefer":"jbr:tanach-17","titles":[{"title":"עמוס ד יב"},{"title":"עמוס פרק ד פסוק יב"}]},{"uri":"jbr:tanach-17-4-13","jbo:text":"כי הנה יוצר הרים וברא רוח ומגיד לאדם מה שחו עשה שחר עיפה ודרך על במתי ארץ יהוה אלהי צבאות שמו","jbo:textNikud":"כִּי הִנֵּה יוֹצֵר הָרִים וּבֹרֵא רוּחַ וּמַגִּיד לְאָדָם מַה שֵּׂחוֹ עֹשֵׂה שַׁחַר עֵיפָה וְדֹרֵךְ עַל בָּמֳתֵי אָרֶץ יְהוָה אֱלֹהֵי צְבָאוֹת שְׁמוֹ","rdfs:label":"עמוס ד יג","jbo:sefer":"jbr:tanach-17","titles":[{"title":"עמוס ד יג"},{"title":"עמוס פרק ד פסוק יג"}]},{"uri":"jbr:tanach-17-5-1","jbo:text":"שמעו את הדבר הזה אשר אנכי נשא עליכם קינה בית ישראל","jbo:textNikud":"שִׁמְעוּ אֶת הַדָּבָר הַזֶּה אֲשֶׁר אָנֹכִי נֹשֵׂא עֲלֵיכֶם קִינָה בֵּית יִשְׂרָאֵל","rdfs:label":"עמוס ה א","jbo:sefer":"jbr:tanach-17","titles":[{"title":"עמוס ה א"},{"title":"עמוס פרק ה פסוק א"}]},{"uri":"jbr:tanach-17-5-2","jbo:text":"נפלה לא תוסיף קום בתולת ישראל נטשה על אדמתה אין מקימה","jbo:textNikud":"נָפְלָה לֹא תוֹסִיף קוּם בְּתוּלַת יִשְׂרָאֵל נִטְּשָׁה עַל אַדְמָתָהּ אֵין מְקִימָהּ","rdfs:label":"עמוס ה ב","jbo:sefer":"jbr:tanach-17","titles":[{"title":"עמוס ה ב"},{"title":"עמוס פרק ה פסוק ב"}]},{"uri":"jbr:tanach-17-5-3","jbo:text":"כי כה אמר אדני יהוה העיר היצאת אלף תשאיר מאה והיוצאת מאה תשאיר עשרה לבית ישראל","jbo:textNikud":"כִּי כֹה אָמַר אֲדֹנָי יְהוִה הָעִיר הַיֹּצֵאת אֶלֶף תַּשְׁאִיר מֵאָה וְהַיּוֹצֵאת מֵאָה תַּשְׁאִיר עֲשָׂרָה לְבֵית יִשְׂרָאֵל","rdfs:label":"עמוס ה ג","jbo:sefer":"jbr:tanach-17","titles":[{"title":"עמוס ה ג"},{"title":"עמוס פרק ה פסוק ג"}]},{"uri":"jbr:tanach-17-5-4","jbo:text":"כי כה אמר יהוה לבית ישראל דרשוני וחיו","jbo:textNikud":"כִּי כֹה אָמַר יְהוָה לְבֵית יִשְׂרָאֵל דִּרְשׁוּנִי וִחְיוּ","rdfs:label":"עמוס ה ד","jbo:sefer":"jbr:tanach-17","titles":[{"title":"עמוס ה ד"},{"title":"עמוס פרק ה פסוק ד"}]},{"uri":"jbr:tanach-17-5-5","jbo:text":"ואל תדרשו בית אל והגלגל לא תבאו ובאר שבע לא תעברו כי הגלגל גלה יגלה ובית אל יהיה לאון","jbo:textNikud":"וְאַל תִּדְרְשׁוּ בֵּית אֵל וְהַגִּלְגָּל לֹא תָבֹאוּ וּבְאֵר שֶׁבַע לֹא תַעֲבֹרוּ כִּי הַגִּלְגָּל גָּלֹה יִגְלֶה וּבֵית אֵל יִהְיֶה לְאָוֶן","rdfs:label":"עמוס ה ה","jbo:sefer":"jbr:tanach-17","titles":[{"title":"עמוס ה ה"},{"title":"עמוס פרק ה פסוק ה"}]},{"uri":"jbr:tanach-17-5-6","jbo:text":"דרשו את יהוה וחיו פן יצלח כאש בית יוסף ואכלה ואין מכבה לבית אל","jbo:textNikud":"דִּרְשׁוּ אֶת יְהוָה וִחְיוּ פֶּן יִצְלַח כָּאֵשׁ בֵּית יוֹסֵף וְאָכְלָה וְאֵין מְכַבֶּה לְבֵית אֵל","rdfs:label":"עמוס ה ו","jbo:sefer":"jbr:tanach-17","titles":[{"title":"עמוס ה ו"},{"title":"עמוס פרק ה פסוק ו"}]},{"uri":"jbr:tanach-17-5-7","jbo:text":"ההפכים ללענה משפט וצדקה לארץ הניחו","jbo:textNikud":"הַהֹפְכִים לְלַעֲנָה מִשְׁפָּט וּצְדָקָה לָאָרֶץ הִנִּיחוּ","rdfs:label":"עמוס ה ז","jbo:sefer":"jbr:tanach-17","titles":[{"title":"עמוס ה ז"},{"title":"עמוס פרק ה פסוק ז"}]},{"uri":"jbr:tanach-17-5-8","jbo:text":"עשה כימה וכסיל והפך לבקר צלמות ויום לילה החשיך הקורא למי הים וישפכם על פני הארץ יהוה שמו","jbo:textNikud":"עֹשֵׂה כִימָה וּכְסִיל וְהֹפֵךְ לַבֹּקֶר צַלְמָוֶת וְיוֹם לַיְלָה הֶחְשִׁיךְ הַקּוֹרֵא לְמֵי הַיָּם וַיִּשְׁפְּכֵם עַל פְּנֵי הָאָרֶץ יְהוָה שְׁמוֹ","rdfs:label":"עמוס ה ח","jbo:sefer":"jbr:tanach-17","titles":[{"title":"עמוס ה ח"},{"title":"עמוס פרק ה פסוק ח"}]},{"uri":"jbr:tanach-17-5-9","jbo:text":"המבליג שד על עז ושד על מבצר יבוא","jbo:textNikud":"הַמַּבְלִיג שֹׁד עַל עָז וְשֹׁד עַל מִבְצָר יָבוֹא","rdfs:label":"עמוס ה ט","jbo:sefer":"jbr:tanach-17","titles":[{"title":"עמוס ה ט"},{"title":"עמוס פרק ה פסוק ט"}]},{"uri":"jbr:tanach-17-5-10","jbo:text":"שנאו בשער מוכיח ודבר תמים יתעבו","jbo:textNikud":"שָׂנְאוּ בַשַּׁעַר מוֹכִיחַ וְדֹבֵר תָּמִים יְתָעֵבוּ","rdfs:label":"עמוס ה י","jbo:sefer":"jbr:tanach-17","titles":[{"title":"עמוס ה י"},{"title":"עמוס פרק ה פסוק י"}]},{"uri":"jbr:tanach-17-5-11","jbo:text":"לכן יען בושסכם על דל ומשאת בר תקחו ממנו בתי גזית בניתם ולא תשבו בם כרמי חמד נטעתם ולא תשתו את יינם","jbo:textNikud":"לָכֵן יַעַן בּוֹשַׁסְכֶם עַל דָּל וּמַשְׂאַת בַּר תִּקְחוּ מִמֶּנּוּ בָּתֵּי גָזִית בְּנִיתֶם וְלֹא תֵשְׁבוּ בָם כַּרְמֵי חֶמֶד נְטַעְתֶּם וְלֹא תִשְׁתּוּ אֶת יֵינָם","rdfs:label":"עמוס ה יא","jbo:sefer":"jbr:tanach-17","titles":[{"title":"עמוס ה יא"},{"title":"עמוס פרק ה פסוק יא"}]},{"uri":"jbr:tanach-17-5-12","jbo:text":"כי ידעתי רבים פשעיכם ועצמים חטאתיכם צררי צדיק לקחי כפר ואביונים בשער הטו","jbo:textNikud":"כִּי יָדַעְתִּי רַבִּים פִּשְׁעֵיכֶם וַעֲצֻמִים חַטֹּאתֵיכֶם צֹרְרֵי צַדִּיק לֹקְחֵי כֹפֶר וְאֶבְיוֹנִים בַּשַּׁעַר הִטּוּ","rdfs:label":"עמוס ה יב","jbo:sefer":"jbr:tanach-17","titles":[{"title":"עמוס ה יב"},{"title":"עמוס פרק ה פסוק יב"}]},{"uri":"jbr:tanach-17-5-13","jbo:text":"לכן המשכיל בעת ההיא ידם כי עת רעה היא","jbo:textNikud":"לָכֵן הַמַּשְׂכִּיל בָּעֵת הַהִיא יִדֹּם כִּי עֵת רָעָה הִיא","rdfs:label":"עמוס ה יג","jbo:sefer":"jbr:tanach-17","titles":[{"title":"עמוס ה יג"},{"title":"עמוס פרק ה פסוק יג"}]},{"uri":"jbr:tanach-17-5-14","jbo:text":"דרשו טוב ואל רע למען תחיו ויהי כן יהוה אלהי צבאות אתכם כאשר אמרתם","jbo:textNikud":"דִּרְשׁוּ טוֹב וְאַל רָע לְמַעַן תִּחְיוּ וִיהִי כֵן יְהוָה אֱלֹהֵי צְבָאוֹת אִתְּכֶם כַּאֲשֶׁר אֲמַרְתֶּם","rdfs:label":"עמוס ה יד","jbo:sefer":"jbr:tanach-17","titles":[{"title":"עמוס ה יד"},{"title":"עמוס פרק ה פסוק יד"}]},{"uri":"jbr:tanach-17-5-15","jbo:text":"שנאו רע ואהבו טוב והציגו בשער משפט אולי יחנן יהוה אלהי צבאות שארית יוסף","jbo:textNikud":"שִׂנְאוּ רָע וְאֶהֱבוּ טוֹב וְהַצִּיגוּ בַשַּׁעַר מִשְׁפָּט אוּלַי יֶחֱנַן יְהוָה אֱלֹהֵי צְבָאוֹת שְׁאֵרִית יוֹסֵף","rdfs:label":"עמוס ה טו","jbo:sefer":"jbr:tanach-17","titles":[{"title":"עמוס ה טו"},{"title":"עמוס פרק ה פסוק טו"}]},{"uri":"jbr:tanach-17-5-16","jbo:text":"לכן כה אמר יהוה אלהי צבאות אדני בכל רחבות מספד ובכל חוצות יאמרו הו הו וקראו אכר אל אבל ומספד אל יודעי נהי","jbo:textNikud":"לָכֵן כֹּה אָמַר יְהוָה אֱלֹהֵי צְבָאוֹת אֲדֹנָי בְּכָל רְחֹבוֹת מִסְפֵּד וּבְכָל חוּצוֹת יֹאמְרוּ הוֹ הוֹ וְקָרְאוּ אִכָּר אֶל אֵבֶל וּמִסְפֵּד אֶל יוֹדְעֵי נֶהִי","rdfs:label":"עמוס ה טז","jbo:sefer":"jbr:tanach-17","titles":[{"title":"עמוס ה טז"},{"title":"עמוס פרק ה פסוק טז"}]},{"uri":"jbr:tanach-17-5-17","jbo:text":"ובכל כרמים מספד כי אעבר בקרבך אמר יהוה","jbo:textNikud":"וּבְכָל כְּרָמִים מִסְפֵּד כִּי אֶעֱבֹר בְּקִרְבְּךָ אָמַר יְהוָה","rdfs:label":"עמוס ה יז","jbo:sefer":"jbr:tanach-17","titles":[{"title":"עמוס ה יז"},{"title":"עמוס פרק ה פסוק יז"}]},{"uri":"jbr:tanach-17-5-18","jbo:text":"הוי המתאוים את יום יהוה למה זה לכם יום יהוה הוא חשך ולא אור","jbo:textNikud":"הוֹי הַמִּתְאַוִּים אֶת יוֹם יְהוָה לָמָּה זֶּה לָכֶם יוֹם יְהוָה הוּא חֹשֶׁךְ וְלֹא אוֹר","rdfs:label":"עמוס ה יח","jbo:sefer":"jbr:tanach-17","titles":[{"title":"עמוס ה יח"},{"title":"עמוס פרק ה פסוק יח"}]},{"uri":"jbr:tanach-17-5-19","jbo:text":"כאשר ינוס איש מפני הארי ופגעו הדב ובא הבית וסמך ידו על הקיר ונשכו הנחש","jbo:textNikud":"כַּאֲשֶׁר יָנוּס אִישׁ מִפְּנֵי הָאֲרִי וּפְגָעוֹ הַדֹּב וּבָא הַבַּיִת וְסָמַךְ יָדוֹ עַל הַקִּיר וּנְשָׁכוֹ הַנָּחָשׁ","rdfs:label":"עמוס ה יט","jbo:sefer":"jbr:tanach-17","titles":[{"title":"עמוס ה יט"},{"title":"עמוס פרק ה פסוק יט"}]},{"uri":"jbr:tanach-17-5-20","jbo:text":"הלא חשך יום יהוה ולא אור ואפל ולא נגה לו","jbo:textNikud":"הֲלֹא חֹשֶׁךְ יוֹם יְהוָה וְלֹא אוֹר וְאָפֵל וְלֹא נֹגַהּ לוֹ","rdfs:label":"עמוס ה כ","jbo:sefer":"jbr:tanach-17","titles":[{"title":"עמוס ה כ"},{"title":"עמוס פרק ה פסוק כ"}]},{"uri":"jbr:tanach-17-5-21","jbo:text":"שנאתי מאסתי חגיכם ולא אריח בעצרתיכם","jbo:textNikud":"שָׂנֵאתִי מָאַסְתִּי חַגֵּיכֶם וְלֹא אָרִיחַ בְּעַצְּרֹתֵיכֶם","rdfs:label":"עמוס ה כא","jbo:sefer":"jbr:tanach-17","titles":[{"title":"עמוס ה כא"},{"title":"עמוס פרק ה פסוק כא"}]},{"uri":"jbr:tanach-17-5-22","jbo:text":"כי אם תעלו לי עלות ומנחתיכם לא ארצה ושלם מריאיכם לא אביט","jbo:textNikud":"כִּי אִם תַּעֲלוּ לִי עֹלוֹת וּמִנְחֹתֵיכֶם לֹא אֶרְצֶה וְשֶׁלֶם מְרִיאֵיכֶם לֹא אַבִּיט","rdfs:label":"עמוס ה כב","jbo:sefer":"jbr:tanach-17","titles":[{"title":"עמוס ה כב"},{"title":"עמוס פרק ה פסוק כב"}]},{"uri":"jbr:tanach-17-5-23","jbo:text":"הסר מעלי המון שריך וזמרת נבליך לא אשמע","jbo:textNikud":"הָסֵר מֵעָלַי הֲמוֹן שִׁרֶיךָ וְזִמְרַת נְבָלֶיךָ לֹא אֶשְׁמָע","rdfs:label":"עמוס ה כג","jbo:sefer":"jbr:tanach-17","titles":[{"title":"עמוס ה כג"},{"title":"עמוס פרק ה פסוק כג"}]},{"uri":"jbr:tanach-17-5-24","jbo:text":"ויגל כמים משפט וצדקה כנחל איתן","jbo:textNikud":"וְיִגַּל כַּמַּיִם מִשְׁפָּט וּצְדָקָה כְּנַחַל אֵיתָן","rdfs:label":"עמוס ה כד","jbo:sefer":"jbr:tanach-17","titles":[{"title":"עמוס ה כד"},{"title":"עמוס פרק ה פסוק כד"}]},{"uri":"jbr:tanach-17-5-25","jbo:text":"הזבחים ומנחה הגשתם לי במדבר ארבעים שנה בית ישראל","jbo:textNikud":"הַזְּבָחִים וּמִנְחָה הִגַּשְׁתֶּם לִי בַמִּדְבָּר אַרְבָּעִים שָׁנָה בֵּית יִשְׂרָאֵל","rdfs:label":"עמוס ה כה","jbo:sefer":"jbr:tanach-17","titles":[{"title":"עמוס ה כה"},{"title":"עמוס פרק ה פסוק כה"}]},{"uri":"jbr:tanach-17-5-26","jbo:text":"ונשאתם את סכות מלככם ואת כיון צלמיכם כוכב אלהיכם אשר עשיתם לכם","jbo:textNikud":"וּנְשָׂאתֶם אֵת סִכּוּת מַלְכְּכֶם וְאֵת כִּיּוּן צַלְמֵיכֶם כּוֹכַב אֱלֹהֵיכֶם אֲשֶׁר עֲשִׂיתֶם לָכֶם","rdfs:label":"עמוס ה כו","jbo:sefer":"jbr:tanach-17","titles":[{"title":"עמוס ה כו"},{"title":"עמוס פרק ה פסוק כו"}]},{"uri":"jbr:tanach-17-5-27","jbo:text":"והגליתי אתכם מהלאה לדמשק אמר יהוה אלהי צבאות שמו","jbo:textNikud":"וְהִגְלֵיתִי אֶתְכֶם מֵהָלְאָה לְדַמָּשֶׂק אָמַר יְהוָה אֱלֹהֵי צְבָאוֹת שְׁמוֹ","rdfs:label":"עמוס ה כז","jbo:sefer":"jbr:tanach-17","titles":[{"title":"עמוס ה כז"},{"title":"עמוס פרק ה פסוק כז"}]},{"uri":"jbr:tanach-17-6-1","jbo:text":"הוי השאננים בציון והבטחים בהר שמרון נקבי ראשית הגוים ובאו להם בית ישראל","jbo:textNikud":"הוֹי הַשַּׁאֲנַנִּים בְּצִיּוֹן וְהַבֹּטְחִים בְּהַר שֹׁמְרוֹן נְקֻבֵי רֵאשִׁית הַגּוֹיִם וּבָאוּ לָהֶם בֵּית יִשְׂרָאֵל","rdfs:label":"עמוס ו א","jbo:sefer":"jbr:tanach-17","titles":[{"title":"עמוס ו א"},{"title":"עמוס פרק ו פסוק א"}]},{"uri":"jbr:tanach-17-6-2","jbo:text":"עברו כלנה וראו ולכו משם חמת רבה ורדו גת פלשתים הטובים מן הממלכות האלה אם רב גבולם מגבלכם","jbo:textNikud":"עִבְרוּ כַלְנֵה וּרְאוּ וּלְכוּ מִשָּׁם חֲמַת רַבָּה וּרְדוּ גַת פְּלִשְׁתּים הֲטוֹבִים מִן הַמַּמְלָכוֹת הָאֵלֶּה אִם רַב גְּבוּלָם מִגְּבֻלְכֶם","rdfs:label":"עמוס ו ב","jbo:sefer":"jbr:tanach-17","titles":[{"title":"עמוס ו ב"},{"title":"עמוס פרק ו פסוק ב"}]},{"uri":"jbr:tanach-17-6-3","jbo:text":"המנדים ליום רע ותגישון שבת חמס","jbo:textNikud":"הַמְנַדִּים לְיוֹם רָע וַתַּגִּישׁוּן שֶׁבֶת חָמָס","rdfs:label":"עמוס ו ג","jbo:sefer":"jbr:tanach-17","titles":[{"title":"עמוס ו ג"},{"title":"עמוס פרק ו פסוק ג"}]},{"uri":"jbr:tanach-17-6-4","jbo:text":"השכבים על מטות שן וסרחים על ערשותם ואכלים כרים מצאן ועגלים מתוך מרבק","jbo:textNikud":"הַשֹּׁכְבִים עַל מִטּוֹת שֵׁן וּסְרֻחִים עַל עַרְשׂוֹתָם וְאֹכְלִים כָּרִים מִצֹּאן וַעֲגָלִים מִתּוֹךְ מַרְבֵּק","rdfs:label":"עמוס ו ד","jbo:sefer":"jbr:tanach-17","titles":[{"title":"עמוס ו ד"},{"title":"עמוס פרק ו פסוק ד"}]},{"uri":"jbr:tanach-17-6-5","jbo:text":"הפרטים על פי הנבל כדויד חשבו להם כלי שיר","jbo:textNikud":"הַפֹּרְטִים עַל פִּי הַנָּבֶל כְּדָוִיד חָשְׁבוּ לָהֶם כְּלֵי שִׁיר","rdfs:label":"עמוס ו ה","jbo:sefer":"jbr:tanach-17","titles":[{"title":"עמוס ו ה"},{"title":"עמוס פרק ו פסוק ה"}]},{"uri":"jbr:tanach-17-6-6","jbo:text":"השתים במזרקי יין וראשית שמנים ימשחו ולא נחלו על שבר יוסף","jbo:textNikud":"הַשֹּׁתִים בְּמִזְרְקֵי יַיִן וְרֵאשִׁית שְׁמָנִים יִמְשָׁחוּ וְלֹא נֶחְלוּ עַל שֵׁבֶר יוֹסֵף","rdfs:label":"עמוס ו ו","jbo:sefer":"jbr:tanach-17","titles":[{"title":"עמוס ו ו"},{"title":"עמוס פרק ו פסוק ו"}]},{"uri":"jbr:tanach-17-6-7","jbo:text":"לכן עתה יגלו בראש גלים וסר מרזח סרוחים","jbo:textNikud":"לָכֵן עַתָּה יִגְלוּ בְּרֹאשׁ גֹּלִים וְסָר מִרְזַח סְרוּחִים","rdfs:label":"עמוס ו ז","jbo:sefer":"jbr:tanach-17","titles":[{"title":"עמוס ו ז"},{"title":"עמוס פרק ו פסוק ז"}]},{"uri":"jbr:tanach-17-6-8","jbo:text":"נשבע אדני יהוה בנפשו נאם יהוה אלהי צבאות מתאב אנכי את גאון יעקב וארמנתיו שנאתי והסגרתי עיר ומלאה","jbo:textNikud":"נִשְׁבַּע אֲדֹנָי יְהוִה בְּנַפְשׁוֹ נְאֻם יְהוָה אֱלֹהֵי צְבָאוֹת מְתָאֵב אָנֹכִי אֶת גְּאוֹן יַעֲקֹב וְאַרְמְנֹתָיו שָׂנֵאתִי וְהִסְגַּרְתִּי עִיר וּמְלֹאָהּ","rdfs:label":"עמוס ו ח","jbo:sefer":"jbr:tanach-17","titles":[{"title":"עמוס ו ח"},{"title":"עמוס פרק ו פסוק ח"}]},{"uri":"jbr:tanach-17-6-9","jbo:text":"והיה אם יותרו עשרה אנשים בבית אחד ומתו","jbo:textNikud":"וְהָיָה אִם יִוָּתְרוּ עֲשָׂרָה אֲנָשִׁים בְּבַיִת אֶחָד וָמֵתוּ","rdfs:label":"עמוס ו ט","jbo:sefer":"jbr:tanach-17","titles":[{"title":"עמוס ו ט"},{"title":"עמוס פרק ו פסוק ט"}]},{"uri":"jbr:tanach-17-6-10","jbo:text":"ונשאו דודו ומסרפו להוציא עצמים מן הבית ואמר לאשר בירכתי הבית העוד עמך ואמר אפס ואמר הס כי לא להזכיר בשם יהוה","jbo:textNikud":"וּנְשָׂאוֹ דּוֹדוֹ וּמְסָרְפוֹ לְהוֹצִיא עֲצָמִים מִן הַבַּיִת וְאָמַר לַאֲשֶׁר בְּיַרְכְּתֵי הַבַּיִת הַעוֹד עִמָּךְ וְאָמַר אָפֶס וְאָמַר הָס כִּי לֹא לְהַזְכִּיר בְּשֵׁם יְהוָה","rdfs:label":"עמוס ו י","jbo:sefer":"jbr:tanach-17","titles":[{"title":"עמוס ו י"},{"title":"עמוס פרק ו פסוק י"}]},{"uri":"jbr:tanach-17-6-11","jbo:text":"כי הנה יהוה מצוה והכה הבית הגדול רסיסים והבית הקטן בקעים","jbo:textNikud":"כִּי הִנֵּה יְהוָה מְצַוֶּה וְהִכָּה הַבַּיִת הַגָּדוֹל רְסִיסִים וְהַבַּיִת הַקָּטֹן בְּקִעִים","rdfs:label":"עמוס ו יא","jbo:sefer":"jbr:tanach-17","titles":[{"title":"עמוס ו יא"},{"title":"עמוס פרק ו פסוק יא"}]},{"uri":"jbr:tanach-17-6-12","jbo:text":"הירצון בסלע סוסים אם יחרוש בבקרים כי הפכתם לראש משפט ופרי צדקה ללענה","jbo:textNikud":"הַיְרֻצוּן בַּסֶּלַע סוּסִים אִם יַחֲרוֹשׁ בַּבְּקָרִים כִּי הֲפַכְתֶּם לְרֹאשׁ מִשְׁפָּט וּפְרִי צְדָקָה לְלַעֲנָה","rdfs:label":"עמוס ו יב","jbo:sefer":"jbr:tanach-17","titles":[{"title":"עמוס ו יב"},{"title":"עמוס פרק ו פסוק יב"}]},{"uri":"jbr:tanach-17-6-13","jbo:text":"השמחים ללא דבר האמרים הלוא בחזקנו לקחנו לנו קרנים","jbo:textNikud":"הַשְּׂמֵחִים לְלֹא דָבָר הָאֹמְרִים הֲלוֹא בְחָזְקֵנוּ לָקַחְנוּ לָנוּ קַרְנָיִם","rdfs:label":"עמוס ו יג","jbo:sefer":"jbr:tanach-17","titles":[{"title":"עמוס ו יג"},{"title":"עמוס פרק ו פסוק יג"}]},{"uri":"jbr:tanach-17-6-14","jbo:text":"כי הנני מקים עליכם בית ישראל נאם יהוה אלהי הצבאות גוי ולחצו אתכם מלבוא חמת עד נחל הערבה","jbo:textNikud":"כִּי הִנְנִי מֵקִים עֲלֵיכֶם בֵּית יִשְׂרָאֵל נְאֻם יְהוָה אֱלֹהֵי הַצְּבָאוֹת גּוֹי וְלָחֲצוּ אֶתְכֶם מִלְּבוֹא חֲמָת עַד נַחַל הָעֲרָבָה","rdfs:label":"עמוס ו יד","jbo:sefer":"jbr:tanach-17","titles":[{"title":"עמוס ו יד"},{"title":"עמוס פרק ו פסוק יד"}]},{"uri":"jbr:tanach-17-7-1","jbo:text":"כה הראני אדני יהוה והנה יוצר גבי בתחלת עלות הלקש והנה לקש אחר גזי המלך","jbo:textNikud":"כֹּה הִרְאַנִי אֲדֹנָי יְהוִה וְהִנֵּה יוֹצֵר גֹּבַי בִּתְחִלַּת עֲלוֹת הַלָּקֶשׁ וְהִנֵּה לֶקֶשׁ אַחַר גִּזֵּי הַמֶּלֶךְ","rdfs:label":"עמוס ז א","jbo:sefer":"jbr:tanach-17","titles":[{"title":"עמוס ז א"},{"title":"עמוס פרק ז פסוק א"}]},{"uri":"jbr:tanach-17-7-2","jbo:text":"והיה אם כלה לאכול את עשב הארץ ואמר אדני יהוה סלח נא מי יקום יעקב כי קטן הוא","jbo:textNikud":"וְהָיָה אִם כִּלָּה לֶאֱכוֹל אֶת עֵשֶׂב הָאָרֶץ וָאֹמַר אֲדֹנָי יְהוִה סְלַח נָא מִי יָקוּם יַעֲקֹב כִּי קָטֹן הוּא","rdfs:label":"עמוס ז ב","jbo:sefer":"jbr:tanach-17","titles":[{"title":"עמוס ז ב"},{"title":"עמוס פרק ז פסוק ב"}]},{"uri":"jbr:tanach-17-7-3","jbo:text":"נחם יהוה על זאת לא תהיה אמר יהוה","jbo:textNikud":"נִחַם יְהוָה עַל זֹאת לֹא תִהְיֶה אָמַר יְהוָה","rdfs:label":"עמוס ז ג","jbo:sefer":"jbr:tanach-17","titles":[{"title":"עמוס ז ג"},{"title":"עמוס פרק ז פסוק ג"}]},{"uri":"jbr:tanach-17-7-4","jbo:text":"כה הראני אדני יהוה והנה קרא לרב באש אדני יהוה ותאכל את תהום רבה ואכלה את החלק","jbo:textNikud":"כֹּה הִרְאַנִי אֲדֹנָי יְהוִה וְהִנֵּה קֹרֵא לָרִב בָּאֵשׁ אֲדֹנָי יְהוִה וַתֹּאכַל אֶת תְּהוֹם רַבָּה וְאָכְלָה אֶת הַחֵלֶק","rdfs:label":"עמוס ז ד","jbo:sefer":"jbr:tanach-17","titles":[{"title":"עמוס ז ד"},{"title":"עמוס פרק ז פסוק ד"}]},{"uri":"jbr:tanach-17-7-5","jbo:text":"ואמר אדני יהוה חדל נא מי יקום יעקב כי קטן הוא","jbo:textNikud":"וָאֹמַר אֲדֹנָי יְהוִה חֲדַל נָא מִי יָקוּם יַעֲקֹב כִּי קָטֹן הוּא","rdfs:label":"עמוס ז ה","jbo:sefer":"jbr:tanach-17","titles":[{"title":"עמוס ז ה"},{"title":"עמוס פרק ז פסוק ה"}]},{"uri":"jbr:tanach-17-7-6","jbo:text":"נחם יהוה על זאת גם היא לא תהיה אמר אדני יהוה","jbo:textNikud":"נִחַם יְהוָה עַל זֹאת גַּם הִיא לֹא תִהְיֶה אָמַר אֲדֹנָי יְהוִה","rdfs:label":"עמוס ז ו","jbo:sefer":"jbr:tanach-17","titles":[{"title":"עמוס ז ו"},{"title":"עמוס פרק ז פסוק ו"}]},{"uri":"jbr:tanach-17-7-7","jbo:text":"כה הראני והנה אדני נצב על חומת אנך ובידו אנך","jbo:textNikud":"כֹּה הִרְאַנִי וְהִנֵּה אֲדֹנָי נִצָּב עַל חוֹמַת אֲנָךְ וּבְיָדוֹ אֲנָךְ","rdfs:label":"עמוס ז ז","jbo:sefer":"jbr:tanach-17","titles":[{"title":"עמוס ז ז"},{"title":"עמוס פרק ז פסוק ז"}]},{"uri":"jbr:tanach-17-7-8","jbo:text":"ויאמר יהוה אלי מה אתה ראה עמוס ואמר אנך ויאמר אדני הנני שם אנך בקרב עמי ישראל לא אוסיף עוד עבור לו","jbo:textNikud":"וַיֹּאמֶר יְהוָה אֵלַי מָה אַתָּה רֹאֶה עָמוֹס וָאֹמַר אֲנָךְ וַיֹּאמֶר אֲדֹנָי הִנְנִי שָׂם אֲנָךְ בְּקֶרֶב עַמִּי יִשְׂרָאֵל לֹא אוֹסִיף עוֹד עֲבוֹר לוֹ","rdfs:label":"עמוס ז ח","jbo:sefer":"jbr:tanach-17","titles":[{"title":"עמוס ז ח"},{"title":"עמוס פרק ז פסוק ח"}]},{"uri":"jbr:tanach-17-7-9","jbo:text":"ונשמו במות ישחק ומקדשי ישראל יחרבו וקמתי על בית ירבעם בחרב","jbo:textNikud":"וְנָשַׁמּוּ בָּמוֹת יִשְׂחָק וּמִקְדְּשֵׁי יִשְׂרָאֵל יֶחֱרָבוּ וְקַמְתִּי עַל בֵּית יָרָבְעָם בֶּחָרֶב","rdfs:label":"עמוס ז ט","jbo:sefer":"jbr:tanach-17","titles":[{"title":"עמוס ז ט"},{"title":"עמוס פרק ז פסוק ט"}]},{"uri":"jbr:tanach-17-7-10","jbo:text":"וישלח אמציה כהן בית אל אל ירבעם מלך ישראל לאמר קשר עליך עמוס בקרב בית ישראל לא תוכל הארץ להכיל את כל דבריו","jbo:textNikud":"וַיִּשְׁלַח אֲמַצְיָה כֹּהֵן בֵּית אֵל אֶל יָרָבְעָם מֶלֶךְ יִשְׂרָאֵל לֵאמֹר קָשַׁר עָלֶיךָ עָמוֹס בְּקֶרֶב בֵּית יִשְׂרָאֵל לֹא תוּכַל הָאָרֶץ לְהָכִיל אֶת כָּל דְּבָרָיו","rdfs:label":"עמוס ז י","jbo:sefer":"jbr:tanach-17","titles":[{"title":"עמוס ז י"},{"title":"עמוס פרק ז פסוק י"}]},{"uri":"jbr:tanach-17-7-11","jbo:text":"כי כה אמר עמוס בחרב ימות ירבעם וישראל גלה יגלה מעל אדמתו","jbo:textNikud":"כִּי כֹה אָמַר עָמוֹס בַּחֶרֶב יָמוּת יָרָבְעָם וְיִשְׂרָאֵל גָּלֹה יִגְלֶה מֵעַל אַדְמָתוֹ","rdfs:label":"עמוס ז יא","jbo:sefer":"jbr:tanach-17","titles":[{"title":"עמוס ז יא"},{"title":"עמוס פרק ז פסוק יא"}]},{"uri":"jbr:tanach-17-7-12","jbo:text":"ויאמר אמציה אל עמוס חזה לך ברח לך אל ארץ יהודה ואכל שם לחם ושם תנבא","jbo:textNikud":"וַיֹּאמֶר אֲמַצְיָה אֶל עָמוֹס חֹזֶה לֵךְ בְּרַח לְךָ אֶל אֶרֶץ יְהוּדָה וֶאֱכָל שָׁם לֶחֶם וְשָׁם תִּנָּבֵא","rdfs:label":"עמוס ז יב","jbo:sefer":"jbr:tanach-17","titles":[{"title":"עמוס ז יב"},{"title":"עמוס פרק ז פסוק יב"}]},{"uri":"jbr:tanach-17-7-13","jbo:text":"ובית אל לא תוסיף עוד להנבא כי מקדש מלך הוא ובית ממלכה הוא","jbo:textNikud":"וּבֵית אֵל לֹא תוֹסִיף עוֹד לְהִנָּבֵא כִּי מִקְדַּשׁ מֶלֶךְ הוּא וּבֵית מַמְלָכָה הוּא","rdfs:label":"עמוס ז יג","jbo:sefer":"jbr:tanach-17","titles":[{"title":"עמוס ז יג"},{"title":"עמוס פרק ז פסוק יג"}]},{"uri":"jbr:tanach-17-7-14","jbo:text":"ויען עמוס ויאמר אל אמציה לא נביא אנכי ולא בן נביא אנכי כי בוקר אנכי ובולס שקמים","jbo:textNikud":"וַיַּעַן עָמוֹס וַיֹּאמֶר אֶל אֲמַצְיָה לֹא נָבִיא אָנֹכִי וְלֹא בֶן נָבִיא אָנֹכִי כִּי בוֹקֵר אָנֹכִי וּבוֹלֵס שִׁקְמִים","rdfs:label":"עמוס ז יד","jbo:sefer":"jbr:tanach-17","titles":[{"title":"עמוס ז יד"},{"title":"עמוס פרק ז פסוק יד"}]},{"uri":"jbr:tanach-17-7-15","jbo:text":"ויקחני יהוה מאחרי הצאן ויאמר אלי יהוה לך הנבא אל עמי ישראל","jbo:textNikud":"וַיִּקָּחֵנִי יְהוָה מֵאַחֲרֵי הַצֹּאן וַיֹּאמֶר אֵלַי יְהוָה לֵךְ הִנָּבֵא אֶל עַמִּי יִשְׂרָאֵל","rdfs:label":"עמוס ז טו","jbo:sefer":"jbr:tanach-17","titles":[{"title":"עמוס ז טו"},{"title":"עמוס פרק ז פסוק טו"}]},{"uri":"jbr:tanach-17-7-16","jbo:text":"ועתה שמע דבר יהוה אתה אמר לא תנבא על ישראל ולא תטיף על בית ישחק","jbo:textNikud":"וְעַתָּה שְׁמַע דְּבַר יְהוָה אַתָּה אֹמֵר לֹא תִנָּבֵא עַל יִשְׂרָאֵל וְלֹא תַטִּיף עַל בֵּית יִשְׂחָק","rdfs:label":"עמוס ז טז","jbo:sefer":"jbr:tanach-17","titles":[{"title":"עמוס ז טז"},{"title":"עמוס פרק ז פסוק טז"}]},{"uri":"jbr:tanach-17-7-17","jbo:text":"לכן כה אמר יהוה אשתך בעיר תזנה ובניך ובנתיך בחרב יפלו ואדמתך בחבל תחלק ואתה על אדמה טמאה תמות וישראל גלה יגלה מעל אדמתו","jbo:textNikud":"לָכֵן כֹּה אָמַר יְהוָה אִשְׁתְּךָ בָּעִיר תִּזְנֶה וּבָנֶיךָ וּבְנֹתֶיךָ בַּחֶרֶב יִפֹּלוּ וְאַדְמָתְךָ בַּחֶבֶל תְּחֻלָּק וְאַתָּה עַל אֲדָמָה טְמֵאָה תָּמוּת וְיִשְׂרָאֵל גָּלֹה יִגְלֶה מֵעַל אַדְמָתוֹ","rdfs:label":"עמוס ז יז","jbo:sefer":"jbr:tanach-17","titles":[{"title":"עמוס ז יז"},{"title":"עמוס פרק ז פסוק יז"}]},{"uri":"jbr:tanach-17-8-1","jbo:text":"כה הראני אדני יהוה והנה כלוב קיץ","jbo:textNikud":"כֹּה הִרְאַנִי אֲדֹנָי יְהוִה וְהִנֵּה כְּלוּב קָיִץ","rdfs:label":"עמוס ח א","jbo:sefer":"jbr:tanach-17","titles":[{"title":"עמוס ח א"},{"title":"עמוס פרק ח פסוק א"}]},{"uri":"jbr:tanach-17-8-2","jbo:text":"ויאמר מה אתה ראה עמוס ואמר כלוב קיץ ויאמר יהוה אלי בא הקץ אל עמי ישראל לא אוסיף עוד עבור לו","jbo:textNikud":"וַיֹּאמֶר מָה אַתָּה רֹאֶה עָמוֹס וָאֹמַר כְּלוּב קָיִץ וַיֹּאמֶר יְהוָה אֵלַי בָּא הַקֵּץ אֶל עַמִּי יִשְׂרָאֵל לֹא אוֹסִיף עוֹד עֲבוֹר לוֹ","rdfs:label":"עמוס ח ב","jbo:sefer":"jbr:tanach-17","titles":[{"title":"עמוס ח ב"},{"title":"עמוס פרק ח פסוק ב"}]},{"uri":"jbr:tanach-17-8-3","jbo:text":"והילילו שירות היכל ביום ההוא נאם אדני יהוה רב הפגר בכל מקום השליך הס","jbo:textNikud":"וְהֵילִילוּ שִׁירוֹת הֵיכָל בַּיּוֹם הַהוּא נְאֻם אֲדֹנָי יְהוִה רַב הַפֶּגֶר בְּכָל מָקוֹם הִשְׁלִיךְ הָס","rdfs:label":"עמוס ח ג","jbo:sefer":"jbr:tanach-17","titles":[{"title":"עמוס ח ג"},{"title":"עמוס פרק ח פסוק ג"}]},{"uri":"jbr:tanach-17-8-4","jbo:text":"שמעו זאת השאפים אביון ולשבית (ענוי) עניי ארץ","jbo:textNikud":"שִׁמְעוּ זֹאת הַשֹּׁאֲפִים אֶבְיוֹן וְלַשְׁבִּית (ענוי) עֲנִיֵּי אָרֶץ","rdfs:label":"עמוס ח ד","jbo:sefer":"jbr:tanach-17","titles":[{"title":"עמוס ח ד"},{"title":"עמוס פרק ח פסוק ד"}]},{"uri":"jbr:tanach-17-8-5","jbo:text":"לאמר מתי יעבר החדש ונשבירה שבר והשבת ונפתחה בר להקטין איפה ולהגדיל שקל ולעות מאזני מרמה","jbo:textNikud":"לֵאמֹר מָתַי יַעֲבֹר הַחֹדֶשׁ וְנַשְׁבִּירָה שֶּׁבֶר וְהַשַּׁבָּת וְנִפְתְּחָה בָּר לְהַקְטִין אֵיפָה וּלְהַגְדִּיל שֶׁקֶל וּלְעַוֵּת מֹאזְנֵי מִרְמָה","rdfs:label":"עמוס ח ה","jbo:sefer":"jbr:tanach-17","titles":[{"title":"עמוס ח ה"},{"title":"עמוס פרק ח פסוק ה"}]},{"uri":"jbr:tanach-17-8-6","jbo:text":"לקנות בכסף דלים ואביון בעבור נעלים ומפל בר נשביר","jbo:textNikud":"לִקְנוֹת בַּכֶּסֶף דַּלִּים וְאֶבְיוֹן בַּעֲבוּר נַעֲלָיִם וּמַפַּל בַּר נַשְׁבִּיר","rdfs:label":"עמוס ח ו","jbo:sefer":"jbr:tanach-17","titles":[{"title":"עמוס ח ו"},{"title":"עמוס פרק ח פסוק ו"}]},{"uri":"jbr:tanach-17-8-7","jbo:text":"נשבע יהוה בגאון יעקב אם אשכח לנצח כל מעשיהם","jbo:textNikud":"נִשְׁבַּע יְהוָה בִּגְאוֹן יַעֲקֹב אִם אֶשְׁכַּח לָנֶצַח כָּל מַעֲשֵׂיהֶם","rdfs:label":"עמוס ח ז","jbo:sefer":"jbr:tanach-17","titles":[{"title":"עמוס ח ז"},{"title":"עמוס פרק ח פסוק ז"}]},{"uri":"jbr:tanach-17-8-8","jbo:text":"העל זאת לא תרגז הארץ ואבל כל יושב בה ועלתה כאר כלה ונגרשה (ונשקה) ונשקעה כיאור מצרים","jbo:textNikud":"הַעַל זֹאת לֹא תִרְגַּז הָאָרֶץ וְאָבַל כָּל יוֹשֵׁב בָּהּ וְעָלְתָה כָאֹר כֻּלָּהּ וְנִגְרְשָׁה (ונשקה) וְנִשְׁקְעָה כִּיאוֹר מִצְרָיִם","rdfs:label":"עמוס ח ח","jbo:sefer":"jbr:tanach-17","titles":[{"title":"עמוס ח ח"},{"title":"עמוס פרק ח פסוק ח"}]},{"uri":"jbr:tanach-17-8-9","jbo:text":"והיה ביום ההוא נאם אדני יהוה והבאתי השמש בצהרים והחשכתי לארץ ביום אור","jbo:textNikud":"וְהָיָה בַּיּוֹם הַהוּא נְאֻם אֲדֹנָי יְהוִה וְהֵבֵאתִי הַשֶּׁמֶשׁ בַּצָּהֳרָיִם וְהַחֲשַׁכְתִּי לָאָרֶץ בְּיוֹם אוֹר","rdfs:label":"עמוס ח ט","jbo:sefer":"jbr:tanach-17","titles":[{"title":"עמוס ח ט"},{"title":"עמוס פרק ח פסוק ט"}]},{"uri":"jbr:tanach-17-8-10","jbo:text":"והפכתי חגיכם לאבל וכל שיריכם לקינה והעליתי על כל מתנים שק ועל כל ראש קרחה ושמתיה כאבל יחיד ואחריתה כיום מר","jbo:textNikud":"וְהָפַכְתִּי חַגֵּיכֶם לְאֵבֶל וְכָל שִׁירֵיכֶם לְקִינָה וְהַעֲלֵיתִי עַל כָּל מָתְנַיִם שָׂק וְעַל כָּל רֹאשׁ קָרְחָה וְשַׂמְתִּיהָ כְּאֵבֶל יָחִיד וְאַחֲרִיתָהּ כְּיוֹם מָר","rdfs:label":"עמוס ח י","jbo:sefer":"jbr:tanach-17","titles":[{"title":"עמוס ח י"},{"title":"עמוס פרק ח פסוק י"}]},{"uri":"jbr:tanach-17-8-11","jbo:text":"הנה ימים באים נאם אדני יהוה והשלחתי רעב בארץ לא רעב ללחם ולא צמא למים כי אם לשמע את דברי יהוה","jbo:textNikud":"הִנֵּה יָמִים בָּאִים נְאֻם אֲדֹנָי יְהוִה וְהִשְׁלַחְתִּי רָעָב בָּאָרֶץ לֹא רָעָב לַלֶּחֶם וְלֹא צָמָא לַמַּיִם כִּי אִם לִשְׁמֹעַ אֵת דִּבְרֵי יְהוָה","rdfs:label":"עמוס ח יא","jbo:sefer":"jbr:tanach-17","titles":[{"title":"עמוס ח יא"},{"title":"עמוס פרק ח פסוק יא"}]},{"uri":"jbr:tanach-17-8-12","jbo:text":"ונעו מים עד ים ומצפון ועד מזרח ישוטטו לבקש את דבר יהוה ולא ימצאו","jbo:textNikud":"וְנָעוּ מִיָּם עַד יָם וּמִצָּפוֹן וְעַד מִזְרָח יְשׁוֹטְטוּ לְבַקֵּשׁ אֶת דְּבַר יְהוָה וְלֹא יִמְצָאוּ","rdfs:label":"עמוס ח יב","jbo:sefer":"jbr:tanach-17","titles":[{"title":"עמוס ח יב"},{"title":"עמוס פרק ח פסוק יב"}]},{"uri":"jbr:tanach-17-8-13","jbo:text":"ביום ההוא תתעלפנה הבתולת היפות והבחורים בצמא","jbo:textNikud":"בַּיּוֹם הַהוּא תִּתְעַלַּפְנָה הַבְּתוּלֹת הַיָּפוֹת וְהַבַּחוּרִים בַּצָּמָא","rdfs:label":"עמוס ח יג","jbo:sefer":"jbr:tanach-17","titles":[{"title":"עמוס ח יג"},{"title":"עמוס פרק ח פסוק יג"}]},{"uri":"jbr:tanach-17-8-14","jbo:text":"הנשבעים באשמת שמרון ואמרו חי אלהיך דן וחי דרך באר שבע ונפלו ולא יקומו עוד","jbo:textNikud":"הַנִּשְׁבָּעִים בְּאַשְׁמַת שֹׁמְרוֹן וְאָמְרוּ חֵי אֱלֹהֶיךָ דָּן וְחֵי דֶּרֶךְ בְּאֵר שָׁבַע וְנָפְלוּ וְלֹא יָקוּמוּ עוֹד","rdfs:label":"עמוס ח יד","jbo:sefer":"jbr:tanach-17","titles":[{"title":"עמוס ח יד"},{"title":"עמוס פרק ח פסוק יד"}]},{"uri":"jbr:tanach-17-9-1","jbo:text":"ראיתי את אדני נצב על המזבח ויאמר הך הכפתור וירעשו הספים ובצעם בראש כלם ואחריתם בחרב אהרג לא ינוס להם נס ולא ימלט להם פליט","jbo:textNikud":"רָאִיתִי אֶת אֲדֹנָי נִצָּב עַל הַמִּזְבֵּחַ וַיֹּאמֶר הַךְ הַכַּפְתּוֹר וְיִרְעֲשׁוּ הַסִּפִּים וּבְצַעַם בְּרֹאשׁ כֻּלָּם וְאַחֲרִיתָם בַּחֶרֶב אֶהֱרֹג לֹא יָנוּס לָהֶם נָס וְלֹא יִמָּלֵט לָהֶם פָּלִיט","rdfs:label":"עמוס ט א","jbo:sefer":"jbr:tanach-17","titles":[{"title":"עמוס ט א"},{"title":"עמוס פרק ט פסוק א"}]},{"uri":"jbr:tanach-17-9-2","jbo:text":"אם יחתרו בשאול משם ידי תקחם ואם יעלו השמים משם אורידם","jbo:textNikud":"אִם יַחְתְּרוּ בִשְׁאוֹל מִשָּׁם יָדִי תִקָּחֵם וְאִם יַעֲלוּ הַשָּׁמַיִם מִשָּׁם אוֹרִידֵם","rdfs:label":"עמוס ט ב","jbo:sefer":"jbr:tanach-17","titles":[{"title":"עמוס ט ב"},{"title":"עמוס פרק ט פסוק ב"}]},{"uri":"jbr:tanach-17-9-3","jbo:text":"ואם יחבאו בראש הכרמל משם אחפש ולקחתים ואם יסתרו מנגד עיני בקרקע הים משם אצוה את הנחש ונשכם","jbo:textNikud":"וְאִם יֵחָבְאוּ בְּרֹאשׁ הַכַּרְמֶל מִשָּׁם אֲחַפֵּשׂ וּלְקַחְתִּים וְאִם יִסָּתְרוּ מִנֶּגֶד עֵינַי בְּקַרְקַע הַיָּם מִשָּׁם אֲצַוֶּה אֶת הַנָּחָשׁ וּנְשָׁכָם","rdfs:label":"עמוס ט ג","jbo:sefer":"jbr:tanach-17","titles":[{"title":"עמוס ט ג"},{"title":"עמוס פרק ט פסוק ג"}]},{"uri":"jbr:tanach-17-9-4","jbo:text":"ואם ילכו בשבי לפני איביהם משם אצוה את החרב והרגתם ושמתי עיני עליהם לרעה ולא לטובה","jbo:textNikud":"וְאִם יֵלְכוּ בַשְּׁבִי לִפְנֵי אֹיבֵיהֶם מִשָּׁם אֲצַוֶּה אֶת הַחֶרֶב וַהֲרָגָתַם וְשַׂמְתִּי עֵינִי עֲלֵיהֶם לְרָעָה וְלֹא לְטוֹבָה","rdfs:label":"עמוס ט ד","jbo:sefer":"jbr:tanach-17","titles":[{"title":"עמוס ט ד"},{"title":"עמוס פרק ט פסוק ד"}]},{"uri":"jbr:tanach-17-9-5","jbo:text":"ואדני יהוה הצבאות הנוגע בארץ ותמוג ואבלו כל יושבי בה ועלתה כיאר כלה ושקעה כיאר מצרים","jbo:textNikud":"וַאדֹנָי יְהוִה הַצְּבָאוֹת הַנּוֹגֵעַ בָּאָרֶץ וַתָּמוֹג וְאָבְלוּ כָּל יוֹשְׁבֵי בָהּ וְעָלְתָה כַיְאֹר כֻּלָּהּ וְשָׁקְעָה כִּיאֹר מִצְרָיִם","rdfs:label":"עמוס ט ה","jbo:sefer":"jbr:tanach-17","titles":[{"title":"עמוס ט ה"},{"title":"עמוס פרק ט פסוק ה"}]},{"uri":"jbr:tanach-17-9-6","jbo:text":"הבונה בשמים (מעלותו) מעלותיו ואגדתו על ארץ יסדה הקרא למי הים וישפכם על פני הארץ יהוה שמו","jbo:textNikud":"הַבּוֹנֶה בַשָּׁמַיִם (מעלותו) מַעֲלוֹתָיו וַאֲגֻדָּתוֹ עַל אֶרֶץ יְסָדָהּ הַקֹּרֵא לְמֵי הַיָּם וַיִּשְׁפְּכֵם עַל פְּנֵי הָאָרֶץ יְהוָה שְׁמוֹ","rdfs:label":"עמוס ט ו","jbo:sefer":"jbr:tanach-17","titles":[{"title":"עמוס ט ו"},{"title":"עמוס פרק ט פסוק ו"}]},{"uri":"jbr:tanach-17-9-7","jbo:text":"הלוא כבני כשיים אתם לי בני ישראל נאם יהוה הלוא את ישראל העליתי מארץ מצרים ופלשתיים מכפתור וארם מקיר","jbo:textNikud":"הֲלוֹא כִבְנֵי כֻשִׁיִּים אַתֶּם לִי בְּנֵי יִשְׂרָאֵל נְאֻם יְהוָה הֲלוֹא אֶת יִשְׂרָאֵל הֶעֱלֵיתִי מֵאֶרֶץ מִצְרַיִם וּפְלִשְׁתִּיִּים מִכַּפְתּוֹר וַאֲרָם מִקִּיר","rdfs:label":"עמוס ט ז","jbo:sefer":"jbr:tanach-17","titles":[{"title":"עמוס ט ז"},{"title":"עמוס פרק ט פסוק ז"}]},{"uri":"jbr:tanach-17-9-8","jbo:text":"הנה עיני אדני יהוה בממלכה החטאה והשמדתי אתה מעל פני האדמה אפס כי לא השמיד אשמיד את בית יעקב נאם יהוה","jbo:textNikud":"הִנֵּה עֵינֵי אֲדֹנָי יְהוִה בַּמַּמְלָכָה הַחַטָּאָה וְהִשְׁמַדְתִּי אֹתָהּ מֵעַל פְּנֵי הָאֲדָמָה אֶפֶס כִּי לֹא הַשְׁמֵיד אַשְׁמִיד אֶת בֵּית יַעֲקֹב נְאֻם יְהוָה","rdfs:label":"עמוס ט ח","jbo:sefer":"jbr:tanach-17","titles":[{"title":"עמוס ט ח"},{"title":"עמוס פרק ט פסוק ח"}]},{"uri":"jbr:tanach-17-9-9","jbo:text":"כי הנה אנכי מצוה והנעותי בכל הגוים את בית ישראל כאשר ינוע בכברה ולא יפול צרור ארץ","jbo:textNikud":"כִּי הִנֵּה אָנֹכִי מְצַוֶּה וַהֲנִעוֹתִי בְכָל הַגּוֹיִם אֶת בֵּית יִשְׂרָאֵל כַּאֲשֶׁר יִנּוֹעַ בַּכְּבָרָה וְלֹא יִפּוֹל צְרוֹר אָרֶץ","rdfs:label":"עמוס ט ט","jbo:sefer":"jbr:tanach-17","titles":[{"title":"עמוס ט ט"},{"title":"עמוס פרק ט פסוק ט"}]},{"uri":"jbr:tanach-17-9-10","jbo:text":"בחרב ימותו כל חטאי עמי האמרים לא תגיש ותקדים בעדינו הרעה","jbo:textNikud":"בַּחֶרֶב יָמוּתוּ כֹּל חַטָּאֵי עַמִּי הָאֹמְרִים לֹא תַגִּישׁ וְתַקְדִּים בַּעֲדֵינוּ הָרָעָה","rdfs:label":"עמוס ט י","jbo:sefer":"jbr:tanach-17","titles":[{"title":"עמוס ט י"},{"title":"עמוס פרק ט פסוק י"}]},{"uri":"jbr:tanach-17-9-11","jbo:text":"ביום ההוא אקים את סכת דויד הנפלת וגדרתי את פרציהן והרסתיו אקים ובניתיה כימי עולם","jbo:textNikud":"בַּיּוֹם הַהוּא אָקִים אֶת סֻכַּת דָּוִיד הַנֹּפֶלֶת וְגָדַרְתִּי אֶת פִּרְצֵיהֶן וַהֲרִסֹתָיו אָקִים וּבְנִיתִיהָ כִּימֵי עוֹלָם","rdfs:label":"עמוס ט יא","jbo:sefer":"jbr:tanach-17","titles":[{"title":"עמוס ט יא"},{"title":"עמוס פרק ט פסוק יא"}]},{"uri":"jbr:tanach-17-9-12","jbo:text":"למען יירשו את שארית אדום וכל הגוים אשר נקרא שמי עליהם נאם יהוה עשה זאת","jbo:textNikud":"לְמַעַן יִירְשׁוּ אֶת שְׁאֵרִית אֱדוֹם וְכָל הַגּוֹיִם אֲשֶׁר נִקְרָא שְׁמִי עֲלֵיהֶם נְאֻם יְהוָה עֹשֶׂה זֹּאת","rdfs:label":"עמוס ט יב","jbo:sefer":"jbr:tanach-17","titles":[{"title":"עמוס ט יב"},{"title":"עמוס פרק ט פסוק יב"}]},{"uri":"jbr:tanach-17-9-13","jbo:text":"הנה ימים באים נאם יהוה ונגש חורש בקצר ודרך ענבים במשך הזרע והטיפו ההרים עסיס וכל הגבעות תתמוגגנה","jbo:textNikud":"הִנֵּה יָמִים בָּאִים נְאֻם יְהוָה וְנִגַּשׁ חוֹרֵשׁ בַּקֹּצֵר וְדֹרֵךְ עֲנָבִים בְּמֹשֵׁךְ הַזָּרַע וְהִטִּיפוּ הֶהָרִים עָסִיס וְכָל הַגְּבָעוֹת תִּתְמוֹגַגְנָה","rdfs:label":"עמוס ט יג","jbo:sefer":"jbr:tanach-17","titles":[{"title":"עמוס ט יג"},{"title":"עמוס פרק ט פסוק יג"}]},{"uri":"jbr:tanach-17-9-14","jbo:text":"ושבתי את שבות עמי ישראל ובנו ערים נשמות וישבו ונטעו כרמים ושתו את יינם ועשו גנות ואכלו את פריהם","jbo:textNikud":"וְשַׁבְתִּי אֶת שְׁבוּת עַמִּי יִשְׂרָאֵל וּבָנוּ עָרִים נְשַׁמּוֹת וְיָשָׁבוּ וְנָטְעוּ כְרָמִים וְשָׁתוּ אֶת יֵינָם וְעָשׂוּ גַנּוֹת וְאָכְלוּ אֶת פְּרִיהֶם","rdfs:label":"עמוס ט יד","jbo:sefer":"jbr:tanach-17","titles":[{"title":"עמוס ט יד"},{"title":"עמוס פרק ט פסוק יד"}]},{"uri":"jbr:tanach-17-9-15","jbo:text":"ונטעתים על אדמתם ולא ינתשו עוד מעל אדמתם אשר נתתי להם אמר יהוה אלהיך","jbo:textNikud":"וּנְטַעְתִּים עַל אַדְמָתָם וְלֹא יִנָּתְשׁוּ עוֹד מֵעַל אַדְמָתָם אֲשֶׁר נָתַתִּי לָהֶם אָמַר יְהוָה אֱלֹהֶיךָ","rdfs:label":"עמוס ט טו","jbo:sefer":"jbr:tanach-17","titles":[{"title":"עמוס ט טו"},{"title":"עמוס פרק ט פסוק טו"}]}]}