{"subjects":[{"uri":"jbr:tanach-18-1-1","jbo:text":"חזון עבדיה כה אמר אדני יהוה לאדום שמועה שמענו מאת יהוה וציר בגוים שלח קומו ונקומה עליה למלחמה","jbo:textNikud":"חֲזוֹן עֹבַדְיָה כֹּה אָמַר אֲדֹנָי יְהוִה לֶאֱדוֹם שְׁמוּעָה שָׁמַעְנוּ מֵאֵת יְהוָה וְצִיר בַּגּוֹיִם שֻׁלָּח קוּמוּ וְנָקוּמָה עָלֶיהָ לַמִּלְחָמָה","rdfs:label":"עובדיה א א","jbo:sefer":"jbr:tanach-18","titles":[{"title":"עובדיה א א"},{"title":"עובדיה פרק א פסוק א"}]},{"uri":"jbr:tanach-18-1-2","jbo:text":"הנה קטן נתתיך בגוים בזוי אתה מאד","jbo:textNikud":"הִנֵּה קָטֹן נְתַתִּיךָ בַּגּוֹיִם בָּזוּי אַתָּה מְאֹד","rdfs:label":"עובדיה א ב","jbo:sefer":"jbr:tanach-18","titles":[{"title":"עובדיה א ב"},{"title":"עובדיה פרק א פסוק ב"}]},{"uri":"jbr:tanach-18-1-3","jbo:text":"זדון לבך השיאך שכני בחגוי סלע מרום שבתו אמר בלבו מי יורדני ארץ","jbo:textNikud":"זְדוֹן לִבְּךָ הִשִּׁיאֶךָ שֹׁכְנִי בְחַגְוֵי סֶּלַע מְרוֹם שִׁבְתּוֹ אֹמֵר בְּלִבּוֹ מִי יוֹרִדֵנִי אָרֶץ","rdfs:label":"עובדיה א ג","jbo:sefer":"jbr:tanach-18","titles":[{"title":"עובדיה א ג"},{"title":"עובדיה פרק א פסוק ג"}]},{"uri":"jbr:tanach-18-1-4","jbo:text":"אם תגביה כנשר ואם בין כוכבים שים קנך משם אורידך נאם יהוה","jbo:textNikud":"אִם תַּגְבִּיהַּ כַּנֶּשֶׁר וְאִם בֵּין כּוֹכָבִים שִׂים קִנֶּךָ מִשָּׁם אוֹרִידְךָ נְאֻם יְהוָה","rdfs:label":"עובדיה א ד","jbo:sefer":"jbr:tanach-18","titles":[{"title":"עובדיה א ד"},{"title":"עובדיה פרק א פסוק ד"}]},{"uri":"jbr:tanach-18-1-5","jbo:text":"אם גנבים באו לך אם שודדי לילה איך נדמיתה הלוא יגנבו דים אם בצרים באו לך הלוא ישאירו עללות","jbo:textNikud":"אִם גַּנָּבִים בָּאוּ לְךָ אִם שׁוֹדְדֵי לַיְלָה אֵיךְ נִדְמֵיתָה הֲלוֹא יִגְנְבוּ דַּיָּם אִם בֹּצְרִים בָּאוּ לָךְ הֲלוֹא יַשְׁאִירוּ עֹלֵלוֹת","rdfs:label":"עובדיה א ה","jbo:sefer":"jbr:tanach-18","titles":[{"title":"עובדיה א ה"},{"title":"עובדיה פרק א פסוק ה"}]},{"uri":"jbr:tanach-18-1-6","jbo:text":"איך נחפשו עשו נבעו מצפניו","jbo:textNikud":"אֵיךְ נֶחְפְּשׂוּ עֵשָׂו נִבְעוּ מַצְפֻּנָיו","rdfs:label":"עובדיה א ו","jbo:sefer":"jbr:tanach-18","titles":[{"title":"עובדיה א ו"},{"title":"עובדיה פרק א פסוק ו"}]},{"uri":"jbr:tanach-18-1-7","jbo:text":"עד הגבול שלחוך כל אנשי בריתך השיאוך יכלו לך אנשי שלמך לחמך ישימו מזור תחתיך אין תבונה בו","jbo:textNikud":"עַד הַגְּבוּל שִׁלְּחוּךָ כֹּל אַנְשֵׁי בְרִיתֶךָ הִשִּׁיאוּךָ יָכְלוּ לְךָ אַנְשֵׁי שְׁלֹמֶךָ לַחְמְךָ יָשִׂימוּ מָזוֹר תַּחְתֶּיךָ אֵין תְּבוּנָה בּוֹ","rdfs:label":"עובדיה א ז","jbo:sefer":"jbr:tanach-18","titles":[{"title":"עובדיה א ז"},{"title":"עובדיה פרק א פסוק ז"}]},{"uri":"jbr:tanach-18-1-8","jbo:text":"הלוא ביום ההוא נאם יהוה והאבדתי חכמים מאדום ותבונה מהר עשו","jbo:textNikud":"הֲלוֹא בַּיּוֹם הַהוּא נְאֻם יְהוָה וְהַאֲבַדְתִּי חֲכָמִים מֵאֱדוֹם וּתְבוּנָה מֵהַר עֵשָׂו","rdfs:label":"עובדיה א ח","jbo:sefer":"jbr:tanach-18","titles":[{"title":"עובדיה א ח"},{"title":"עובדיה פרק א פסוק ח"}]},{"uri":"jbr:tanach-18-1-9","jbo:text":"וחתו גבוריך תימן למען יכרת איש מהר עשו מקטל","jbo:textNikud":"וְחַתּוּ גִבּוֹרֶיךָ תֵּימָן לְמַעַן יִכָּרֶת אִישׁ מֵהַר עֵשָׂו מִקָּטֶל","rdfs:label":"עובדיה א ט","jbo:sefer":"jbr:tanach-18","titles":[{"title":"עובדיה א ט"},{"title":"עובדיה פרק א פסוק ט"}]},{"uri":"jbr:tanach-18-1-10","jbo:text":"מחמס אחיך יעקב תכסך בושה ונכרת לעולם","jbo:textNikud":"מֵחֲמַס אָחִיךָ יַעֲקֹב תְּכַסְּךָ בוּשָׁה וְנִכְרַתָּ לְעוֹלָם","rdfs:label":"עובדיה א י","jbo:sefer":"jbr:tanach-18","titles":[{"title":"עובדיה א י"},{"title":"עובדיה פרק א פסוק י"}]},{"uri":"jbr:tanach-18-1-11","jbo:text":"ביום עמדך מנגד ביום שבות זרים חילו ונכרים באו (שערו) שעריו ועל ירושלם ידו גורל גם אתה כאחד מהם","jbo:textNikud":"בְּיוֹם עֲמָדְךָ מִנֶּגֶד בְּיוֹם שְׁבוֹת זָרִים חֵילוֹ וְנָכְרִים בָּאוּ (שערו) שְׁעָרָיו וְעַל יְרוּשָׁלִַם יַדּוּ גוֹרָל גַּם אַתָּה כְּאַחַד מֵהֶם","rdfs:label":"עובדיה א יא","jbo:sefer":"jbr:tanach-18","titles":[{"title":"עובדיה א יא"},{"title":"עובדיה פרק א פסוק יא"}]},{"uri":"jbr:tanach-18-1-12","jbo:text":"ואל תרא ביום אחיך ביום נכרו ואל תשמח לבני יהודה ביום אבדם ואל תגדל פיך ביום צרה","jbo:textNikud":"וְאַל תֵּרֶא בְיוֹם אָחִיךָ בְּיוֹם נָכְרוֹ וְאַל תִּשְׂמַח לִבְנֵי יְהוּדָה בְּיוֹם אָבְדָם וְאַל תַּגְדֵּל פִּיךָ בְּיוֹם צָרָה","rdfs:label":"עובדיה א יב","jbo:sefer":"jbr:tanach-18","titles":[{"title":"עובדיה א יב"},{"title":"עובדיה פרק א פסוק יב"}]},{"uri":"jbr:tanach-18-1-13","jbo:text":"אל תבוא בשער עמי ביום אידם אל תרא גם אתה ברעתו ביום אידו ואל תשלחנה בחילו ביום אידו","jbo:textNikud":"אַל תָּבוֹא בְשַׁעַר עַמִּי בְּיוֹם אֵידָם אַל תֵּרֶא גַם אַתָּה בְּרָעָתוֹ בְּיוֹם אֵידוֹ וְאַל תִּשְׁלַחְנָה בְחֵילוֹ בְּיוֹם אֵידוֹ","rdfs:label":"עובדיה א יג","jbo:sefer":"jbr:tanach-18","titles":[{"title":"עובדיה א יג"},{"title":"עובדיה פרק א פסוק יג"}]},{"uri":"jbr:tanach-18-1-14","jbo:text":"ואל תעמד על הפרק להכרית את פליטיו ואל תסגר שרידיו ביום צרה","jbo:textNikud":"וְאַל תַּעֲמֹד עַל הַפֶּרֶק לְהַכְרִית אֶת פְּלִיטָיו וְאַל תַּסְגֵּר שְׂרִידָיו בְּיוֹם צָרָה","rdfs:label":"עובדיה א יד","jbo:sefer":"jbr:tanach-18","titles":[{"title":"עובדיה א יד"},{"title":"עובדיה פרק א פסוק יד"}]},{"uri":"jbr:tanach-18-1-15","jbo:text":"כי קרוב יום יהוה על כל הגוים כאשר עשית יעשה לך גמלך ישוב בראשך","jbo:textNikud":"כִּי קָרוֹב יוֹם יְהוָה עַל כָּל הַגּוֹיִם כַּאֲשֶׁר עָשִׂיתָ יֵעָשֶׂה לָּךְ גְּמֻלְךָ יָשׁוּב בְּרֹאשֶׁךָ","rdfs:label":"עובדיה א טו","jbo:sefer":"jbr:tanach-18","titles":[{"title":"עובדיה א טו"},{"title":"עובדיה פרק א פסוק טו"}]},{"uri":"jbr:tanach-18-1-16","jbo:text":"כי כאשר שתיתם על הר קדשי ישתו כל הגוים תמיד ושתו ולעו והיו כלוא היו","jbo:textNikud":"כִּי כַּאֲשֶׁר שְׁתִיתֶם עַל הַר קָדְשִׁי יִשְׁתּוּ כָל הַגּוֹיִם תָּמִיד וְשָׁתוּ וְלָעוּ וְהָיוּ כְּלוֹא הָיוּ","rdfs:label":"עובדיה א טז","jbo:sefer":"jbr:tanach-18","titles":[{"title":"עובדיה א טז"},{"title":"עובדיה פרק א פסוק טז"}]},{"uri":"jbr:tanach-18-1-17","jbo:text":"ובהר ציון תהיה פליטה והיה קדש וירשו בית יעקב את מורשיהם","jbo:textNikud":"וּבְהַר צִיּוֹן תִּהְיֶה פְלֵיטָה וְהָיָה קֹדֶשׁ וְיָרְשׁוּ בֵּית יַעֲקֹב אֵת מוֹרָשֵׁיהֶם","rdfs:label":"עובדיה א יז","jbo:sefer":"jbr:tanach-18","titles":[{"title":"עובדיה א יז"},{"title":"עובדיה פרק א פסוק יז"}]},{"uri":"jbr:tanach-18-1-18","jbo:text":"והיה בית יעקב אש ובית יוסף להבה ובית עשו לקש ודלקו בהם ואכלום ולא יהיה שריד לבית עשו כי יהוה דבר","jbo:textNikud":"וְהָיָה בֵית יַעֲקֹב אֵשׁ וּבֵית יוֹסֵף לֶהָבָה וּבֵית עֵשָׂו לְקַשׁ וְדָלְקוּ בָהֶם וַאֲכָלוּם וְלֹא יִהְיֶה שָׂרִיד לְבֵית עֵשָׂו כִּי יְהוָה דִּבֵּר","rdfs:label":"עובדיה א יח","jbo:sefer":"jbr:tanach-18","titles":[{"title":"עובדיה א יח"},{"title":"עובדיה פרק א פסוק יח"}]},{"uri":"jbr:tanach-18-1-19","jbo:text":"וירשו הנגב את הר עשו והשפלה את פלשתים וירשו את שדה אפרים ואת שדה שמרון ובנימן את הגלעד","jbo:textNikud":"וְיָרְשׁוּ הַנֶּגֶב אֶת הַר עֵשָׂו וְהַשְּׁפֵלָה אֶת פְּלִשְׁתִּים וְיָרְשׁוּ אֶת שְׂדֵה אֶפְרַיִם וְאֵת שְׂדֵה שֹׁמְרוֹן וּבִנְיָמִן אֶת הַגִּלְעָד","rdfs:label":"עובדיה א יט","jbo:sefer":"jbr:tanach-18","titles":[{"title":"עובדיה א יט"},{"title":"עובדיה פרק א פסוק יט"}]},{"uri":"jbr:tanach-18-1-20","jbo:text":"וגלת החל הזה לבני ישראל אשר כנענים עד צרפת וגלת ירושלם אשר בספרד ירשו את ערי הנגב","jbo:textNikud":"וְגָלֻת הַחֵל הַזֶּה לִבְנֵי יִשְׂרָאֵל אֲשֶׁר כְּנַעֲנִים עַד צָרְפַת וְגָלֻת יְרוּשָׁלִַם אֲשֶׁר בִּסְפָרַד יִרְשׁוּ אֵת עָרֵי הַנֶּגֶב","rdfs:label":"עובדיה א כ","jbo:sefer":"jbr:tanach-18","titles":[{"title":"עובדיה א כ"},{"title":"עובדיה פרק א פסוק כ"}]},{"uri":"jbr:tanach-18-1-21","jbo:text":"ועלו מושעים בהר ציון לשפט את הר עשו והיתה ליהוה המלוכה","jbo:textNikud":"וְעָלוּ מוֹשִׁעִים בְּהַר צִיּוֹן לִשְׁפֹּט אֶת הַר עֵשָׂו וְהָיְתָה לַיהוָה הַמְּלוּכָה","rdfs:label":"עובדיה א כא","jbo:sefer":"jbr:tanach-18","titles":[{"title":"עובדיה א כא"},{"title":"עובדיה פרק א פסוק כא"}]}]}