{"subjects":[{"uri":"jbr:tanach-21-1-1","jbo:text":"משא נינוה ספר חזון נחום האלקשי","jbo:textNikud":"מַשָּׂא נִינְוֵה סֵפֶר חֲזוֹן נַחוּם הָאֶלְקֹשִׁי","rdfs:label":"נחום א א","jbo:sefer":"jbr:tanach-21","titles":[{"title":"נחום א א"},{"title":"נחום פרק א פסוק א"}]},{"uri":"jbr:tanach-21-1-2","jbo:text":"אל קנוא ונקם יהוה נקם יהוה ובעל חמה נקם יהוה לצריו ונוטר הוא לאיביו","jbo:textNikud":"אֵל קַנּוֹא וְנֹקֵם יְהוָה נֹקֵם יְהוָה וּבַעַל חֵמָה נֹקֵם יְהוָה לְצָרָיו וְנוֹטֵר הוּא לְאֹיְבָיו","rdfs:label":"נחום א ב","jbo:sefer":"jbr:tanach-21","titles":[{"title":"נחום א ב"},{"title":"נחום פרק א פסוק ב"}]},{"uri":"jbr:tanach-21-1-3","jbo:text":"יהוה ארך אפים (וגדול) וגדל כח ונקה לא ינקה יהוה בסופה ובשערה דרכו וענן אבק רגליו","jbo:textNikud":"יְהוָֹה אֶרֶךְ אַפַּיִם (וגדול) וּגְדָל כֹּחַ וְנַקֵּה לֹא יְנַקֶּה יְהוָה בְּסוּפָה וּבִשְׂעָרָה דַּרְכּוֹ וְעָנָן אֲבַק רַגְלָיו","rdfs:label":"נחום א ג","jbo:sefer":"jbr:tanach-21","titles":[{"title":"נחום א ג"},{"title":"נחום פרק א פסוק ג"}]},{"uri":"jbr:tanach-21-1-4","jbo:text":"גוער בים ויבשהו וכל הנהרות החריב אמלל בשן וכרמל ופרח לבנון אמלל","jbo:textNikud":"גּוֹעֵר בַּיָּם וַיַּבְּשֵׁהוּ וְכָל הַנְּהָרוֹת הֶחֱרִיב אֻמְלַל בָּשָׁן וְכַרְמֶל וּפֶרַח לְבָנוֹן אֻמְלָל","rdfs:label":"נחום א ד","jbo:sefer":"jbr:tanach-21","titles":[{"title":"נחום א ד"},{"title":"נחום פרק א פסוק ד"}]},{"uri":"jbr:tanach-21-1-5","jbo:text":"הרים רעשו ממנו והגבעות התמגגו ותשא הארץ מפניו ותבל וכל ישבי בה","jbo:textNikud":"הָרִים רָעֲשׁוּ מִמֶּנּוּ וְהַגְּבָעוֹת הִתְמֹגָגוּ וַתִּשָּׂא הָאָרֶץ מִפָּנָיו וְתֵבֵל וְכָל יֹשְׁבֵי בָהּ","rdfs:label":"נחום א ה","jbo:sefer":"jbr:tanach-21","titles":[{"title":"נחום א ה"},{"title":"נחום פרק א פסוק ה"}]},{"uri":"jbr:tanach-21-1-6","jbo:text":"לפני זעמו מי יעמוד ומי יקום בחרון אפו חמתו נתכה כאש והצרים נתצו ממנו","jbo:textNikud":"לִפְנֵי זַעְמוֹ מִי יַעֲמוֹד וּמִי יָקוּם בַּחֲרוֹן אַפּוֹ חֲמָתוֹ נִתְּכָה כָאֵשׁ וְהַצֻּרִים נִתְּצוּ מִמֶּנּוּ","rdfs:label":"נחום א ו","jbo:sefer":"jbr:tanach-21","titles":[{"title":"נחום א ו"},{"title":"נחום פרק א פסוק ו"}]},{"uri":"jbr:tanach-21-1-7","jbo:text":"טוב יהוה למעוז ביום צרה וידע חסי בו","jbo:textNikud":"טוֹב יְהוָה לְמָעוֹז בְּיוֹם צָרָה וְיֹדֵעַ חֹסֵי בוֹ","rdfs:label":"נחום א ז","jbo:sefer":"jbr:tanach-21","titles":[{"title":"נחום א ז"},{"title":"נחום פרק א פסוק ז"}]},{"uri":"jbr:tanach-21-1-8","jbo:text":"ובשטף עבר כלה יעשה מקומה ואיביו ירדף חשך","jbo:textNikud":"וּבְשֶׁטֶף עֹבֵר כָּלָה יַעֲשֶׂה מְקוֹמָהּ וְאֹיְבָיו יְרַדֶּף חֹשֶׁךְ","rdfs:label":"נחום א ח","jbo:sefer":"jbr:tanach-21","titles":[{"title":"נחום א ח"},{"title":"נחום פרק א פסוק ח"}]},{"uri":"jbr:tanach-21-1-9","jbo:text":"מה תחשבון אל יהוה כלה הוא עשה לא תקום פעמים צרה","jbo:textNikud":"מַה תְּחַשְּׁבוּן אֶל יְהוָה כָּלָה הוּא עֹשֶׂה לֹא תָקוּם פַּעֲמַיִם צָרָה","rdfs:label":"נחום א ט","jbo:sefer":"jbr:tanach-21","titles":[{"title":"נחום א ט"},{"title":"נחום פרק א פסוק ט"}]},{"uri":"jbr:tanach-21-1-10","jbo:text":"כי עד סירים סבכים וכסבאם סבואים אכלו כקש יבש מלא","jbo:textNikud":"כִּי עַד סִירִים סְבֻכִים וּכְסָבְאָם סְבוּאִים אֻכְּלוּ כְּקַשׁ יָבֵשׁ מָלֵא","rdfs:label":"נחום א י","jbo:sefer":"jbr:tanach-21","titles":[{"title":"נחום א י"},{"title":"נחום פרק א פסוק י"}]},{"uri":"jbr:tanach-21-1-11","jbo:text":"ממך יצא חשב על יהוה רעה יעץ בליעל","jbo:textNikud":"מִמֵּךְ יָצָא חֹשֵׁב עַל יְהוָה רָעָה יֹעֵץ בְּלִיָּעַל","rdfs:label":"נחום א יא","jbo:sefer":"jbr:tanach-21","titles":[{"title":"נחום א יא"},{"title":"נחום פרק א פסוק יא"}]},{"uri":"jbr:tanach-21-1-12","jbo:text":"כה אמר יהוה אם שלמים וכן רבים וכן נגזו ועבר וענתך לא אענך עוד","jbo:textNikud":"כֹּה אָמַר יְהוָה אִם שְׁלֵמִים וְכֵן רַבִּים וְכֵן נָגֹזּוּ וְעָבָר וְעִנִּתִךְ לֹא אֲעַנֵּךְ עוֹד","rdfs:label":"נחום א יב","jbo:sefer":"jbr:tanach-21","titles":[{"title":"נחום א יב"},{"title":"נחום פרק א פסוק יב"}]},{"uri":"jbr:tanach-21-1-13","jbo:text":"ועתה אשבר מטהו מעליך ומוסרתיך אנתק","jbo:textNikud":"וְעַתָּה אֶשְׁבֹּר מֹטֵהוּ מֵעָלָיִךְ וּמוֹסְרֹתַיִךְ אֲנַתֵּק","rdfs:label":"נחום א יג","jbo:sefer":"jbr:tanach-21","titles":[{"title":"נחום א יג"},{"title":"נחום פרק א פסוק יג"}]},{"uri":"jbr:tanach-21-1-14","jbo:text":"וצוה עליך יהוה לא יזרע משמך עוד מבית אלהיך אכרית פסל ומסכה אשים קברך כי קלות","jbo:textNikud":"וְצִוָּה עָלֶיךָ יְהוָה לֹא יִזָּרַע מִשִּׁמְךָ עוֹד מִבֵּית אֱלֹהֶיךָ אַכְרִית פֶּסֶל וּמַסֵּכָה אָשִׂים קִבְרֶךָ כִּי קַלּוֹתָ","rdfs:label":"נחום א יד","jbo:sefer":"jbr:tanach-21","titles":[{"title":"נחום א יד"},{"title":"נחום פרק א פסוק יד"}]},{"uri":"jbr:tanach-21-2-1","jbo:text":"הנה על ההרים רגלי מבשר משמיע שלום חגי יהודה חגיך שלמי נדריך כי לא יוסיף עוד (לעבור) לעבר בך בליעל כלה נכרת","jbo:textNikud":"הִנֵּה עַל הֶהָרִים רַגְלֵי מְבַשֵּׂר מַשְׁמִיעַ שָׁלוֹם חָגִּי יְהוּדָה חַגַּיִךְ שַׁלְּמִי נְדָרָיִךְ כִּי לֹא יוֹסִיף עוֹד (לעבור) לַעֲבָר בָּךְ בְּלִיַּעַל כֻּלֹּה נִכְרָת","rdfs:label":"נחום ב א","jbo:sefer":"jbr:tanach-21","titles":[{"title":"נחום ב א"},{"title":"נחום פרק ב פסוק א"}]},{"uri":"jbr:tanach-21-2-2","jbo:text":"עלה מפיץ על פניך נצור מצרה צפה דרך חזק מתנים אמץ כח מאד","jbo:textNikud":"עָלָה מֵפִיץ עַל פָּנַיִךְ נָצוֹר מְצֻרָה צַפֵּה דֶרֶךְ חַזֵּק מָתְנַיִם אַמֵּץ כֹּחַ מְאֹד","rdfs:label":"נחום ב ב","jbo:sefer":"jbr:tanach-21","titles":[{"title":"נחום ב ב"},{"title":"נחום פרק ב פסוק ב"}]},{"uri":"jbr:tanach-21-2-3","jbo:text":"כי שב יהוה את גאון יעקב כגאון ישראל כי בקקום בקקים וזמריהם שחתו","jbo:textNikud":"כִּי שָׁב יְהוָה אֶת גְּאוֹן יַעֲקֹב כִּגְאוֹן יִשְׂרָאֵל כִּי בְקָקוּם בֹּקְקִים וּזְמֹרֵיהֶם שִׁחֵתוּ","rdfs:label":"נחום ב ג","jbo:sefer":"jbr:tanach-21","titles":[{"title":"נחום ב ג"},{"title":"נחום פרק ב פסוק ג"}]},{"uri":"jbr:tanach-21-2-4","jbo:text":"מגן גבריהו מאדם אנשי חיל מתלעים באש פלדות הרכב ביום הכינו והברשים הרעלו","jbo:textNikud":"מָגֵן גִּבֹּרֵיהוּ מְאָדָּם אַנְשֵׁי חַיִל מְתֻלָּעִים בְּאֵשׁ פְּלָדוֹת הָרֶכֶב בְּיוֹם הֲכִינוֹ וְהַבְּרֹשִׁים הָרְעָלוּ","rdfs:label":"נחום ב ד","jbo:sefer":"jbr:tanach-21","titles":[{"title":"נחום ב ד"},{"title":"נחום פרק ב פסוק ד"}]},{"uri":"jbr:tanach-21-2-5","jbo:text":"בחוצות יתהוללו הרכב ישתקשקון ברחבות מראיהן כלפידם כברקים ירוצצו","jbo:textNikud":"בַּחוּצוֹת יִתְהוֹלְלוּ הָרֶכֶב יִשְׁתַּקְשְׁקוּן בָּרְחֹבוֹת מַרְאֵיהֶן כַּלַּפִּידִם כַּבְּרָקִים יְרוֹצֵצוּ","rdfs:label":"נחום ב ה","jbo:sefer":"jbr:tanach-21","titles":[{"title":"נחום ב ה"},{"title":"נחום פרק ב פסוק ה"}]},{"uri":"jbr:tanach-21-2-6","jbo:text":"יזכר אדיריו יכשלו (בהלכותם) בהליכתם ימהרו חומתה והכן הסכך","jbo:textNikud":"יִזְכֹּר אַדִּירָיו יִכָּשְׁלוּ (בהלכותם) בַּהֲלִיכָתָם יְמַהֲרוּ חוֹמָתָהּ וְהֻכַן הַסֹּכֵךְ","rdfs:label":"נחום ב ו","jbo:sefer":"jbr:tanach-21","titles":[{"title":"נחום ב ו"},{"title":"נחום פרק ב פסוק ו"}]},{"uri":"jbr:tanach-21-2-7","jbo:text":"שערי הנהרות נפתחו וההיכל נמוג","jbo:textNikud":"שַׁעֲרֵי הַנְּהָרוֹת נִפְתָּחוּ וְהַהֵיכָל נָמוֹג","rdfs:label":"נחום ב ז","jbo:sefer":"jbr:tanach-21","titles":[{"title":"נחום ב ז"},{"title":"נחום פרק ב פסוק ז"}]},{"uri":"jbr:tanach-21-2-8","jbo:text":"והצב גלתה העלתה ואמהתיה מנהגות כקול יונים מתפפת על לבבהן","jbo:textNikud":"וְהֻצַּב גֻּלְּתָה הֹעֲלָתָה וְאַמְהֹתֶיהָ מְנַהֲגוֹת כְּקוֹל יוֹנִים מְתֹפְפֹת עַל לִבְבֵהֶן","rdfs:label":"נחום ב ח","jbo:sefer":"jbr:tanach-21","titles":[{"title":"נחום ב ח"},{"title":"נחום פרק ב פסוק ח"}]},{"uri":"jbr:tanach-21-2-9","jbo:text":"ונינוה כברכת מים מימי היא והמה נסים עמדו עמדו ואין מפנה","jbo:textNikud":"וְנִינְוֵה כִבְרֵכַת מַיִם מִימֵי הִיא וְהֵמָּה נָסִים עִמְדוּ עֲמֹדוּ וְאֵין מַפְנֶה","rdfs:label":"נחום ב ט","jbo:sefer":"jbr:tanach-21","titles":[{"title":"נחום ב ט"},{"title":"נחום פרק ב פסוק ט"}]},{"uri":"jbr:tanach-21-2-10","jbo:text":"בזו כסף בזו זהב ואין קצה לתכונה כבד מכל כלי חמדה","jbo:textNikud":"בֹּזּוּ כֶסֶף בֹּזּוּ זָהָב וְאֵין קֵצֶה לַתְּכוּנָה כָּבֹד מִכֹּל כְּלִי חֶמְדָּה","rdfs:label":"נחום ב י","jbo:sefer":"jbr:tanach-21","titles":[{"title":"נחום ב י"},{"title":"נחום פרק ב פסוק י"}]},{"uri":"jbr:tanach-21-2-11","jbo:text":"בוקה ומבוקה ומבלקה ולב נמס ופק ברכים וחלחלה בכל מתנים ופני כלם קבצו פארור","jbo:textNikud":"בּוּקָה וּמְבוּקָה וּמְבֻלָּקָה וְלֵב נָמֵס וּפִק בִּרְכַּיִם וְחַלְחָלָה בְּכָל מָתְנַיִם וּפְנֵי כֻלָּם קִבְּצוּ פָארוּר","rdfs:label":"נחום ב יא","jbo:sefer":"jbr:tanach-21","titles":[{"title":"נחום ב יא"},{"title":"נחום פרק ב פסוק יא"}]},{"uri":"jbr:tanach-21-2-12","jbo:text":"איה מעון אריות ומרעה הוא לכפרים אשר הלך אריה לביא שם גור אריה ואין מחריד","jbo:textNikud":"אַיֵּה מְעוֹן אֲרָיוֹת וּמִרְעֶה הוּא לַכְּפִרִים אֲשֶׁר הָלַךְ אַרְיֵה לָבִיא שָׁם גּוּר אַרְיֵה וְאֵין מַחֲרִיד","rdfs:label":"נחום ב יב","jbo:sefer":"jbr:tanach-21","titles":[{"title":"נחום ב יב"},{"title":"נחום פרק ב פסוק יב"}]},{"uri":"jbr:tanach-21-2-13","jbo:text":"אריה טרף בדי גרותיו ומחנק ללבאתיו וימלא טרף חריו ומענתיו טרפה","jbo:textNikud":"אַרְיֵה טֹרֵף בְּדֵי גֹרוֹתָיו וּמְחַנֵּק לְלִבְאֹתָיו וַיְמַלֵּא טֶרֶף חֹרָיו וּמְעֹנֹתָיו טְרֵפָה","rdfs:label":"נחום ב יג","jbo:sefer":"jbr:tanach-21","titles":[{"title":"נחום ב יג"},{"title":"נחום פרק ב פסוק יג"}]},{"uri":"jbr:tanach-21-2-14","jbo:text":"הנני אליך נאם יהוה צבאות והבערתי בעשן רכבה וכפיריך תאכל חרב והכרתי מארץ טרפך ולא ישמע עוד קול מלאככה","jbo:textNikud":"הִנְנִי אֵלַיִךְ נְאֻם יְהוָה צְבָאוֹת וְהִבְעַרְתִּי בֶעָשָׁן רִכְבָּהּ וּכְפִירַיִךְ תֹּאכַל חָרֶב וְהִכְרַתִּי מֵאֶרֶץ טַרְפֵּךְ וְלֹא יִשָּׁמַע עוֹד קוֹל מַלְאָכֵכֵה","rdfs:label":"נחום ב יד","jbo:sefer":"jbr:tanach-21","titles":[{"title":"נחום ב יד"},{"title":"נחום פרק ב פסוק יד"}]},{"uri":"jbr:tanach-21-3-1","jbo:text":"הוי עיר דמים כלה כחש פרק מלאה לא ימיש טרף","jbo:textNikud":"הוֹי עִיר דָּמִים כֻּלָּהּ כַּחַשׁ פֶּרֶק מְלֵאָה לֹא יָמִישׁ טָרֶף","rdfs:label":"נחום ג א","jbo:sefer":"jbr:tanach-21","titles":[{"title":"נחום ג א"},{"title":"נחום פרק ג פסוק א"}]},{"uri":"jbr:tanach-21-3-2","jbo:text":"קול שוט וקול רעש אופן וסוס דהר ומרכבה מרקדה","jbo:textNikud":"קוֹל שׁוֹט וְקוֹל רַעַשׁ אוֹפָן וְסוּס דֹּהֵר וּמֶרְכָּבָה מְרַקֵּדָה","rdfs:label":"נחום ג ב","jbo:sefer":"jbr:tanach-21","titles":[{"title":"נחום ג ב"},{"title":"נחום פרק ג פסוק ב"}]},{"uri":"jbr:tanach-21-3-3","jbo:text":"פרש מעלה ולהב חרב וברק חנית ורב חלל וכבד פגר ואין קצה לגויה (יכשלו) וכשלו בגויתם","jbo:textNikud":"פָּרָשׁ מַעֲלֶה וְלַהַב חֶרֶב וּבְרַק חֲנִית וְרֹב חָלָל וְכֹבֶד פָּגֶר וְאֵין קֵצֶה לַגְּוִיָּה (יכשלו) וְכָשְׁלוּ בִּגְוִיָּתָם","rdfs:label":"נחום ג ג","jbo:sefer":"jbr:tanach-21","titles":[{"title":"נחום ג ג"},{"title":"נחום פרק ג פסוק ג"}]},{"uri":"jbr:tanach-21-3-4","jbo:text":"מרב זנוני זונה טובת חן בעלת כשפים המכרת גוים בזנוניה ומשפחות בכשפיה","jbo:textNikud":"מֵרֹב זְנוּנֵי זוֹנָה טוֹבַת חֵן בַּעֲלַת כְּשָׁפִים הַמֹּכֶרֶת גּוֹיִם בִּזְנוּנֶיהָ וּמִשְׁפָּחוֹת בִּכְשָׁפֶיהָ","rdfs:label":"נחום ג ד","jbo:sefer":"jbr:tanach-21","titles":[{"title":"נחום ג ד"},{"title":"נחום פרק ג פסוק ד"}]},{"uri":"jbr:tanach-21-3-5","jbo:text":"הנני אליך נאם יהוה צבאות וגליתי שוליך על פניך והראיתי גוים מערך וממלכות קלונך","jbo:textNikud":"הִנְנִי אֵלַיִךְ נְאֻם יְהוָה צְבָאוֹת וְגִלֵּיתִי שׁוּלַיִךְ עַל פָּנָיִךְ וְהַרְאֵיתִי גוֹיִם מַעְרֵךְ וּמַמְלָכוֹת קְלוֹנֵךְ","rdfs:label":"נחום ג ה","jbo:sefer":"jbr:tanach-21","titles":[{"title":"נחום ג ה"},{"title":"נחום פרק ג פסוק ה"}]},{"uri":"jbr:tanach-21-3-6","jbo:text":"והשלכתי עליך שקצים ונבלתיך ושמתיך כראי","jbo:textNikud":"וְהִשְׁלַכְתִּי עָלַיִךְ שִׁקֻּצִים וְנִבַּלְתִּיךְ וְשַׂמְתִּיךְ כְּרֹאִי","rdfs:label":"נחום ג ו","jbo:sefer":"jbr:tanach-21","titles":[{"title":"נחום ג ו"},{"title":"נחום פרק ג פסוק ו"}]},{"uri":"jbr:tanach-21-3-7","jbo:text":"והיה כל ראיך ידוד ממך ואמר שדדה נינוה מי ינוד לה מאין אבקש מנחמים לך","jbo:textNikud":"וְהָיָה כָל רֹאַיִךְ יִדּוֹד מִמֵּךְ וְאָמַר שָׁדְּדָה נִינְוֵה מִי יָנוּד לָהּ מֵאַיִן אֲבַקֵּשׁ מְנַחֲמִים לָךְ","rdfs:label":"נחום ג ז","jbo:sefer":"jbr:tanach-21","titles":[{"title":"נחום ג ז"},{"title":"נחום פרק ג פסוק ז"}]},{"uri":"jbr:tanach-21-3-8","jbo:text":"התיטבי מנא אמון הישבה ביארים מים סביב לה אשר חיל ים מים חומתה","jbo:textNikud":"הֲתֵיטְבִי מִנֹּא אָמוֹן הַיֹּשְׁבָה בַּיְאֹרִים מַיִם סָבִיב לָהּ אֲשֶׁר חֵיל יָם מִיָּם חוֹמָתָהּ","rdfs:label":"נחום ג ח","jbo:sefer":"jbr:tanach-21","titles":[{"title":"נחום ג ח"},{"title":"נחום פרק ג פסוק ח"}]},{"uri":"jbr:tanach-21-3-9","jbo:text":"כוש עצמה ומצרים ואין קצה פוט ולובים היו בעזרתך","jbo:textNikud":"כּוּשׁ עָצְמָה וּמִצְרַיִם וְאֵין קֵצֶה פּוּט וְלוּבִים הָיוּ בְּעֶזְרָתֵךְ","rdfs:label":"נחום ג ט","jbo:sefer":"jbr:tanach-21","titles":[{"title":"נחום ג ט"},{"title":"נחום פרק ג פסוק ט"}]},{"uri":"jbr:tanach-21-3-10","jbo:text":"גם היא לגלה הלכה בשבי גם עלליה ירטשו בראש כל חוצות ועל נכבדיה ידו גורל וכל גדוליה רתקו בזקים","jbo:textNikud":"גַּם הִיא לַגֹּלָה הָלְכָה בַשֶּׁבִי גַּם עֹלָלֶיהָ יְרֻטְּשׁוּ בְּרֹאשׁ כָּל חוּצוֹת וְעַל נִכְבַּדֶּיהָ יַדּוּ גוֹרָל וְכָל גְּדוֹלֶיהָ רֻתְּקוּ בַזִּקִּים","rdfs:label":"נחום ג י","jbo:sefer":"jbr:tanach-21","titles":[{"title":"נחום ג י"},{"title":"נחום פרק ג פסוק י"}]},{"uri":"jbr:tanach-21-3-11","jbo:text":"גם את תשכרי תהי נעלמה גם את תבקשי מעוז מאויב","jbo:textNikud":"גַּם אַתְּ תִּשְׁכְּרִי תְּהִי נַעֲלָמָה גַּם אַתְּ תְּבַקְשִׁי מָעוֹז מֵאוֹיֵב","rdfs:label":"נחום ג יא","jbo:sefer":"jbr:tanach-21","titles":[{"title":"נחום ג יא"},{"title":"נחום פרק ג פסוק יא"}]},{"uri":"jbr:tanach-21-3-12","jbo:text":"כל מבצריך תאנים עם בכורים אם ינועו ונפלו על פי אוכל","jbo:textNikud":"כָּל מִבְצָרַיִךְ תְּאֵנִים עִם בִּכּוּרִים אִם יִנּוֹעוּ וְנָפְלוּ עַל פִּי אוֹכֵל","rdfs:label":"נחום ג יב","jbo:sefer":"jbr:tanach-21","titles":[{"title":"נחום ג יב"},{"title":"נחום פרק ג פסוק יב"}]},{"uri":"jbr:tanach-21-3-13","jbo:text":"הנה עמך נשים בקרבך לאיביך פתוח נפתחו שערי ארצך אכלה אש בריחיך","jbo:textNikud":"הִנֵּה עַמֵּךְ נָשִׁים בְּקִרְבֵּךְ לְאֹיְבַיִךְ פָּתוֹחַ נִפְתְּחוּ שַׁעֲרֵי אַרְצֵךְ אָכְלָה אֵשׁ בְּרִיחָיִך","rdfs:label":"נחום ג יג","jbo:sefer":"jbr:tanach-21","titles":[{"title":"נחום ג יג"},{"title":"נחום פרק ג פסוק יג"}]},{"uri":"jbr:tanach-21-3-14","jbo:text":"מי מצור שאבי לך חזקי מבצריך באי בטיט ורמסי בחמר החזיקי מלבן","jbo:textNikud":"מֵי מָצוֹר שַׁאֲבִי לָךְ חַזְּקִי מִבְצָרָיִךְ בֹּאִי בַטִּיט וְרִמְסִי בַחֹמֶר הַחֲזִיקִי מַלְבֵּן","rdfs:label":"נחום ג יד","jbo:sefer":"jbr:tanach-21","titles":[{"title":"נחום ג יד"},{"title":"נחום פרק ג פסוק יד"}]},{"uri":"jbr:tanach-21-3-15","jbo:text":"שם תאכלך אש תכריתך חרב תאכלך כילק התכבד כילק התכבדי כארבה","jbo:textNikud":"שָׁם תֹּאכְלֵךְ אֵשׁ תַּכְרִיתֵךְ חֶרֶב תֹּאכְלֵךְ כַּיָּלֶק הִתְכַּבֵּד כַּיֶּלֶק הִתְכַּבְּדִי כָּאַרְבֶּה","rdfs:label":"נחום ג טו","jbo:sefer":"jbr:tanach-21","titles":[{"title":"נחום ג טו"},{"title":"נחום פרק ג פסוק טו"}]},{"uri":"jbr:tanach-21-3-16","jbo:text":"הרבית רכליך מכוכבי השמים ילק פשט ויעף","jbo:textNikud":"הִרְבֵּית רֹכְלַיִךְ מִכּוֹכְבֵי הַשָּׁמָיִם יֶלֶק פָּשַׁט וַיָּעֹף","rdfs:label":"נחום ג טז","jbo:sefer":"jbr:tanach-21","titles":[{"title":"נחום ג טז"},{"title":"נחום פרק ג פסוק טז"}]},{"uri":"jbr:tanach-21-3-17","jbo:text":"מנזריך כארבה וטפסריך כגוב גבי החונים בגדרות ביום קרה שמש זרחה ונודד ולא נודע מקומו אים","jbo:textNikud":"מִנְּזָרַיִךְ כָּאַרְבֶּה וְטַפְסְרַיִךְ כְּגוֹב גֹּבָי הַחוֹנִים בַּגְּדֵרוֹת בְּיוֹם קָרָה שֶׁמֶשׁ זָרְחָה וְנוֹדַד וְלֹא נוֹדַע מְקוֹמוֹ אַיָּם","rdfs:label":"נחום ג יז","jbo:sefer":"jbr:tanach-21","titles":[{"title":"נחום ג יז"},{"title":"נחום פרק ג פסוק יז"}]},{"uri":"jbr:tanach-21-3-18","jbo:text":"נמו רעיך מלך אשור ישכנו אדיריך נפשו עמך על ההרים ואין מקבץ","jbo:textNikud":"נָמוּ רֹעֶיךָ מֶלֶךְ אַשּׁוּר יִשְׁכְּנוּ אַדִּירֶיךָ נָפֹשׁוּ עַמְּךָ עַל הֶהָרִים וְאֵין מְקַבֵּץ","rdfs:label":"נחום ג יח","jbo:sefer":"jbr:tanach-21","titles":[{"title":"נחום ג יח"},{"title":"נחום פרק ג פסוק יח"}]},{"uri":"jbr:tanach-21-3-19","jbo:text":"אין כהה לשברך נחלה מכתך כל שמעי שמעך תקעו כף עליך כי על מי לא עברה רעתך תמיד","jbo:textNikud":"אֵין כֵּהָה לְשִׁבְרֶךָ נַחְלָה מַכָּתֶךָ כֹּל שֹׁמְעֵי שִׁמְעֲךָ תָּקְעוּ כַף עָלֶיךָ כִּי עַל מִי לֹא עָבְרָה רָעָתְךָ תָּמִיד","rdfs:label":"נחום ג יט","jbo:sefer":"jbr:tanach-21","titles":[{"title":"נחום ג יט"},{"title":"נחום פרק ג פסוק יט"}]}]}