{"subjects":[{"uri":"jbr:tanach-22-1-1","jbo:text":"המשא אשר חזה חבקוק הנביא","jbo:textNikud":"הַמַּשָּׂא אֲשֶׁר חָזָה חֲבַקּוּק הַנָּבִיא","rdfs:label":"חבקוק א א","jbo:sefer":"jbr:tanach-22","titles":[{"title":"חבקוק א א"},{"title":"חבקוק פרק א פסוק א"}]},{"uri":"jbr:tanach-22-1-2","jbo:text":"עד אנה יהוה שועתי ולא תשמע אזעק אליך חמס ולא תושיע","jbo:textNikud":"עַד אָנָה יְהוָה שִׁוַּעְתִּי וְלֹא תִשְׁמָע אֶזְעַק אֵלֶיךָ חָמָס וְלֹא תוֹשִׁיעַ","rdfs:label":"חבקוק א ב","jbo:sefer":"jbr:tanach-22","titles":[{"title":"חבקוק א ב"},{"title":"חבקוק פרק א פסוק ב"}]},{"uri":"jbr:tanach-22-1-3","jbo:text":"למה תראני און ועמל תביט ושד וחמס לנגדי ויהי ריב ומדון ישא","jbo:textNikud":"לָמָּה תַרְאֵנִי אָוֶן וְעָמָל תַּבִּיט וְשֹׁד וְחָמָס לְנֶגְדִּי וַיְהִי רִיב וּמָדוֹן יִשָּׂא","rdfs:label":"חבקוק א ג","jbo:sefer":"jbr:tanach-22","titles":[{"title":"חבקוק א ג"},{"title":"חבקוק פרק א פסוק ג"}]},{"uri":"jbr:tanach-22-1-4","jbo:text":"על כן תפוג תורה ולא יצא לנצח משפט כי רשע מכתיר את הצדיק על כן יצא משפט מעקל","jbo:textNikud":"עַל כֵּן תָּפוּג תּוֹרָה וְלֹא יֵצֵא לָנֶצַח מִשְׁפָּט כִּי רָשָׁע מַכְתִּיר אֶת הַצַּדִּיק עַל כֵּן יֵצֵא מִשְׁפָּט מְעֻקָּל","rdfs:label":"חבקוק א ד","jbo:sefer":"jbr:tanach-22","titles":[{"title":"חבקוק א ד"},{"title":"חבקוק פרק א פסוק ד"}]},{"uri":"jbr:tanach-22-1-5","jbo:text":"ראו בגוים והביטו והתמהו תמהו כי פעל פעל בימיכם לא תאמינו כי יספר","jbo:textNikud":"רְאוּ בַגּוֹיִם וְהַבִּיטוּ וְהִתַּמְּהוּ תְּמָהוּ כִּי פֹעַל פֹּעֵל בִּימֵיכֶם לֹא תַאֲמִינוּ כִּי יְסֻפָּר","rdfs:label":"חבקוק א ה","jbo:sefer":"jbr:tanach-22","titles":[{"title":"חבקוק א ה"},{"title":"חבקוק פרק א פסוק ה"}]},{"uri":"jbr:tanach-22-1-6","jbo:text":"כי הנני מקים את הכשדים הגוי המר והנמהר ההולך למרחבי ארץ לרשת משכנות לא לו","jbo:textNikud":"כִּי הִנְנִי מֵקִים אֶת הַכַּשְׂדִּים הַגּוֹי הַמַּר וְהַנִּמְהָר הַהוֹלֵךְ לְמֶרְחֲבֵי אֶרֶץ לָרֶשֶׁת מִשְׁכָּנוֹת לֹּא לוֹ","rdfs:label":"חבקוק א ו","jbo:sefer":"jbr:tanach-22","titles":[{"title":"חבקוק א ו"},{"title":"חבקוק פרק א פסוק ו"}]},{"uri":"jbr:tanach-22-1-7","jbo:text":"אים ונורא הוא ממנו משפטו ושאתו יצא","jbo:textNikud":"אָיֹם וְנוֹרָא הוּא מִמֶּנּוּ מִשְׁפָּטוֹ וּשְׂאֵתוֹ יֵצֵא","rdfs:label":"חבקוק א ז","jbo:sefer":"jbr:tanach-22","titles":[{"title":"חבקוק א ז"},{"title":"חבקוק פרק א פסוק ז"}]},{"uri":"jbr:tanach-22-1-8","jbo:text":"וקלו מנמרים סוסיו וחדו מזאבי ערב ופשו פרשיו ופרשיו מרחוק יבאו יעפו כנשר חש לאכול","jbo:textNikud":"וְקַלּוּ מִנְּמֵרִים סוּסָיו וְחַדּוּ מִזְּאֵבֵי עֶרֶב וּפָשׁוּ פָּרָשָׁיו וּפָרָשָׁיו מֵרָחוֹק יָבֹאוּ יָעֻפוּ כְּנֶשֶׁר חָשׁ לֶאֱכוֹל","rdfs:label":"חבקוק א ח","jbo:sefer":"jbr:tanach-22","titles":[{"title":"חבקוק א ח"},{"title":"חבקוק פרק א פסוק ח"}]},{"uri":"jbr:tanach-22-1-9","jbo:text":"כלה לחמס יבוא מגמת פניהם קדימה ויאסף כחול שבי","jbo:textNikud":"כֻּלֹּה לְחָמָס יָבוֹא מְגַמַּת פְּנֵיהֶם קָדִימָה וַיֶּאֱסֹף כַּחוֹל שֶׁבִי","rdfs:label":"חבקוק א ט","jbo:sefer":"jbr:tanach-22","titles":[{"title":"חבקוק א ט"},{"title":"חבקוק פרק א פסוק ט"}]},{"uri":"jbr:tanach-22-1-10","jbo:text":"והוא במלכים יתקלס ורזנים משחק לו הוא לכל מבצר ישחק ויצבר עפר וילכדה","jbo:textNikud":"וְהוּא בַּמְּלָכִים יִתְקַלָּס וְרֹזְנִים מִשְׂחָק לוֹ הוּא לְכָל מִבְצָר יִשְׂחָק וַיִּצְבֹּר עָפָר וַיִּלְכְּדָהּ","rdfs:label":"חבקוק א י","jbo:sefer":"jbr:tanach-22","titles":[{"title":"חבקוק א י"},{"title":"חבקוק פרק א פסוק י"}]},{"uri":"jbr:tanach-22-1-11","jbo:text":"אז חלף רוח ויעבר ואשם זו כחו לאלהו","jbo:textNikud":"אָז חָלַף רוּחַ וַיַּעֲבֹר וְאָשֵׁם זוּ כֹחוֹ לֵאלֹהוֹ","rdfs:label":"חבקוק א יא","jbo:sefer":"jbr:tanach-22","titles":[{"title":"חבקוק א יא"},{"title":"חבקוק פרק א פסוק יא"}]},{"uri":"jbr:tanach-22-1-12","jbo:text":"הלוא אתה מקדם יהוה אלהי קדשי לא נמות יהוה למשפט שמתו וצור להוכיח יסדתו","jbo:textNikud":"הֲלוֹא אַתָּה מִקֶּדֶם יְהוָה אֱלֹהַי קְדֹשִׁי לֹא נָמוּת יְהוָה לְמִשְׁפָּט שַׂמְתּוֹ וְצוּר לְהוֹכִיחַ יְסַדְתּוֹ","rdfs:label":"חבקוק א יב","jbo:sefer":"jbr:tanach-22","titles":[{"title":"חבקוק א יב"},{"title":"חבקוק פרק א פסוק יב"}]},{"uri":"jbr:tanach-22-1-13","jbo:text":"טהור עינים מראות רע והביט אל עמל לא תוכל למה תביט בוגדים תחריש בבלע רשע צדיק ממנו","jbo:textNikud":"טְהוֹר עֵינַיִם מֵרְאוֹת רָע וְהַבִּיט אֶל עָמָל לֹא תוּכָל לָמָּה תַבִּיט בּוֹגְדִים תַּחֲרִישׁ בְּבַלַּע רָשָׁע צַדִּיק מִמֶּנּוּ","rdfs:label":"חבקוק א יג","jbo:sefer":"jbr:tanach-22","titles":[{"title":"חבקוק א יג"},{"title":"חבקוק פרק א פסוק יג"}]},{"uri":"jbr:tanach-22-1-14","jbo:text":"ותעשה אדם כדגי הים כרמש לא משל בו","jbo:textNikud":"וַתַּעֲשֶׂה אָדָם כִּדְגֵי הַיָּם כְּרֶמֶשׂ לֹא מֹשֵׁל בּוֹ","rdfs:label":"חבקוק א יד","jbo:sefer":"jbr:tanach-22","titles":[{"title":"חבקוק א יד"},{"title":"חבקוק פרק א פסוק יד"}]},{"uri":"jbr:tanach-22-1-15","jbo:text":"כלה בחכה העלה יגרהו בחרמו ויאספהו במכמרתו על כן ישמח ויגיל","jbo:textNikud":"כֻּלֹּה בְּחַכָּה הֵעֲלָה יְגֹרֵהוּ בְחֶרְמוֹ וְיַאַסְפֵהוּ בְּמִכְמַרְתּוֹ עַל כֵּן יִשְׂמַח וְיָגִיל","rdfs:label":"חבקוק א טו","jbo:sefer":"jbr:tanach-22","titles":[{"title":"חבקוק א טו"},{"title":"חבקוק פרק א פסוק טו"}]},{"uri":"jbr:tanach-22-1-16","jbo:text":"על כן יזבח לחרמו ויקטר למכמרתו כי בהמה שמן חלקו ומאכלו בראה","jbo:textNikud":"עַל כֵּן יְזַבֵּחַ לְחֶרְמוֹ וִיקַטֵּר לְמִכְמַרְתּוֹ כִּי בָהֵמָּה שָׁמֵן חֶלְקוֹ וּמַאֲכָלוֹ בְּרִאָה","rdfs:label":"חבקוק א טז","jbo:sefer":"jbr:tanach-22","titles":[{"title":"חבקוק א טז"},{"title":"חבקוק פרק א פסוק טז"}]},{"uri":"jbr:tanach-22-1-17","jbo:text":"העל כן יריק חרמו ותמיד להרג גוים לא יחמול","jbo:textNikud":"הַעַל כֵּן יָרִיק חֶרְמוֹ וְתָמִיד לַהֲרֹג גּוֹיִם לֹא יַחְמוֹל","rdfs:label":"חבקוק א יז","jbo:sefer":"jbr:tanach-22","titles":[{"title":"חבקוק א יז"},{"title":"חבקוק פרק א פסוק יז"}]},{"uri":"jbr:tanach-22-2-1","jbo:text":"על משמרתי אעמדה ואתיצבה על מצור ואצפה לראות מה ידבר בי ומה אשיב על תוכחתי","jbo:textNikud":"עַל מִשְׁמַרְתִּי אֶעֱמֹדָה וְאֶתְיַצְּבָה עַל מָצוֹר וַאֲצַפֶּה לִרְאוֹת מַה יְדַבֶּר בִּי וּמָה אָשִׁיב עַל תּוֹכַחְתִּי","rdfs:label":"חבקוק ב א","jbo:sefer":"jbr:tanach-22","titles":[{"title":"חבקוק ב א"},{"title":"חבקוק פרק ב פסוק א"}]},{"uri":"jbr:tanach-22-2-2","jbo:text":"ויענני יהוה ויאמר כתוב חזון ובאר על הלחות למען ירוץ קורא בו","jbo:textNikud":"וַיַּעֲנֵנִי יְהוָה וַיֹּאמֶר כְּתוֹב חָזוֹן וּבָאֵר עַל הַלֻּחוֹת לְמַעַן יָרוּץ קוֹרֵא בוֹ","rdfs:label":"חבקוק ב ב","jbo:sefer":"jbr:tanach-22","titles":[{"title":"חבקוק ב ב"},{"title":"חבקוק פרק ב פסוק ב"}]},{"uri":"jbr:tanach-22-2-3","jbo:text":"כי עוד חזון למועד ויפח לקץ ולא יכזב אם יתמהמה חכה לו כי בא יבא לא יאחר","jbo:textNikud":"כִּי עוֹד חָזוֹן לַמּוֹעֵד וְיָפֵחַ לַקֵּץ וְלֹא יְכַזֵּב אִם יִתְמַהְמָהּ חַכֵּה לוֹ כִּי בֹא יָבֹא לֹא יְאַחֵר","rdfs:label":"חבקוק ב ג","jbo:sefer":"jbr:tanach-22","titles":[{"title":"חבקוק ב ג"},{"title":"חבקוק פרק ב פסוק ג"}]},{"uri":"jbr:tanach-22-2-4","jbo:text":"הנה עפלה לא ישרה נפשו בו וצדיק באמונתו יחיה","jbo:textNikud":"הִנֵּה עֻפְּלָה לֹא יָשְׁרָה נַפְשׁוֹ בּוֹ וְצַדִּיק בֶּאֱמוּנָתוֹ יִחְיֶה","rdfs:label":"חבקוק ב ד","jbo:sefer":"jbr:tanach-22","titles":[{"title":"חבקוק ב ד"},{"title":"חבקוק פרק ב פסוק ד"}]},{"uri":"jbr:tanach-22-2-5","jbo:text":"ואף כי היין בוגד גבר יהיר ולא ינוה אשר הרחיב כשאול נפשו והוא כמות ולא ישבע ויאסף אליו כל הגוים ויקבץ אליו כל העמים","jbo:textNikud":"וְאַף כִּי הַיַּיִן בּוֹגֵד גֶּבֶר יָהִיר וְלֹא יִנְוֶה אֲשֶׁר הִרְחִיב כִּשְׁאוֹל נַפְשׁוֹ וְהוּא כַמָּוֶת וְלֹא יִשְׂבָּע וַיֶּאֱסֹף אֵלָיו כָּל הַגּוֹיִם וַיִּקְבֹּץ אֵלָיו כָּל הָעַמִּים","rdfs:label":"חבקוק ב ה","jbo:sefer":"jbr:tanach-22","titles":[{"title":"חבקוק ב ה"},{"title":"חבקוק פרק ב פסוק ה"}]},{"uri":"jbr:tanach-22-2-6","jbo:text":"הלוא אלה כלם עליו משל ישאו ומליצה חידות לו ויאמר הוי המרבה לא לו עד מתי ומכביד עליו עבטיט","jbo:textNikud":"הֲלוֹא אֵלֶּה כֻלָּם עָלָיו מָשָׁל יִשָּׂאוּ וּמְלִיצָה חִידוֹת לוֹ וְיֹאמַר הוֹי הַמַּרְבֶּה לֹּא לוֹ עַד מָתַי וּמַכְבִּיד עָלָיו עַבְטִיט","rdfs:label":"חבקוק ב ו","jbo:sefer":"jbr:tanach-22","titles":[{"title":"חבקוק ב ו"},{"title":"חבקוק פרק ב פסוק ו"}]},{"uri":"jbr:tanach-22-2-7","jbo:text":"הלוא פתע יקומו נשכיך ויקצו מזעזעיך והיית למשסות למו","jbo:textNikud":"הֲלוֹא פֶתַע יָקוּמוּ נֹשְׁכֶיךָ וְיִקְצוּ מְזַעְזְעֶיךָ וְהָיִיתָ לִמְשִׁסּוֹת לָמוֹ","rdfs:label":"חבקוק ב ז","jbo:sefer":"jbr:tanach-22","titles":[{"title":"חבקוק ב ז"},{"title":"חבקוק פרק ב פסוק ז"}]},{"uri":"jbr:tanach-22-2-8","jbo:text":"כי אתה שלות גוים רבים ישלוך כל יתר עמים מדמי אדם וחמס ארץ קריה וכל ישבי בה","jbo:textNikud":"כִּי אַתָּה שַׁלּוֹתָ גּוֹיִם רַבִּים יְשָׁלּוּךָ כָּל יֶתֶר עַמִּים מִדְּמֵי אָדָם וַחֲמַס אֶרֶץ קִרְיָה וְכָל יֹשְׁבֵי בָהּ","rdfs:label":"חבקוק ב ח","jbo:sefer":"jbr:tanach-22","titles":[{"title":"חבקוק ב ח"},{"title":"חבקוק פרק ב פסוק ח"}]},{"uri":"jbr:tanach-22-2-9","jbo:text":"הוי בצע בצע רע לביתו לשום במרום קנו להנצל מכף רע","jbo:textNikud":"הוֹי בֹּצֵעַ בֶּצַע רָע לְבֵיתוֹ לָשׂוּם בַּמָּרוֹם קִנּוֹ לְהִנָּצֵל מִכַּף רָע","rdfs:label":"חבקוק ב ט","jbo:sefer":"jbr:tanach-22","titles":[{"title":"חבקוק ב ט"},{"title":"חבקוק פרק ב פסוק ט"}]},{"uri":"jbr:tanach-22-2-10","jbo:text":"יעצת בשת לביתך קצות עמים רבים וחוטא נפשך","jbo:textNikud":"יָעַצְתָּ בֹּשֶׁת לְבֵיתֶךָ קְצוֹת עַמִּים רַבִּים וְחוֹטֵא נַפְשֶׁךָ","rdfs:label":"חבקוק ב י","jbo:sefer":"jbr:tanach-22","titles":[{"title":"חבקוק ב י"},{"title":"חבקוק פרק ב פסוק י"}]},{"uri":"jbr:tanach-22-2-11","jbo:text":"כי אבן מקיר תזעק וכפיס מעץ יעננה","jbo:textNikud":"כִּי אֶבֶן מִקִּיר תִּזְעָק וְכָפִיס מֵעֵץ יַעֲנֶנָּה","rdfs:label":"חבקוק ב יא","jbo:sefer":"jbr:tanach-22","titles":[{"title":"חבקוק ב יא"},{"title":"חבקוק פרק ב פסוק יא"}]},{"uri":"jbr:tanach-22-2-12","jbo:text":"הוי בנה עיר בדמים וכונן קריה בעולה","jbo:textNikud":"הוֹי בֹּנֶה עִיר בְּדָמִים וְכוֹנֵן קִרְיָה בְּעַוְלָה","rdfs:label":"חבקוק ב יב","jbo:sefer":"jbr:tanach-22","titles":[{"title":"חבקוק ב יב"},{"title":"חבקוק פרק ב פסוק יב"}]},{"uri":"jbr:tanach-22-2-13","jbo:text":"הלוא הנה מאת יהוה צבאות וייגעו עמים בדי אש ולאמים בדי ריק יעפו","jbo:textNikud":"הֲלוֹא הִנֵּה מֵאֵת יְהוָה צְבָאוֹת וְיִיגְעוּ עַמִּים בְּדֵי אֵשׁ וּלְאֻמִּים בְּדֵי רִיק יִעָפוּ","rdfs:label":"חבקוק ב יג","jbo:sefer":"jbr:tanach-22","titles":[{"title":"חבקוק ב יג"},{"title":"חבקוק פרק ב פסוק יג"}]},{"uri":"jbr:tanach-22-2-14","jbo:text":"כי תמלא הארץ לדעת את כבוד יהוה כמים יכסו על ים","jbo:textNikud":"כִּי תִּמָּלֵא הָאָרֶץ לָדַעַת אֶת כְּבוֹד יְהוָה כַּמַּיִם יְכַסּוּ עַל יָם","rdfs:label":"חבקוק ב יד","jbo:sefer":"jbr:tanach-22","titles":[{"title":"חבקוק ב יד"},{"title":"חבקוק פרק ב פסוק יד"}]},{"uri":"jbr:tanach-22-2-15","jbo:text":"הוי משקה רעהו מספח חמתך ואף שכר למען הביט על מעוריהם","jbo:textNikud":"הוֹי מַשְׁקֵה רֵעֵהוּ מְסַפֵּחַ חֲמָתְךָ וְאַף שַׁכֵּר לְמַעַן הַבִּיט עַל מְעוֹרֵיהֶם","rdfs:label":"חבקוק ב טו","jbo:sefer":"jbr:tanach-22","titles":[{"title":"חבקוק ב טו"},{"title":"חבקוק פרק ב פסוק טו"}]},{"uri":"jbr:tanach-22-2-16","jbo:text":"שבעת קלון מכבוד שתה גם אתה והערל תסוב עליך כוס ימין יהוה וקיקלון על כבודך","jbo:textNikud":"שָׂבַעְתָּ קָלוֹן מִכָּבוֹד שְׁתֵה גַם אַתָּה וְהֵעָרֵל תִּסּוֹב עָלֶיךָ כּוֹס יְמִין יְהוָה וְקִיקָלוֹן עַל כְּבוֹדֶךָ","rdfs:label":"חבקוק ב טז","jbo:sefer":"jbr:tanach-22","titles":[{"title":"חבקוק ב טז"},{"title":"חבקוק פרק ב פסוק טז"}]},{"uri":"jbr:tanach-22-2-17","jbo:text":"כי חמס לבנון יכסך ושד בהמות יחיתן מדמי אדם וחמס ארץ קריה וכל ישבי בה","jbo:textNikud":"כִּי חֲמַס לְבָנוֹן יְכַסֶּךָּ וְשֹׁד בְּהֵמוֹת יְחִיתַן מִדְּמֵי אָדָם וַחֲמַס אֶרֶץ קִרְיָה וְכָל יֹשְׁבֵי בָהּ","rdfs:label":"חבקוק ב יז","jbo:sefer":"jbr:tanach-22","titles":[{"title":"חבקוק ב יז"},{"title":"חבקוק פרק ב פסוק יז"}]},{"uri":"jbr:tanach-22-2-18","jbo:text":"מה הועיל פסל כי פסלו יצרו מסכה ומורה שקר כי בטח יצר יצרו עליו לעשות אלילים אלמים","jbo:textNikud":"מָה הוֹעִיל פֶּסֶל כִּי פְסָלוֹ יֹצְרוֹ מַסֵּכָה וּמוֹרֶה שָּׁקֶר כִּי בָטַח יֹצֵר יִצְרוֹ עָלָיו לַעֲשׂוֹת אֱלִילִים אִלְּמִים","rdfs:label":"חבקוק ב יח","jbo:sefer":"jbr:tanach-22","titles":[{"title":"חבקוק ב יח"},{"title":"חבקוק פרק ב פסוק יח"}]},{"uri":"jbr:tanach-22-2-19","jbo:text":"הוי אמר לעץ הקיצה עורי לאבן דומם הוא יורה הנה הוא תפוש זהב וכסף וכל רוח אין בקרבו","jbo:textNikud":"הוֹי אֹמֵר לָעֵץ הָקִיצָה עוּרִי לְאֶבֶן דּוּמָם הוּא יוֹרֶה הִנֵּה הוּא תָּפוּשׂ זָהָב וָכֶסֶף וְכָל רוּחַ אֵין בְּקִרְבּוֹ","rdfs:label":"חבקוק ב יט","jbo:sefer":"jbr:tanach-22","titles":[{"title":"חבקוק ב יט"},{"title":"חבקוק פרק ב פסוק יט"}]},{"uri":"jbr:tanach-22-2-20","jbo:text":"ויהוה בהיכל קדשו הס מפניו כל הארץ","jbo:textNikud":"וַיהוָה בְּהֵיכַל קָדְשׁוֹ הַס מִפָּנָיו כָּל הָאָרֶץ","rdfs:label":"חבקוק ב כ","jbo:sefer":"jbr:tanach-22","titles":[{"title":"חבקוק ב כ"},{"title":"חבקוק פרק ב פסוק כ"}]},{"uri":"jbr:tanach-22-3-1","jbo:text":"תפלה לחבקוק הנביא על שגינות","jbo:textNikud":"תְּפִלָּה לַחֲבַקּוּק הַנָּבִיא עַל שִׁגְיֹנוֹת","rdfs:label":"חבקוק ג א","jbo:sefer":"jbr:tanach-22","titles":[{"title":"חבקוק ג א"},{"title":"חבקוק פרק ג פסוק א"}]},{"uri":"jbr:tanach-22-3-2","jbo:text":"יהוה שמעתי שמעך יראתי יהוה פעלך בקרב שנים חייהו בקרב שנים תודיע ברגז רחם תזכור","jbo:textNikud":"יְהוָה שָׁמַעְתִּי שִׁמְעֲךָ יָרֵאתִי יְהוָה פָּעָלְךָ בְּקֶרֶב שָׁנִים חַיֵּיהוּ בְּקֶרֶב שָׁנִים תּוֹדִיעַ בְּרֹגֶז רַחֵם תִּזְכּוֹר","rdfs:label":"חבקוק ג ב","jbo:sefer":"jbr:tanach-22","titles":[{"title":"חבקוק ג ב"},{"title":"חבקוק פרק ג פסוק ב"}]},{"uri":"jbr:tanach-22-3-3","jbo:text":"אלוה מתימן יבוא וקדוש מהר פארן סלה כסה שמים הודו ותהלתו מלאה הארץ","jbo:textNikud":"אֱלוֹהַ מִתֵּימָן יָבוֹא וְקָדוֹשׁ מֵהַר פָּארָן סֶלָה כִּסָּה שָׁמַיִם הוֹדוֹ וּתְהִלָּתוֹ מָלְאָה הָאָרֶץ","rdfs:label":"חבקוק ג ג","jbo:sefer":"jbr:tanach-22","titles":[{"title":"חבקוק ג ג"},{"title":"חבקוק פרק ג פסוק ג"}]},{"uri":"jbr:tanach-22-3-4","jbo:text":"ונגה כאור תהיה קרנים מידו לו ושם חביון עזה","jbo:textNikud":"וְנֹגַהּ כָּאוֹר תִּהְיֶה קַרְנַיִם מִיָּדוֹ לוֹ וְשָׁם חֶבְיוֹן עֻזֹּה","rdfs:label":"חבקוק ג ד","jbo:sefer":"jbr:tanach-22","titles":[{"title":"חבקוק ג ד"},{"title":"חבקוק פרק ג פסוק ד"}]},{"uri":"jbr:tanach-22-3-5","jbo:text":"לפניו ילך דבר ויצא רשף לרגליו","jbo:textNikud":"לְפָנָיו יֵלֶךְ דָּבֶר וְיֵצֵא רֶשֶׁף לְרַגְלָיו","rdfs:label":"חבקוק ג ה","jbo:sefer":"jbr:tanach-22","titles":[{"title":"חבקוק ג ה"},{"title":"חבקוק פרק ג פסוק ה"}]},{"uri":"jbr:tanach-22-3-6","jbo:text":"עמד וימדד ארץ ראה ויתר גוים ויתפצצו הררי עד שחו גבעות עולם הליכות עולם לו","jbo:textNikud":"עָמַד וַיְמֹדֶד אֶרֶץ רָאָה וַיַּתֵּר גּוֹיִם וַיִּתְפֹּצְצוּ הַרְרֵי עַד שַׁחוּ גִּבְעוֹת עוֹלָם הֲלִיכוֹת עוֹלָם לוֹ","rdfs:label":"חבקוק ג ו","jbo:sefer":"jbr:tanach-22","titles":[{"title":"חבקוק ג ו"},{"title":"חבקוק פרק ג פסוק ו"}]},{"uri":"jbr:tanach-22-3-7","jbo:text":"תחת און ראיתי אהלי כושן ירגזון יריעות ארץ מדין","jbo:textNikud":"תַּחַת אָוֶן רָאִיתִי אָהֳלֵי כוּשָׁן יִרְגְּזוּן יְרִיעוֹת אֶרֶץ מִדְיָן","rdfs:label":"חבקוק ג ז","jbo:sefer":"jbr:tanach-22","titles":[{"title":"חבקוק ג ז"},{"title":"חבקוק פרק ג פסוק ז"}]},{"uri":"jbr:tanach-22-3-8","jbo:text":"הבנהרים חרה יהוה אם בנהרים אפך אם בים עברתך כי תרכב על סוסיך מרכבתיך ישועה","jbo:textNikud":"הֲבִנְהָרִים חָרָה יְהוָה אִם בַּנְּהָרִים אַפֶּךָ אִם בַּיָּם עֶבְרָתֶךָ כִּי תִרְכַּב עַל סוּסֶיךָ מַרְכְּבֹתֶיךָ יְשׁוּעָה","rdfs:label":"חבקוק ג ח","jbo:sefer":"jbr:tanach-22","titles":[{"title":"חבקוק ג ח"},{"title":"חבקוק פרק ג פסוק ח"}]},{"uri":"jbr:tanach-22-3-9","jbo:text":"עריה תעור קשתך שבעות מטות אמר סלה נהרות תבקע ארץ","jbo:textNikud":"עֶרְיָה תֵעוֹר קַשְׁתֶּךָ שְׁבֻעוֹת מַטּוֹת אֹמֶר סֶלָה נְהָרוֹת תְּבַקַּע אָרֶץ","rdfs:label":"חבקוק ג ט","jbo:sefer":"jbr:tanach-22","titles":[{"title":"חבקוק ג ט"},{"title":"חבקוק פרק ג פסוק ט"}]},{"uri":"jbr:tanach-22-3-10","jbo:text":"ראוך יחילו הרים זרם מים עבר נתן תהום קולו רום ידיהו נשא","jbo:textNikud":"רָאוּךָ יָחִילוּ הָרִים זֶרֶם מַיִם עָבָר נָתַן תְּהוֹם קוֹלוֹ רוֹם יָדֵיהוּ נָשָׂא","rdfs:label":"חבקוק ג י","jbo:sefer":"jbr:tanach-22","titles":[{"title":"חבקוק ג י"},{"title":"חבקוק פרק ג פסוק י"}]},{"uri":"jbr:tanach-22-3-11","jbo:text":"שמש ירח עמד זבלה לאור חציך יהלכו לנגה ברק חניתך","jbo:textNikud":"שֶׁמֶשׁ יָרֵחַ עָמַד זְבֻלָה לְאוֹר חִצֶּיךָ יְהַלֵּכוּ לְנֹגַהּ בְּרַק חֲנִיתֶךָ","rdfs:label":"חבקוק ג יא","jbo:sefer":"jbr:tanach-22","titles":[{"title":"חבקוק ג יא"},{"title":"חבקוק פרק ג פסוק יא"}]},{"uri":"jbr:tanach-22-3-12","jbo:text":"בזעם תצעד ארץ באף תדוש גוים","jbo:textNikud":"בְּזַעַם תִּצְעַד אָרֶץ בְּאַף תָּדוּשׁ גּוֹיִם","rdfs:label":"חבקוק ג יב","jbo:sefer":"jbr:tanach-22","titles":[{"title":"חבקוק ג יב"},{"title":"חבקוק פרק ג פסוק יב"}]},{"uri":"jbr:tanach-22-3-13","jbo:text":"יצאת לישע עמך לישע את משיחך מחצת ראש מבית רשע ערות יסוד עד צואר סלה","jbo:textNikud":"יָצָאתָ לְיֵשַׁע עַמֶּךָ לְיֵשַׁע אֶת מְשִׁיחֶךָ מָחַצְתָּ רֹּאשׁ מִבֵּית רָשָׁע עָרוֹת יְסוֹד עַד צַוָּאר סֶלָה","rdfs:label":"חבקוק ג יג","jbo:sefer":"jbr:tanach-22","titles":[{"title":"חבקוק ג יג"},{"title":"חבקוק פרק ג פסוק יג"}]},{"uri":"jbr:tanach-22-3-14","jbo:text":"נקבת במטיו ראש (פרזו) פרזיו יסערו להפיצני עליצתם כמו לאכל עני במסתר","jbo:textNikud":"נָקַבְתָּ בְמַטָּיו רֹאשׁ (פרזו) פְּרָזָיו יִסְעֲרוּ לַהֲפִיצֵנִי עֲלִיצֻתָם כְּמוֹ לֶאֱכֹל עָנִי בַּמִּסְתָּר","rdfs:label":"חבקוק ג יד","jbo:sefer":"jbr:tanach-22","titles":[{"title":"חבקוק ג יד"},{"title":"חבקוק פרק ג פסוק יד"}]},{"uri":"jbr:tanach-22-3-15","jbo:text":"דרכת בים סוסיך חמר מים רבים","jbo:textNikud":"דָּרַכְתָּ בַיָּם סוּסֶיךָ חֹמֶר מַיִם רַבִּים","rdfs:label":"חבקוק ג טו","jbo:sefer":"jbr:tanach-22","titles":[{"title":"חבקוק ג טו"},{"title":"חבקוק פרק ג פסוק טו"}]},{"uri":"jbr:tanach-22-3-16","jbo:text":"שמעתי ותרגז בטני לקול צללו שפתי יבוא רקב בעצמי ותחתי ארגז אשר אנוח ליום צרה לעלות לעם יגודנו","jbo:textNikud":"שָׁמַעְתִּי וַתִּרְגַּז בִּטְנִי לְקוֹל צָלֲלוּ שְׂפָתַי יָבוֹא רָקָב בַּעֲצָמַי וְתַחְתַּי אֶרְגָּז אֲשֶׁר אָנוּחַ לְיוֹם צָרָה לַעֲלוֹת לְעַם יְגוּדֶנּוּ","rdfs:label":"חבקוק ג טז","jbo:sefer":"jbr:tanach-22","titles":[{"title":"חבקוק ג טז"},{"title":"חבקוק פרק ג פסוק טז"}]},{"uri":"jbr:tanach-22-3-17","jbo:text":"כי תאנה לא תפרח ואין יבול בגפנים כחש מעשה זית ושדמות לא עשה אכל גזר ממכלה צאן ואין בקר ברפתים","jbo:textNikud":"כִּי תְאֵנָה לֹא תִפְרָח וְאֵין יְבוּל בַּגְּפָנִים כִּחֵשׁ מַעֲשֵׂה זַיִת וּשְׁדֵמוֹת לֹא עָשָׂה אֹכֶל גָּזַר מִמִּכְלָה צֹאן וְאֵין בָּקָר בָּרְפָתִים","rdfs:label":"חבקוק ג יז","jbo:sefer":"jbr:tanach-22","titles":[{"title":"חבקוק ג יז"},{"title":"חבקוק פרק ג פסוק יז"}]},{"uri":"jbr:tanach-22-3-18","jbo:text":"ואני ביהוה אעלוזה אגילה באלהי ישעי","jbo:textNikud":"וַאֲנִי בַּיהוָה אֶעְלוֹזָה אָגִילָה בֵּאלֹהֵי יִשְׁעִי","rdfs:label":"חבקוק ג יח","jbo:sefer":"jbr:tanach-22","titles":[{"title":"חבקוק ג יח"},{"title":"חבקוק פרק ג פסוק יח"}]},{"uri":"jbr:tanach-22-3-19","jbo:text":"יהוה אדני חילי וישם רגלי כאילות ועל במותי ידרכני למנצח בנגינותי","jbo:textNikud":"יְהוִה אֲדֹנָי חֵילִי וַיָּשֶׂם רַגְלַי כָּאַיָּלוֹת וְעַל בָּמוֹתַי יַדְרִכֵנִי לַמְנַצֵּחַ בִּנְגִינוֹתָי","rdfs:label":"חבקוק ג יט","jbo:sefer":"jbr:tanach-22","titles":[{"title":"חבקוק ג יט"},{"title":"חבקוק פרק ג פסוק יט"}]}]}